Car Body,Welding Spot,Date,current_mean,current_std,current_min,current_max,current_median,current_range,current_non_zero_count,current_non_zero_ratio,current_peak_position,current_peak_value,current_first_non_zero,current_last_non_zero,current_area,voltage_mean,voltage_std,voltage_min,voltage_max,voltage_median,voltage_range,voltage_non_zero_count,voltage_non_zero_ratio,voltage_peak_position,voltage_peak_value,voltage_first_non_zero,voltage_last_non_zero,voltage_area,force_mean,force_std,force_min,force_max,force_median,force_range,force_non_zero_count,force_non_zero_ratio,force_peak_position,force_peak_value,force_first_non_zero,force_last_non_zero,force_area,Fault
0,0,2023-06-13,0.5141071257389382,0.3387317413476039,0.0,0.7670554401661607,0.7429301805400224,0.7670554401661607,704,0.704,210,0.7670554401661607,0,709,514.0814826649629,0.3018965517241379,0.20256995170296616,0.0,0.5090744101633394,0.3986690865093769,0.5090744101633394,700,0.7,194,0.5090744101633394,0,709,301.8805202661823,0.19868341708542822,0.13213754462195645,0.0,0.3165829145728643,0.2864321608040201,0.3165829145728643,694,0.694,707,0.3165829145728643,0,709,198.5603015075386,0
0,1,2023-06-13,0.4832287106566531,0.3179407441167665,0.0,0.728950311551366,0.6917239175587154,0.728950311551366,704,0.704,678,0.728950311551366,0,709,483.20015178143393,0.30792891712038584,0.20485427846724563,0.0,0.4758015728977616,0.4346642468239564,0.4758015728977616,700,0.7,371,0.4758015728977616,0,709,307.91303690260133,0.1998090452261305,0.13304947566857384,0.0,0.3165829145728643,0.2864321608040201,0.3165829145728643,694,0.694,707,0.3165829145728643,0,709,199.68592964824097,0
0,2,2023-06-13,0.5160621505032752,0.340744420940953,0.0,0.7752037066624061,0.7507589071736699,0.7752037066624061,704,0.704,323,0.7752037066624061,0,709,516.0347100175752,0.30571536600120847,0.20340723854627157,0.0,0.4818511796733212,0.4192377495462795,0.4818511796733212,700,0.7,219,0.4818511796733212,0,709,305.6993345432536,0.19723618090452505,0.1311048920324123,0.0,0.3165829145728643,0.2864321608040201,0.3165829145728643,694,0.694,707,0.3165829145728643,0,709,197.1130653266356,0
0,3,2023-06-13,0.31613931938009365,0.308400699219332,0.0,0.6596900463332801,0.4682856686371625,0.6596900463332801,523,0.523,209,0.6596900463332801,0,529,316.119947275923,0.19910375075620015,0.19853567239123615,0.0,0.5381125226860254,0.3124621899576527,0.5381125226860254,520,0.52,133,0.5381125226860254,0,529,199.0933151845122,0.14761809045226112,0.14373323044551825,0.0,0.3165829145728643,0.271356783919598,0.3165829145728643,514,0.514,527,0.3165829145728643,0,529,147.4949748743716,0
0,4,2023-06-13,0.3111222239974446,0.30327145014133566,0.0,0.6459498322415721,0.4678862438089151,0.6459498322415721,523,0.523,251,0.6459498322415721,0,529,311.1031714331367,0.19139080459770055,0.18883776311028008,0.0,0.4939503932244404,0.30323653962492436,0.4939503932244404,520,0.52,134,0.4939503932244404,0,529,191.3811252268596,0.14693467336683425,0.14314486459983963,0.0,0.3165829145728643,0.2663316582914573,0.3165829145728643,514,0.514,527,0.3165829145728643,0,529,146.81155778894467,0
0,5,2023-06-13,0.2922915002396541,0.2950066329238933,0.0,0.6332481227033072,0.12665761303722634,0.6332481227033072,504,0.504,138,0.6332481227033072,0,509,292.27660169356113,0.21369116757410747,0.21755024744023577,0.0,0.5626134301270418,0.01088929219600725,0.5626134301270418,500,0.5,131,0.5626134301270418,0,509,213.67800967937075,0.14102010050251276,0.14326870504547679,0.0,0.3165829145728643,0.0,0.3165829145728643,493,0.493,507,0.3165829145728643,0,507,140.89698492462333,0
0,6,2023-06-13,0.3053169835436969,0.30983740183245234,0.0,0.6696756670394631,0.1312909410448953,0.6696756670394631,504,0.504,306,0.6696756670394631,0,509,305.30256430739763,0.20421506352087193,0.21139632182576237,0.0,0.5414398064125832,0.0084694494857834,0.5414398064125832,500,0.5,135,0.5414398064125832,0,509,204.2055353902004,0.1476080402010061,0.15030822973195096,0.0,0.3266331658291457,0.0,0.3266331658291457,494,0.494,314,0.3266331658291457,0,509,147.48492462311663,0
0,7,2023-06-13,0.48621616871704515,0.3201367254168174,0.0,0.8890397827128934,0.6798210576769452,0.8890397827128934,705,0.705,39,0.8890397827128934,0,719,486.1795814027796,0.3004534180278286,0.20104225538162157,0.0,0.5595886267392619,0.4013914095583787,0.5595886267392619,700,0.7,49,0.5595886267392619,0,719,300.4358741681801,0.19976884422110558,0.13329239117031524,0.0,0.3165829145728643,0.2864321608040201,0.3165829145728643,694,0.694,717,0.3165829145728643,0,719,199.64572864321585,0
0,8,2023-06-13,0.3017093784949685,0.2813624763314133,0.0,0.6171113596421154,0.467007509186771,0.6171113596421154,544,0.544,211,0.6171113596421154,0,549,301.69487937370144,0.2148236539624925,0.2034036369353237,0.0,0.5353901996370236,0.3569267997580157,0.5353901996370236,540,0.54,155,0.5353901996370236,0,549,214.8121597096191,0.16416080402010175,0.15449901981096145,0.0,0.3266331658291457,0.2663316582914573,0.3266331658291457,534,0.534,217,0.3266331658291457,0,549,164.0376884422123,0
0,9,2023-06-13,0.3064456782233591,0.3100438089372303,0.0,0.6753474996005752,0.14299408851254192,0.6753474996005752,504,0.504,500,0.6753474996005752,0,509,306.431139159611,0.2128091349062313,0.21621971203826937,0.0,0.5381125226860254,0.0083182093163944,0.5381125226860254,500,0.5,130,0.5381125226860254,0,509,212.7986993345431,0.14040201005025219,0.14232131670255707,0.0,0.3266331658291457,0.0,0.3266331658291457,494,0.494,507,0.3266331658291457,0,509,140.2788944723627,1
0,10,2023-06-13,0.5005714171592907,0.3289709933007044,0.0,0.889998402300687,0.7014698833679501,0.889998402300687,705,0.705,16,0.889998402300687,0,719,500.52955743728967,0.3095710828796131,0.20682560894697966,0.0,0.5471869328493648,0.4228675136116152,0.5471869328493648,700,0.7,49,0.5471869328493648,0,719,309.55399274047096,0.1966130653266352,0.13106276414469792,0.0,0.3165829145728643,0.2864321608040201,0.3165829145728643,694,0.694,717,0.3165829145728643,0,719,196.48994974874532,1
0,11,2023-06-13,0.3060138200990566,0.28528408119018467,0.0,0.6099217127336636,0.4735580763700271,0.6099217127336636,544,0.544,185,0.6099217127336636,0,549,305.99828247323796,0.21244888082274724,0.19986732515012837,0.0,0.5290381125226861,0.3402903811252268,0.5290381125226861,540,0.54,152,0.5290381125226861,0,549,212.43753781004278,0.1659698492462324,0.1561964913352935,0.0,0.3266331658291457,0.2663316582914573,0.3266331658291457,534,0.534,164,0.3266331658291457,0,549,165.84673366834298,0
0,12,2023-06-13,0.3166834957660966,0.29567831815566203,0.0,0.6281354849017415,0.4778718645150983,0.6281354849017415,544,0.544,467,0.6281354849017415,0,549,316.6675187729667,0.21394494857834223,0.2016994075012713,0.0,0.5060496067755595,0.3445251058681186,0.5060496067755595,540,0.54,137,0.5060496067755595,0,549,213.935117967332,0.15243216080402117,0.14255710547002498,0.0,0.3165829145728643,0.271356783919598,0.3165829145728643,534,0.534,547,0.3165829145728643,0,549,152.30904522613162,0
0,13,2023-06-13,0.4761352452468446,0.3141391707389309,0.0,0.8953506949992012,0.6671193481386803,0.8953506949992012,705,0.705,28,0.8953506949992012,0,709,476.09490333919075,0.30320629159104745,0.2073542209861739,0.0,0.7226255293405929,0.396854204476709,0.7226255293405929,700,0.7,18,0.7226255293405929,0,709,303.1893526920762,0.1983618090452275,0.13192838573312182,0.0,0.3165829145728643,0.2864321608040201,0.3165829145728643,694,0.694,707,0.3165829145728643,0,709,198.2386934673378,0
0,14,2023-06-13,0.2314638121105597,0.28716680187707255,0.0,0.6575331522607445,0.0,0.6575331522607445,404,0.404,233,0.6575331522607445,0,409,231.44963252915784,0.1394516031457951,0.1761027144288942,0.0,0.4667271627344223,0.0,0.4667271627344223,400,0.4,163,0.4667271627344223,0,409,139.43965517241384,0.1174974874371865,0.14663778756308182,0.0,0.3266331658291457,0.0,0.3266331658291457,394,0.394,239,0.3266331658291457,0,409,117.37437185929706,0
0,15,2023-06-13,0.3132189646908445,0.30543428037128784,0.0,0.6511423550087874,0.464770730148586,0.6511423550087874,523,0.523,154,0.6511423550087874,0,529,313.2062230388245,0.2023542044767094,0.19939774673963612,0.0,0.5030248033877798,0.322746521476104,0.5030248033877798,520,0.52,131,0.5030248033877798,0,529,202.34830611010295,0.0,0.0,0.0,0.0,0.0,0.0,0,0.0,0,0.0,-1,-1,0.0,0
0,16,2023-06-13,0.3178296053682687,0.2968549387999879,0.0,0.6334078926346062,0.4769132449273047,0.6334078926346062,544,0.544,268,0.6334078926346062,0,549,317.8147068221757,0.22089413188142748,0.20856917651692128,0.0,0.5232909860859044,0.3487598306110103,0.5232909860859044,540,0.54,131,0.5232909860859044,0,549,220.88399879007835,0.15119597989949896,0.1413424345193746,0.0,0.3165829145728643,0.271356783919598,0.3165829145728643,534,0.534,547,0.3165829145728643,0,549,151.07286432160947,0
0,17,2023-06-13,0.3132803962294305,0.3053919058039245,0.0,0.6493050007988497,0.4685253235341108,0.6493050007988497,524,0.524,175,0.6493050007988497,0,529,313.267694519892,0.19737628554143966,0.19302645948209765,0.0,0.4667271627344223,0.32153660012099217,0.4667271627344223,520,0.52,132,0.4667271627344223,0,529,197.3708408953419,0.0,0.0,0.0,0.0,0.0,0.0,0,0.0,0,0.0,-1,-1,0.0,0
0,18,2023-06-13,0.25008867231187076,0.29705538418498256,0.0,0.6529797092187251,0.0,0.6529797092187251,424,0.424,269,0.6529797092187251,0,429,250.0746125579168,0.17000665456745273,0.2021226822425186,0.0,0.4637023593466424,0.0,0.4637023593466424,420,0.42,132,0.4637023593466424,0,429,169.99667271627334,0.11680402010050331,0.1391257976655357,0.0,0.3165829145728643,0.0,0.3165829145728643,414,0.414,427,0.3165829145728643,0,429,116.68090452261387,0
0,19,2023-06-13,0.2491127176865324,0.29607637425060224,0.0,0.6484262661767055,0.0,0.6484262661767055,424,0.424,209,0.6484262661767055,0,429,249.09745965809253,0.17271203871748336,0.2064742583712078,0.0,0.5030248033877798,0.0,0.5030248033877798,420,0.42,132,0.5030248033877798,0,429,172.70220810647302,0.1166432160804028,0.13888442320147076,0.0,0.3165829145728643,0.0,0.3165829145728643,414,0.414,427,0.3165829145728643,0,429,116.52010050251334,0
0,20,2023-06-13,0.27496844543856913,0.3022682387622091,0.0,0.6500239654896949,0.0,0.6500239654896949,463,0.463,147,0.6500239654896949,0,469,274.95442562709707,0.17985722928009695,0.1983959600744526,0.0,0.4939503932244404,0.0,0.4939503932244404,460,0.46,131,0.4939503932244404,0,469,179.85148215365996,0.0,0.0,0.0,0.0,0.0,0.0,0,0.0,0,0.0,-1,-1,0.0,0
0,21,2023-06-13,0.27912573893593245,0.3070384464893379,0.0,0.6769451989135644,0.0,0.6769451989135644,463,0.463,450,0.6769451989135644,0,469,279.1058475794856,0.16077707199032085,0.17657561362790813,0.0,0.4277071990320629,0.0,0.4277071990320629,460,0.46,139,0.4277071990320629,0,469,160.76542649727787,0.13052261306532634,0.1433652862899442,0.0,0.3165829145728643,0.0,0.3165829145728643,454,0.454,467,0.3165829145728643,0,469,130.39949748743692,0
0,22,2023-06-13,0.23387034670075071,0.2901258809381915,0.0,0.6455504074133248,0.0,0.6455504074133248,404,0.404,228,0.6455504074133248,0,409,233.85640677424558,0.14896854204476742,0.18646545563072822,0.0,0.469751966122202,0.0,0.469751966122202,400,0.4,168,0.469751966122202,0,409,148.95659407138555,0.1108542713567846,0.1378693745736968,0.0,0.3165829145728643,0.0,0.3165829145728643,394,0.394,407,0.3165829145728643,0,409,110.73115577889517,0
0,23,2023-06-13,0.32026633647547487,0.3130947045856013,0.0,0.6774245087074613,0.4675667039463173,0.6774245087074613,523,0.523,487,0.6774245087074613,0,529,320.2477632209618,0.18809770114942578,0.18316207092779646,0.0,0.4065335753176043,0.2968844525105868,0.4065335753176043,520,0.52,227,0.4065335753176043,0,529,188.08575317604345,0.14654773869346768,0.14277516815858005,0.0,0.3165829145728643,0.2663316582914573,0.3165829145728643,514,0.514,527,0.3165829145728643,0,529,146.4246231155782,0
0,24,2023-06-13,0.242543217766416,0.3014832308521895,0.0,0.6822974916120786,0.0,0.6822974916120786,404,0.404,203,0.6822974916120786,0,409,242.528518932737,0.15666757410768264,0.19684322037643354,0.0,0.5199637023593466,0.0,0.5199637023593466,400,0.4,139,0.5199637023593466,0,409,156.6563823351479,0.11082412060301576,0.13781759375806812,0.0,0.3165829145728643,0.0,0.3165829145728643,394,0.394,407,0.3165829145728643,0,409,110.70100502512632,0
0,25,2023-06-13,0.31332105767694496,0.30537745993549237,0.0,0.6497843105927464,0.47012302284710017,0.6497843105927464,524,0.524,433,0.6497843105927464,0,529,313.3083559674073,0.19474198427102238,0.19283371776629357,0.0,0.4939503932244404,0.293557168784029,0.4939503932244404,520,0.52,153,0.4939503932244404,0,529,194.7362371445855,0.0,0.0,0.0,0.0,0.0,0.0,0,0.0,0,0.0,-1,-1,0.0,0
0,26,2023-06-13,0.2286687969324166,0.28318955366415194,0.0,0.6217446876497843,0.0,0.6217446876497843,404,0.404,197,0.6217446876497843,0,409,228.65417798370328,0.15286206896551713,0.19184291318628285,0.0,0.5,0.0,0.5,400,0.4,144,0.5,0,409,152.85027223230495,0.11048241206030218,0.1374126831804522,0.0,0.3165829145728643,0.0,0.3165829145728643,394,0.394,407,0.3165829145728643,0,409,110.35929648241274,0
0,27,2023-06-13,0.3132222399744369,0.30540220016037617,0.0,0.6516216648026841,0.46892474836235815,0.6516216648026841,523,0.523,171,0.6516216648026841,0,529,313.2082201629654,0.20017513611615215,0.19946229226609954,0.0,0.5263157894736842,0.30626134301270413,0.5263157894736842,520,0.52,141,0.5263157894736842,0,529,200.1699939503928,0.0,0.0,0.0,0.0,0.0,0.0,0,0.0,0,0.0,-1,-1,0.0,0
0,28,2023-06-13,0.23698370346700756,0.28142337736975404,0.0,0.6164722799169197,0.0,0.6164722799169197,424,0.424,138,0.6164722799169197,0,429,236.96920434574224,0.17050483968542057,0.20315942656110095,0.0,0.4969751966122202,0.0,0.4969751966122202,420,0.42,131,0.4969751966122202,0,429,170.4951603145795,0.1271356783919605,0.15235116840106314,0.0,0.3266331658291457,0.0,0.3266331658291457,414,0.414,149,0.3266331658291457,0,429,127.01256281407103,0
0,29,2023-06-13,0.3242069020610318,0.3167946479105824,0.0,0.6822176066464292,0.4708419875379454,0.6822176066464292,523,0.523,519,0.6822176066464292,0,529,324.1868509346537,0.19157985480943693,0.18750998594185614,0.0,0.4186327888687235,0.28342407743496667,0.4186327888687235,520,0.52,202,0.4186327888687235,0,529,191.57002419842658,0.1453668341708557,0.14146302691923296,0.0,0.3165829145728643,0.271356783919598,0.3165829145728643,514,0.514,527,0.3165829145728643,0,529,145.2437185929662,0
0,30,2023-06-13,0.4879655695798011,0.3063746939324822,0.0,0.719843425467327,0.6789023805719764,0.719843425467327,724,0.724,658,0.719843425467327,0,729,487.9401661607307,0.2951194797338187,0.18831853103975213,0.0,0.4667271627344223,0.3989715668481549,0.4667271627344223,720,0.72,258,0.4667271627344223,0,729,295.1048094373867,0.20124623115578133,0.12787811265683569,0.0,0.3165829145728643,0.2814070351758794,0.3165829145728643,714,0.714,727,0.3165829145728643,0,729,201.12311557789187,0
0,31,2023-06-13,0.29683751397986835,0.29983820478681794,0.0,0.6658411886882889,0.14491132768812903,0.6658411886882889,504,0.504,393,0.6658411886882889,0,509,296.82317462853496,0.2197068965517235,0.22648201980086122,0.0,0.5381125226860254,0.0083182093163944,0.5381125226860254,500,0.5,216,0.5381125226860254,0,509,219.69540229885038,0.14409547738693576,0.1465676226297386,0.0,0.3266331658291457,0.0,0.3266331658291457,494,0.494,398,0.3266331658291457,0,509,143.97236180904628,0
0,32,2023-06-13,0.440446556957979,0.35388939394308067,0.0,0.8839271449113277,0.6862917398945518,0.8839271449113277,615,0.615,25,0.8839271449113277,0,629,440.40845182936573,0.2655284331518453,0.21808095687783302,0.0,0.6228070175438597,0.3835450695704779,0.6228070175438597,610,0.61,39,0.6228070175438597,0,629,265.50892316999403,0.17250251256281435,0.1400148631935303,0.0,0.3165829145728643,0.2663316582914573,0.3165829145728643,604,0.604,627,0.3165829145728643,0,629,172.37939698492485,0
0,33,2023-06-13,0.3080401821377205,0.28741092520685285,0.0,0.6188688288864036,0.4708419875379454,0.6188688288864036,544,0.544,453,0.6188688288864036,0,549,308.0244447994892,0.22719086509376857,0.21313499658895588,0.0,0.469751966122202,0.3532970356926799,0.469751966122202,540,0.54,323,0.469751966122202,0,549,227.1807320024196,0.15083417085427284,0.14106680881546999,0.0,0.3165829145728643,0.2663316582914573,0.3165829145728643,534,0.534,547,0.3165829145728643,0,549,150.71105527638335,0
0,34,2023-06-13,0.37207149704425596,0.30916860332941143,0.0,0.672391755871545,0.4798689886563348,0.672391755871545,603,0.603,505,0.672391755871545,0,609,372.0530436171919,0.2443454325468839,0.2053279479004985,0.0,0.4818511796733212,0.337568058076225,0.4818511796733212,600,0.6,179,0.4818511796733212,0,609,244.33408953417992,0.16947738693467385,0.1403924166605581,0.0,0.3165829145728643,0.271356783919598,0.3165829145728643,594,0.594,607,0.3165829145728643,0,609,169.35427135678415,0
0,35,2023-06-13,0.36429269851413953,0.3019306350014814,0.0,0.6477073014858603,0.48322415721361234,0.6477073014858603,604,0.604,198,0.6477073014858603,0,609,364.2799568621194,0.24492861464004737,0.2062790060711067,0.0,0.4818511796733212,0.3321234119782214,0.4818511796733212,600,0.6,188,0.4818511796733212,0,609,244.9230187537808,0.0,0.0,0.0,0.0,0.0,0.0,0,0.0,0,0.0,-1,-1,0.0,0
0,36,2023-06-13,0.32411878894392193,0.2906840504400296,0.0,0.6171113596421154,0.4791500239654896,0.6171113596421154,564,0.564,224,0.6171113596421154,0,569,324.1115593545292,0.260513006654568,0.23530756751151516,0.0,0.5595886267392619,0.4122807017543859,0.5595886267392619,560,0.56,164,0.5595886267392619,0,569,260.5042347247428,0.0,0.0,0.0,0.0,0.0,0.0,0,0.0,0,0.0,-1,-1,0.0,0
0,37,2023-06-13,0.4679805080683797,0.2925963404371555,0.0,0.6774245087074613,0.6481866112797572,0.6774245087074613,724,0.724,670,0.6774245087074613,0,729,467.9513101134371,0.28754083484573467,0.18359170481311746,0.0,0.469751966122202,0.3793103448275862,0.469751966122202,720,0.72,260,0.469751966122202,0,729,287.52616454930416,0.2018040201005045,0.12829508081732988,0.0,0.3165829145728643,0.2864321608040201,0.3165829145728643,714,0.714,727,0.3165829145728643,0,729,201.680904522615,0
0,38,2023-06-13,0.43598418277679957,0.35008252321671496,0.0,0.8874420833999042,0.6855727752037066,0.8874420833999042,615,0.615,32,0.8874420833999042,0,629,435.9424428822499,0.268420145190562,0.2192975212018419,0.0,0.5747126436781609,0.3909558378705384,0.5747126436781609,610,0.61,49,0.5747126436781609,0,629,268.4021476104052,0.17275376884422133,0.14022307745778162,0.0,0.3165829145728643,0.26884422110552764,0.3165829145728643,604,0.604,627,0.3165829145728643,0,629,172.6306532663318,0
0,39,2023-06-13,0.239008228151462,0.28383242820762444,0.0,0.6205464131650423,0.0,0.6205464131650423,424,0.424,295,0.6205464131650423,0,429,238.9948474197151,0.15574016938898927,0.1869488057137104,0.0,0.4367816091954023,0.0,0.4367816091954023,420,0.42,142,0.4367816091954023,0,429,155.72988505747128,0.11652261306532735,0.13882419154337808,0.0,0.3165829145728643,0.0,0.3165829145728643,414,0.414,427,0.3165829145728643,0,429,116.39949748743791,0
0,40,2023-06-13,0.28389047771209436,0.2866338557549072,0.0,0.6111998721840549,0.14914523086755072,0.6111998721840549,504,0.504,165,0.6111998721840549,0,509,283.8772567502793,0.20767695099818517,0.21613991359759827,0.0,0.4939503932244404,0.0068058076225045,0.4939503932244404,500,0.5,305,0.4939503932244404,0,509,207.66530550514227,0.1390201005025138,0.14087129040938332,0.0,0.3165829145728643,0.0,0.3165829145728643,494,0.494,507,0.3165829145728643,0,509,138.89698492462432,0
0,41,2023-06-13,0.22613876018533302,0.27966966523846826,0.0,0.6164722799169197,0.0,0.6164722799169197,404,0.404,289,0.6164722799169197,0,409,226.1254992810353,0.14975287356321834,0.1871750189247271,0.0,0.4579552329098608,0.0,0.4579552329098608,400,0.4,143,0.4579552329098608,0,409,149.74122807017548,0.11113065326633237,0.1379897827629494,0.0,0.3165829145728643,0.0,0.3165829145728643,394,0.394,407,0.3165829145728643,0,409,111.00753768844294,0
0,42,2023-06-13,0.22831418756989885,0.2824236752774462,0.0,0.6222239974436811,0.0,0.6222239974436811,404,0.404,144,0.6222239974436811,0,409,228.29956862118516,0.14829128856624327,0.18586460669921118,0.0,0.4637023593466424,0.0,0.4637023593466424,400,0.4,144,0.4637023593466424,0,409,148.2813067150634,0.11095477386934745,0.1377043603020278,0.0,0.3165829145728643,0.0,0.3165829145728643,394,0.394,407,0.3165829145728643,0,409,110.831658291458,0
0,43,2023-06-13,0.45039527081003344,0.2959610201699528,0.0,0.6798210576769452,0.6291739894551845,0.6798210576769452,704,0.704,679,0.6798210576769452,0,709,450.36595302764,0.28844071385359965,0.19234974678193614,0.0,0.454930429522081,0.397459165154265,0.454930429522081,700,0.7,269,0.454930429522081,0,709,288.4264972776763,0.19706532663316673,0.13123501563051754,0.0,0.3165829145728643,0.2864321608040201,0.3165829145728643,694,0.694,707,0.3165829145728643,0,709,196.94221105527717,0
0,44,2023-06-13,0.4643633967087403,0.3048095373458465,0.0,0.6906055280396229,0.6662406135165362,0.6906055280396229,704,0.704,649,0.6906055280396229,0,709,464.3349976034509,0.2893986690865099,0.19315117885742214,0.0,0.4758015728977616,0.4007864488808227,0.4758015728977616,700,0.7,226,0.4758015728977616,0,709,289.3836963097407,0.19684422110553002,0.1308632267350619,0.0,0.3165829145728643,0.2864321608040201,0.3165829145728643,694,0.694,707,0.3165829145728643,0,709,196.72110552764053,0
0,45,2023-06-13,0.3045359482345424,0.3091689418501004,0.0,0.6664003834478351,0.13456622463652335,0.6664003834478351,503,0.503,418,0.6664003834478351,0,509,304.51637641795793,0.19988203266787616,0.20747765254044734,0.0,0.4758015728977616,0.0102843315184513,0.4758015728977616,500,0.5,258,0.4758015728977616,0,509,199.87174833635805,0.13943718592964902,0.14131172352989518,0.0,0.3165829145728643,0.0,0.3165829145728643,494,0.494,507,0.3165829145728643,0,509,139.31407035175954,0
0,46,2023-06-13,0.30481914043776975,0.30991124317994073,0.0,0.672391755871545,0.1370826010544815,0.672391755871545,504,0.504,325,0.672391755871545,0,509,304.79936890877184,0.19493224440411341,0.20250446055123267,0.0,0.4637023593466424,0.0081669691470054,0.4637023593466424,500,0.5,295,0.4637023593466424,0,509,194.92226255293394,0.13910050251256367,0.14098188893525443,0.0,0.3165829145728643,0.0,0.3165829145728643,494,0.494,507,0.3165829145728643,0,509,138.9773869346742,0
0,47,2023-06-13,0.49250191723917497,0.32421956015424874,0.0,0.7420514459178783,0.7071417159290622,0.7420514459178783,704,0.704,706,0.7420514459178783,0,709,492.47575491292577,0.291820024198426,0.19478266120619514,0.0,0.469751966122202,0.3977616454930429,0.469751966122202,700,0.7,216,0.469751966122202,0,709,291.80535390199645,0.19710552763819228,0.13116461819690867,0.0,0.3165829145728643,0.2864321608040201,0.3165829145728643,694,0.694,707,0.3165829145728643,0,709,196.9824120603028,0
0,48,2023-06-13,0.2563191404377689,0.27457602516481494,0.0,0.6089630931458699,0.0,0.6089630931458699,474,0.474,135,0.6089630931458699,0,479,256.3060393034026,0.2017011494252895,0.2248872959708616,0.0,0.6530550514216575,0.0,0.6530550514216575,470,0.47,28,0.6530550514216575,0,479,201.68844525105985,0.13981407035175974,0.15161759804844321,0.0,0.3266331658291457,0.0,0.3266331658291457,463,0.463,252,0.3266331658291457,0,477,139.6909547738703,0
0,49,2023-06-13,0.2980798849656503,0.3164121028809071,0.0,0.907013899984023,0.0,0.907013899984023,485,0.485,14,0.907013899984023,0,499,298.0585556798199,0.2007123411978226,0.2218581417948757,0.0,0.8194192377495463,0.0,0.8194192377495463,480,0.48,10,0.8194192377495463,0,499,200.69630973986682,0.0,0.0,0.0,0.0,0.0,0.0,0,0.0,0,0.0,-1,-1,0.0,0
0,50,2023-06-13,0.28401070458539646,0.3120227966429354,0.0,0.8806518613196996,0.0,0.8806518613196996,466,0.466,59,0.8806518613196996,0,479,283.9882569100488,0.18327102238354503,0.20973670483631962,0.0,0.7316999395039322,0.0,0.7316999395039322,460,0.46,12,0.7316999395039322,0,479,183.25529340592863,0.0,0.0,0.0,0.0,0.0,0.0,0,0.0,0,0.0,-1,-1,0.0,0
0,51,2023-06-13,0.2840016775842773,0.31211962452019226,0.0,0.8563668317622624,0.0,0.8563668317622624,465,0.465,19,0.8563668317622624,0,479,283.9798689886535,0.18865456745311562,0.2132555359514151,0.0,0.7105263157894737,0.0,0.7105263157894737,460,0.46,16,0.7105263157894737,0,479,188.64065335753165,0.0,0.0,0.0,0.0,0.0,0.0,0,0.0,0,0.0,-1,-1,0.0,0
0,52,2023-06-13,0.3250329924908138,0.31687756119823923,0.0,0.6791020929861,0.4873781754273845,0.6791020929861,524,0.524,188,0.6791020929861,0,529,325.01969164403283,0.22602177858439224,0.22117679742196458,0.0,0.5444646098003629,0.382032667876588,0.5444646098003629,520,0.52,132,0.5444646098003629,0,529,226.01013309134927,0.14518090452261442,0.14155388393833898,0.0,0.3165829145728643,0.271356783919598,0.3165829145728643,513,0.513,527,0.3165829145728643,0,527,145.05778894472496,0
0,53,2023-06-13,0.4346465889119658,0.3493731353860493,0.0,0.8848058795334718,0.6696756670394631,0.8848058795334718,615,0.615,32,0.8848058795334718,0,629,434.60496884486287,0.2659395039322441,0.2165802344688992,0.0,0.5955837870538415,0.397156684815487,0.5955837870538415,610,0.61,45,0.5955837870538415,0,629,265.92211131276486,0.17056281407035306,0.1383801934981182,0.0,0.3165829145728643,0.2663316582914573,0.3165829145728643,604,0.604,627,0.3165829145728643,0,629,170.43969849246358,0
0,54,2023-06-13,0.40957637002716096,0.329960514876978,0.0,0.8876018533312031,0.647467646588912,0.8876018533312031,615,0.615,21,0.8876018533312031,0,629,409.53463013261006,0.25389110707804,0.20695515860831848,0.0,0.5683605565638233,0.3765880217785844,0.5683605565638233,610,0.61,48,0.5683605565638233,0,629,253.87341197822104,0.1708241206030169,0.1384417973709952,0.0,0.3165829145728643,0.2763819095477386,0.3165829145728643,604,0.604,627,0.3165829145728643,0,629,170.70100502512742,0
0,55,2023-06-13,0.4235599936092018,0.3405022801565831,0.0,0.8860041540182138,0.6636044096501038,0.8860041540182138,615,0.615,20,0.8860041540182138,0,629,423.51833359961677,0.2594122807017542,0.21163177837931463,0.0,0.5683605565638233,0.3835450695704779,0.5683605565638233,610,0.61,44,0.5683605565638233,0,629,259.3945856019353,0.17198994974874451,0.1395721676773396,0.0,0.3165829145728643,0.2663316582914573,0.3165829145728643,604,0.604,627,0.3165829145728643,0,629,171.86683417085501,0
0,56,2023-06-13,0.42183551685572773,0.3391643023793343,0.0,0.8824892155296373,0.664483144272248,0.8824892155296373,615,0.615,35,0.8824892155296373,0,629,421.7957341428324,0.25924198427102246,0.21131139624845047,0.0,0.5865093768905021,0.3911070780399274,0.5865093768905021,610,0.61,42,0.5865093768905021,0,629,259.2247428917121,0.17172361809045336,0.13933877542163794,0.0,0.3165829145728643,0.2663316582914573,0.3165829145728643,604,0.604,627,0.3165829145728643,0,629,171.60050251256388,0
0,57,2023-06-13,0.42929381690365925,0.3446875112982461,0.0,0.8935133407892635,0.6867710496884486,0.8935133407892635,615,0.615,49,0.8935133407892635,0,629,429.2535548809714,0.25504688445251095,0.20763961194564037,0.0,0.5955837870538415,0.3923169993950393,0.5955837870538415,610,0.61,46,0.5955837870538415,0,629,255.02949183303065,0.17227135678392064,0.13967521551494388,0.0,0.3165829145728643,0.2763819095477386,0.3165829145728643,604,0.604,627,0.3165829145728643,0,629,172.14824120603114,0
0,58,2023-06-13,0.30493553283272007,0.29695381155077466,0.0,0.6328486978750599,0.4652899824253075,0.6328486978750599,524,0.524,330,0.6328486978750599,0,529,304.92191244607744,0.2246158499697521,0.220736242343198,0.0,0.5505142165759226,0.366908650937689,0.5505142165759226,520,0.52,130,0.5505142165759226,0,529,224.60405323654007,0.1458743718592972,0.14236351709877199,0.0,0.3165829145728643,0.2663316582914573,0.3165829145728643,513,0.513,527,0.3165829145728643,0,527,145.75125628140773,0
0,59,2023-06-13,0.4364864994408051,0.3503104623929745,0.0,0.8965489694839431,0.6996325291580124,0.8965489694839431,615,0.615,22,0.8965489694839431,0,629,436.44607764818664,0.25963762855414485,0.21329100053258654,0.0,0.6654567453115547,0.3914095583787054,0.6654567453115547,610,0.61,19,0.6654567453115547,0,629,259.62068965517284,0.17112562814070525,0.1387112256492161,0.0,0.3165829145728643,0.2763819095477386,0.3165829145728643,604,0.604,627,0.3165829145728643,0,629,171.00251256281578,0
0,60,2023-06-13,0.4886185492890236,0.3220152521138598,0.0,0.7389359322575492,0.6853331203067583,0.7389359322575492,704,0.704,602,0.7389359322575492,0,709,488.59102891835744,0.2964888082274658,0.1967823302295435,0.0,0.4667271627344223,0.4134906231094978,0.4667271627344223,700,0.7,252,0.4667271627344223,0,709,296.4723230490017,0.1965628140703538,0.130809584107054,0.0,0.3165829145728643,0.2864321608040201,0.3165829145728643,694,0.694,707,0.3165829145728643,0,709,196.4396984924643,0
0,61,2023-06-13,0.3162813548490167,0.2955661369495031,0.0,0.6314107684933695,0.4753954305799648,0.6314107684933695,544,0.544,289,0.6314107684933695,0,549,316.2677744048568,0.2269437386569873,0.21322373699367062,0.0,0.5172413793103449,0.3711433756805807,0.5172413793103449,540,0.54,136,0.5172413793103449,0,549,226.93269812462154,0.15072864321608187,0.1412054020086528,0.0,0.3165829145728643,0.271356783919598,0.3165829145728643,533,0.533,547,0.3165829145728643,0,547,150.6055276381924,0
0,62,2023-06-13,0.3167486818980673,0.30954847361153515,0.0,0.6656814187569899,0.4672471640837194,0.6656814187569899,523,0.523,334,0.6656814187569899,0,529,316.7304281834164,0.20612734422262557,0.20206215107121459,0.0,0.5199637023593466,0.33953418027828186,0.5199637023593466,520,0.52,134,0.5199637023593466,0,529,206.11615245009068,0.14531658291457422,0.14148109584785878,0.0,0.3165829145728643,0.2663316582914573,0.3165829145728643,514,0.514,527,0.3165829145728643,0,529,145.19346733668473,0
0,63,2023-06-13,0.36803946317303093,0.30554620807785,0.0,0.6556957980508068,0.4853011663204984,0.6556957980508068,603,0.603,149,0.6556957980508068,0,609,368.0201310113432,0.27353478523895836,0.2293681855238292,0.0,0.5928614640048396,0.4137931034482758,0.5928614640048396,600,0.6,139,0.5928614640048396,0,609,273.5232909860856,0.16919597989949917,0.14003927019604462,0.0,0.3165829145728643,0.2763819095477386,0.3165829145728643,594,0.594,607,0.3165829145728643,0,609,169.0728643216097,0
0,64,2023-06-13,0.2641732704904935,0.28260882959571765,0.0,0.6121584917718486,0.0,0.6121584917718486,474,0.474,135,0.6121584917718486,0,479,264.15889119667656,0.17142468239564426,0.18592650716174366,0.0,0.484875983061101,0.0,0.484875983061101,470,0.47,152,0.484875983061101,0,479,171.41424682395663,0.1322311557788943,0.14240902852618662,0.0,0.3165829145728643,0.0,0.3165829145728643,464,0.464,477,0.3165829145728643,0,479,132.1080402010048,0
0,65,2023-06-13,0.31328111519411983,0.3053967921008907,0.0,0.6488256910049529,0.4694440006390797,0.6488256910049529,524,0.524,149,0.6488256910049529,0,529,313.2696916440336,0.19868784029038125,0.19451481509250093,0.0,0.4609800362976406,0.323049001814882,0.4609800362976406,520,0.52,132,0.4609800362976406,0,529,198.68239564428313,0.0,0.0,0.0,0.0,0.0,0.0,0,0.0,0,0.0,-1,-1,0.0,0
0,66,2023-06-13,0.36405368269691657,0.3020075757368675,0.0,0.6509027001118389,0.4849816264579006,0.6509027001118389,603,0.603,137,0.6509027001118389,0,609,364.04221920434634,0.269852087114338,0.22634760828154143,0.0,0.5807622504537205,0.3983666061705989,0.5807622504537205,600,0.6,131,0.5807622504537205,0,609,269.8464912280703,0.0,0.0,0.0,0.0,0.0,0.0,0,0.0,0,0.0,-1,-1,0.0,0
0,67,2023-06-13,0.2964512701709544,0.3007937215690148,0.0,0.6473877616232625,0.12182457261543375,0.6473877616232625,504,0.504,195,0.6473877616232625,0,509,296.43733024444776,0.20950181488203237,0.2135705325692992,0.0,0.5747126436781609,0.0101330913490623,0.5747126436781609,500,0.5,132,0.5747126436781609,0,509,209.49062310949768,0.15345728643216192,0.15634510133789148,0.0,0.3266331658291457,0.0,0.3266331658291457,494,0.494,157,0.3266331658291457,0,509,153.33417085427243,0
0,68,2023-06-13,0.26585365074293005,0.2847268682992021,0.0,0.6227033072375779,0.0,0.6227033072375779,474,0.474,144,0.6227033072375779,0,479,265.8377935772487,0.17995069570477923,0.19502179114516224,0.0,0.484875983061101,0.0,0.484875983061101,470,0.47,151,0.484875983061101,0,479,179.94026013309116,0.13303517587939662,0.14321637344587954,0.0,0.3165829145728643,0.0,0.3165829145728643,464,0.464,477,0.3165829145728643,0,479,132.9120603015071,0
0,69,2023-06-13,0.30604233903179373,0.29810790916836116,0.0,0.6365234062949353,0.4642115353890398,0.6365234062949353,523,0.523,474,0.6365234062949353,0,529,306.02240773286417,0.20325287356321825,0.1990832949938815,0.0,0.5172413793103449,0.3365093768905021,0.5172413793103449,520,0.52,133,0.5172413793103449,0,529,203.2427404718689,0.14696482412060324,0.14317688646445695,0.0,0.3165829145728643,0.2663316582914573,0.3165829145728643,514,0.514,527,0.3165829145728643,0,529,146.84170854271375,0
0,70,2023-06-13,0.2883612398146657,0.3149035533749862,0.0,0.8260904297811152,0.0,0.8260904297811152,466,0.466,59,0.8260904297811152,0,479,288.3401901262187,0.1863124621899584,0.21208925510530496,0.0,0.7531760435571688,0.0,0.7531760435571688,460,0.46,12,0.7531760435571688,0,479,186.29930429522105,0.0,0.0,0.0,0.0,0.0,0.0,0,0.0,0,0.0,-1,-1,0.0,0
0,71,2023-06-13,0.36015258028438973,0.2988884724713622,0.0,0.6513021249400863,0.4801885285189327,0.6513021249400863,603,0.603,608,0.6513021249400863,0,609,360.13472599456776,0.2548614640048393,0.21427132607123192,0.0,0.4879007864488808,0.3399879007864488,0.4879007864488808,600,0.6,198,0.4879007864488808,0,609,254.84996975196603,0.16856281407035256,0.13966053350743077,0.0,0.3165829145728643,0.2663316582914573,0.3165829145728643,594,0.594,607,0.3165829145728643,0,609,168.43969849246307,0
0,72,2023-06-13,0.2881714331362836,0.31474853549577647,0.0,0.8228151461894871,0.0,0.8228151461894871,465,0.465,15,0.8228151461894871,0,479,288.1504633328,0.19207229280096808,0.21716140375558943,0.0,0.7286751361161524,0.0,0.7286751361161524,460,0.46,12,0.7286751361161524,0,479,192.05807622504517,0.0,0.0,0.0,0.0,0.0,0.0,0,0.0,0,0.0,-1,-1,0.0,0
0,73,2023-06-13,0.49281690365873,0.3248440107475711,0.0,0.7382968525323534,0.7121744687649785,0.7382968525323534,704,0.704,677,0.7382968525323534,0,709,492.7894232305476,0.34743617664851845,0.23276549815839573,0.0,0.617059891107078,0.4646098003629764,0.617059891107078,700,0.7,40,0.617059891107078,0,709,347.4204476709014,0.19901507537688515,0.1324296693830186,0.0,0.3165829145728643,0.2864321608040201,0.3165829145728643,694,0.694,707,0.3165829145728643,0,709,198.8919597989954,0
0,74,2023-06-13,0.2881905256430737,0.31479779218657133,0.0,0.8213772168077967,0.0,0.8213772168077967,465,0.465,17,0.8213772168077967,0,479,288.1695957820732,0.19412885662431947,0.21869787102165394,0.0,0.7316999395039322,0.0,0.7316999395039322,460,0.46,14,0.7316999395039322,0,479,194.1146400483968,0.0,0.0,0.0,0.0,0.0,0.0,0,0.0,0,0.0,-1,-1,0.0,0
0,75,2023-06-13,0.49628942323054887,0.3267753082867812,0.0,0.7480428183415881,0.7187250359482346,0.7480428183415881,704,0.704,209,0.7480428183415881,0,709,496.26158332001813,0.30011131276466957,0.20033992323270403,0.0,0.5030248033877798,0.4098608590441621,0.5030248033877798,700,0.7,199,0.5030248033877798,0,709,300.0964912280699,0.19667839195980136,0.13075987909585302,0.0,0.3165829145728643,0.2864321608040201,0.3165829145728643,694,0.694,707,0.3165829145728643,0,709,196.55527638191188,0
0,76,2023-06-13,0.31001166320498424,0.31384886144045776,0.0,0.6756670394631731,0.14171592906215047,0.6756670394631731,504,0.504,144,0.6756670394631731,0,509,309.99712414123763,0.208522081064731,0.21215845944161268,0.0,0.5414398064125832,0.0084694494857834,0.5414398064125832,500,0.5,137,0.5414398064125832,0,509,208.5104355716879,0.15407035175879502,0.15685512492068618,0.0,0.3266331658291457,0.0,0.3266331658291457,494,0.494,152,0.3266331658291457,0,509,153.94723618090558,0
0,77,2023-06-13,0.4863358363955882,0.3198354532092961,0.0,0.7260744527879853,0.7004313788145071,0.7260744527879853,704,0.704,708,0.7260744527879853,0,709,486.30739734781815,0.29448124621899646,0.19626262860471,0.0,0.484875983061101,0.4065335753176043,0.484875983061101,700,0.7,181,0.484875983061101,0,709,294.46702964307354,0.19692462311557996,0.13095101904781728,0.0,0.3165829145728643,0.2864321608040201,0.3165829145728643,694,0.694,707,0.3165829145728643,0,709,196.80150753769047,0
0,78,2023-06-13,0.4822826330084626,0.31683329081272715,0.0,0.7157692922192044,0.696117590669436,0.7157692922192044,704,0.704,224,0.7157692922192044,0,709,482.2615833200189,0.29515577737447024,0.19740948984907733,0.0,0.4939503932244404,0.4004839685420447,0.4939503932244404,700,0.7,178,0.4939503932244404,0,709,295.1441318814279,0.0,0.0,0.0,0.0,0.0,0.0,0,0.0,0,0.0,-1,-1,0.0,0
0,79,2023-06-13,0.30552100974596536,0.2971534292918557,0.0,0.6344463971880492,0.472679341747883,0.6344463971880492,524,0.524,134,0.6344463971880492,0,529,305.50734941683885,0.2191969147005443,0.21454292084909343,0.0,0.5444646098003629,0.367211131276467,0.5444646098003629,520,0.52,130,0.5444646098003629,0,529,219.18526920750165,0.14573366834170978,0.14183456022308136,0.0,0.3165829145728643,0.2663316582914573,0.3165829145728643,514,0.514,527,0.3165829145728643,0,529,145.6105527638202,0
0,80,2023-06-13,0.3132141715929063,0.3053840875205513,0.0,0.6513820099057357,0.4700431378814507,0.6513820099057357,524,0.524,152,0.6513820099057357,0,529,313.2014299408856,0.20231276467029624,0.19955699744463543,0.0,0.4939503932244404,0.3130671506352087,0.4939503932244404,520,0.52,132,0.4939503932244404,0,529,202.30701754385956,0.0,0.0,0.0,0.0,0.0,0.0,0,0.0,0,0.0,-1,-1,0.0,0
0,81,2023-06-13,0.31141947595462627,0.3035024536586436,0.0,0.6592107365393833,0.4730787665761303,0.6592107365393833,524,0.524,375,0.6592107365393833,0,529,311.4052963732233,0.20582698124621857,0.20543610875686455,0.0,0.5444646098003629,0.3009679370840895,0.5444646098003629,520,0.52,142,0.5444646098003629,0,529,205.81533575317644,0.15200000000000122,0.14861858922593846,0.0,0.3266331658291457,0.2663316582914573,0.3266331658291457,514,0.514,381,0.3266331658291457,0,529,151.87688442211174,0
0,82,2023-06-13,0.36426729509506267,0.301958712100721,0.0,0.6477073014858603,0.4845023166640038,0.6477073014858603,604,0.604,179,0.6477073014858603,0,609,364.25583160249295,0.2459606775559587,0.20575230942324443,0.0,0.4969751966122202,0.3774954627949183,0.4969751966122202,600,0.6,159,0.4969751966122202,0,609,245.9549304295217,0.0,0.0,0.0,0.0,0.0,0.0,0,0.0,0,0.0,-1,-1,0.0,0
0,83,2023-06-13,0.32098554082121783,0.2999320545349819,0.0,0.6367630611918836,0.4769132449273047,0.6367630611918836,544,0.544,460,0.6367630611918836,0,549,320.9718405496087,0.2185725952813068,0.20492571430140455,0.0,0.4969751966122202,0.3656987295825771,0.4969751966122202,540,0.54,133,0.4969751966122202,0,549,218.5609497882638,0.15091959798995122,0.14136687766644276,0.0,0.3165829145728643,0.271356783919598,0.3165829145728643,533,0.533,547,0.3165829145728643,0,547,150.79648241206175,0
0,84,2023-06-13,0.4174080524045376,0.3359047995794418,0.0,0.8951110401022527,0.663444639718805,0.8951110401022527,615,0.615,26,0.8951110401022527,0,629,417.367710496884,0.28702692075015235,0.23423570725683596,0.0,0.6802782819116757,0.4428312159709618,0.6802782819116757,610,0.61,49,0.6802782819116757,0,629,287.00831820931705,0.1736683417085427,0.14095566065343365,0.0,0.3165829145728643,0.271356783919598,0.3165829145728643,604,0.604,627,0.3165829145728643,0,629,173.54522613065285,0
0,85,2023-06-13,0.2903326409969639,0.2946218970780685,0.0,0.6538584438408691,0.121784630132609,0.6538584438408691,504,0.504,212,0.6538584438408691,0,509,290.3198194599773,0.19588263762855448,0.20534520037984164,0.0,0.5595886267392619,0.0087719298245614,0.5595886267392619,500,0.5,32,0.5595886267392619,0,509,195.87068965517273,0.15145728643216186,0.15435730014050003,0.0,0.3266331658291457,0.0,0.3266331658291457,494,0.494,218,0.3266331658291457,0,509,151.3341708542724,0
0,86,2023-06-13,0.44018501358044165,0.3533033127608185,0.0,0.8918357565106247,0.6994727592267135,0.8918357565106247,615,0.615,25,0.8918357565106247,0,629,440.1447915002393,0.26251754385964976,0.2146939291098015,0.0,0.5955837870538415,0.3808227465214761,0.5955837870538415,610,0.61,49,0.5955837870538415,0,629,262.50015124016926,0.17375376884422114,0.14097569430647366,0.0,0.3165829145728643,0.271356783919598,0.3165829145728643,604,0.604,627,0.3165829145728643,0,629,173.63065326633154,0
0,87,2023-06-13,0.3226543377536349,0.2889323196962068,0.0,0.6127975714970443,0.4825051925227672,0.6127975714970443,564,0.564,144,0.6127975714970443,0,569,322.64107684933657,0.260002722323049,0.23469868666985336,0.0,0.5683605565638233,0.4080459770114942,0.5683605565638233,560,0.56,141,0.5683605565638233,0,569,259.99168179068323,0.15920603015075327,0.1434309307934833,0.0,0.3165829145728643,0.2663316582914573,0.3165829145728643,553,0.553,567,0.3165829145728643,0,567,159.08291457286367,0
0,88,2023-06-13,0.4370573574053362,0.35078796288880404,0.0,0.8857644991212654,0.6946796612877456,0.8857644991212654,615,0.615,49,0.8857644991212654,0,629,437.01569739574825,0.26374500907441056,0.21583604433870965,0.0,0.5898366606170599,0.3838475499092559,0.5898366606170599,610,0.61,46,0.5898366606170599,0,629,263.72776769510006,0.17319095477386956,0.14052005043274673,0.0,0.3165829145728643,0.271356783919598,0.3165829145728643,604,0.604,627,0.3165829145728643,0,629,173.0678391959801,0
0,89,2023-06-13,0.43734134845822037,0.35091836052081515,0.0,0.8951110401022527,0.7020290781274964,0.8951110401022527,615,0.615,49,0.8951110401022527,0,629,437.29924908132347,0.2636627344222626,0.21492883653912165,0.0,0.5747126436781609,0.3829401088929219,0.5747126436781609,610,0.61,49,0.5747126436781609,0,629,263.644736842105,0.1727939698492467,0.1402124420327433,0.0,0.3165829145728643,0.271356783919598,0.3165829145728643,604,0.604,627,0.3165829145728643,0,629,172.670854271357,0
0,90,2023-06-13,0.3057948554082121,0.30982914265896905,0.0,0.6868509346540981,0.14407253554880967,0.6868509346540981,504,0.504,190,0.6868509346540981,0,509,305.78007668956707,0.20118088324258881,0.2045102491813292,0.0,0.5199637023593466,0.00801572897761645,0.5199637023593466,500,0.5,170,0.5199637023593466,0,509,201.1707501512407,0.1519497487437197,0.15489955707163947,0.0,0.3266331658291457,0.0,0.3266331658291457,494,0.494,194,0.3266331658291457,0,509,151.8266331658302,0
0,91,2023-06-13,0.3109435213292858,0.3152975149172011,0.0,0.6791819779517495,0.14782712893433456,0.6791819779517495,504,0.504,347,0.6791819779517495,0,509,310.92890238057146,0.21077525710828796,0.21453269211058382,0.0,0.5323653962492438,0.0083182093163944,0.5323653962492438,500,0.5,137,0.5323653962492438,0,509,210.76391409558394,0.13984924623115702,0.14164322775761837,0.0,0.3165829145728643,0.0,0.3165829145728643,494,0.494,507,0.3165829145728643,0,509,139.72613065326755,0
0,92,2023-06-13,0.3163591628055589,0.3214758266505957,0.0,0.7102572295893913,0.14958459817862274,0.7102572295893913,504,0.504,370,0.7102572295893913,0,509,316.34378494967257,0.19919782214156095,0.20556466787643476,0.0,0.5030248033877798,0.0087719298245614,0.5030248033877798,500,0.5,157,0.5030248033877798,0,509,199.1860254083484,0.14502010050251374,0.14752498122470986,0.0,0.3266331658291457,0.0,0.3266331658291457,494,0.494,376,0.3266331658291457,0,509,144.89698492462426,0
0,93,2023-06-13,0.3196259785908266,0.3248136252083091,0.0,0.7144911327688129,0.1512621824572615,0.7144911327688129,504,0.504,359,0.7144911327688129,0,509,319.6119987218392,0.1953956442831221,0.20179678805452025,0.0,0.4939503932244404,0.0096793708408953,0.4939503932244404,500,0.5,170,0.4939503932244404,0,509,195.3859649122807,0.14550251256281524,0.14805294024204807,0.0,0.3266331658291457,0.0,0.3266331658291457,494,0.494,364,0.3266331658291457,0,509,145.37939698492576,1
0,94,2023-06-13,0.3117977312669758,0.31568727390401,0.0,0.6858923150663045,0.15461735101453905,0.6858923150663045,504,0.504,151,0.6858923150663045,0,509,311.7829525483298,0.20312794918330354,0.20709751119902567,0.0,0.4788263762855414,0.0102843315184513,0.4788263762855414,500,0.5,138,0.4788263762855414,0,509,203.1167574107684,0.15401507537688552,0.15681192564902988,0.0,0.3266331658291457,0.0,0.3266331658291457,494,0.494,151,0.3266331658291457,0,509,153.89195979899606,0
0,95,2023-06-13,0.36432569100495366,0.3018875667468957,0.0,0.6532992490813229,0.484182776801406,0.6532992490813229,604,0.604,391,0.6532992490813229,0,609,364.31290941044836,0.2355093768905014,0.19929013225759443,0.0,0.4428312159709618,0.2891712038717483,0.4428312159709618,600,0.6,248,0.4428312159709618,0,609,235.50423472474276,0.0,0.0,0.0,0.0,0.0,0.0,0,0.0,0,0.0,-1,-1,0.0,0
0,96,2023-06-13,0.3238903978271295,0.2902848287720915,0.0,0.6191883687490014,0.480747723278479,0.6191883687490014,564,0.564,496,0.6191883687490014,0,569,323.8770570378654,0.25914428312159665,0.23395206139674207,0.0,0.5562613430127041,0.4035087719298245,0.5562613430127041,560,0.56,156,0.5562613430127041,0,569,259.1312764670295,0.15902010050251217,0.14326288356277808,0.0,0.3165829145728643,0.2663316582914573,0.3165829145728643,553,0.553,567,0.3165829145728643,0,567,158.89698492462261,0
0,97,2023-06-13,0.4598415082281514,0.36866226139901853,0.0,0.9042179261862916,0.7375778878415082,0.9042179261862916,615,0.615,45,0.9042179261862916,0,629,459.79896948394236,0.2675048396854207,0.21770204901349882,0.0,0.5414398064125832,0.3989715668481549,0.5414398064125832,610,0.61,32,0.5414398064125832,0,629,267.48684210526307,0.17168341708542897,0.13912736866446274,0.0,0.3165829145728643,0.2814070351758794,0.3165829145728643,604,0.604,627,0.3165829145728643,0,629,171.5603015075395,0
0,98,2023-06-13,0.2613944719603766,0.2801686583082335,0.0,0.6024924109282633,0.0,0.6024924109282633,474,0.474,143,0.6024924109282633,0,479,261.3791340469722,0.18682395644283128,0.20231722116981404,0.0,0.5090744101633394,0.0,0.5090744101633394,470,0.47,136,0.5090744101633394,0,479,186.81200846944955,0.13231155778894438,0.14248097508759755,0.0,0.3165829145728643,0.0,0.3165829145728643,464,0.464,477,0.3165829145728643,0,479,132.18844221105493,0
0,99,2023-06-13,0.44952300687010766,0.3317001088095164,0.0,0.8951110401022527,0.6775043936731108,0.8951110401022527,655,0.655,49,0.8951110401022527,0,659,449.48090749320835,0.24157501512401597,0.1906127812066631,0.0,0.6046581972171808,0.2891712038717483,0.6046581972171808,650,0.65,49,0.6046581972171808,0,659,241.5573200241983,0.19611055276381992,0.14681171979327762,0.0,0.3266331658291457,0.2964824120603015,0.3266331658291457,644,0.644,384,0.3266331658291457,0,659,195.98743718593047,0
0,100,2023-06-13,0.3058610001597701,0.2980455663530668,0.0,0.6310113436651222,0.4683256111199872,0.6310113436651222,524,0.524,155,0.6310113436651222,0,529,305.84610161367556,0.22539171203871755,0.22238321427774008,0.0,0.5626134301270418,0.3617664851784634,0.5626134301270418,520,0.52,132,0.5626134301270418,0,529,225.38082274652152,0.14665326633165862,0.1428135172686006,0.0,0.3165829145728643,0.2663316582914573,0.3165829145728643,514,0.514,527,0.3165829145728643,0,529,146.5301507537692,0
0,101,2023-06-13,0.5553579645310748,0.32208649597614236,0.0,0.9079725195718166,0.7299089311391596,0.9079725195718166,755,0.755,45,0.9079725195718166,0,769,555.3152660169355,0.3695523290986082,0.22834295917142072,0.0,0.7770719903206291,0.4358741681790684,0.7770719903206291,750,0.75,19,0.7770719903206291,0,769,369.53569267997483,0.21576381909547682,0.12895641747168413,0.0,1.0,0.2864321608040201,1.0,744,0.744,192,1.0,0,769,215.640703517587,0
0,102,2023-06-13,0.2962499600575171,0.2761038494190355,0.0,0.582840709378495,0.4634925706981946,0.582840709378495,544,0.544,237,0.582840709378495,0,549,296.23506151142254,0.23120114942528705,0.21962387151997573,0.0,0.5774349667271628,0.3554143980641258,0.5774349667271628,540,0.54,20,0.5774349667271628,0,549,231.18995765275275,0.15193969849246333,0.14214057098752156,0.0,0.3165829145728643,0.2663316582914573,0.3165829145728643,534,0.534,547,0.3165829145728643,0,549,151.81658291457367,0
0,103,2023-06-13,0.5352257549129256,0.3274381329169089,0.0,0.9021409170794056,0.7216807796772647,0.9021409170794056,734,0.734,18,0.9021409170794056,0,749,535.1850934654102,0.3502785843920135,0.2310246962072877,0.0,0.8738656987295825,0.4249848759830611,0.8738656987295825,730,0.73,49,0.8738656987295825,0,749,350.2614942528739,0.20523618090452514,0.1268954207880426,0.0,0.3165829145728643,0.2864321608040201,0.3165829145728643,724,0.724,747,0.3165829145728643,0,749,205.11306532663565,0
0,104,2023-06-13,0.3709001437929389,0.30812157429756754,0.0,0.6704745166959578,0.4811471481067263,0.6704745166959578,603,0.603,475,0.6704745166959578,0,609,370.88045214890565,0.2357667876588027,0.19943721301428358,0.0,0.454930429522081,0.2900786448880822,0.454930429522081,600,0.6,245,0.454930429522081,0,609,235.75695704779162,0.16711055276382075,0.13863336901616627,0.0,0.3165829145728643,0.271356783919598,0.3165829145728643,593,0.593,607,0.3165829145728643,0,607,166.9874371859313,0
0,105,2023-06-13,0.49116775842786403,0.32337761071172694,0.0,0.7420514459178783,0.7071417159290622,0.7420514459178783,704,0.704,301,0.7420514459178783,0,709,491.14011822975016,0.2989721718088319,0.20086793899253103,0.0,0.4969751966122202,0.3953418027828191,0.4969751966122202,700,0.7,228,0.4969751966122202,0,709,298.9575015124023,0.19673869346733894,0.13083445100337385,0.0,0.3165829145728643,0.2864321608040201,0.3165829145728643,694,0.694,707,0.3165829145728643,0,709,196.61557788944938,0
0,106,2023-06-13,0.454990493689087,0.32835117758344806,0.0,0.7258347978910369,0.6802204825051925,0.7258347978910369,664,0.664,503,0.7258347978910369,0,679,454.9620546413152,0.2653986690865093,0.19583053169640843,0.0,0.4909255898366606,0.3614640048396854,0.4909255898366606,660,0.66,170,0.4909255898366606,0,679,265.3843012704173,0.18541708542713764,0.13511380727236474,0.0,0.3165829145728643,0.2864321608040201,0.3165829145728643,654,0.654,677,0.3165829145728643,0,679,185.29396984924816,0
0,107,2023-06-13,0.49421712733663536,0.3251845968367289,0.0,0.7406135165361879,0.7114555040741333,0.7406135165361879,704,0.704,278,0.7406135165361879,0,709,494.1879693241728,0.3305208711433757,0.22310316711143743,0.0,0.5653357531760436,0.4346642468239564,0.5653357531760436,700,0.7,255,0.5653357531760436,0,709,330.5065033272837,0.19827135678392074,0.13191735454285433,0.0,0.3165829145728643,0.2864321608040201,0.3165829145728643,694,0.694,707,0.3165829145728643,0,709,198.14824120603103,0
0,108,2023-06-13,0.45798298450231617,0.3030065446358179,0.0,0.6963572455663845,0.6663204984821857,0.6963572455663845,704,0.704,685,0.6963572455663845,0,709,457.9584198753794,0.33328705384150137,0.22244107916115116,0.0,0.5471869328493648,0.454930429522081,0.5471869328493648,700,0.7,325,0.5471869328493648,0,709,333.27419842710304,0.19848241206030162,0.13218315686926707,0.0,0.3165829145728643,0.2763819095477386,0.3165829145728643,694,0.694,707,0.3165829145728643,0,709,198.35929648241196,0
0,109,2023-06-13,0.48802061032113764,0.32095432055101625,0.0,0.736858923150663,0.6934813868030036,0.736858923150663,704,0.704,667,0.736858923150663,0,709,487.994607764818,0.29366122202056716,0.195442381265802,0.0,0.469751966122202,0.4050211736237145,0.469751966122202,700,0.7,310,0.469751966122202,0,709,293.64564428312116,0.19711557788944792,0.13127499193289707,0.0,0.3165829145728643,0.2763819095477386,0.3165829145728643,694,0.694,707,0.3165829145728643,0,709,196.99246231155817,0
0,110,2023-06-13,0.5003073174628533,0.3293473148028633,0.0,0.7581083240134207,0.7194440006390798,0.7581083240134207,704,0.704,705,0.7581083240134207,0,709,500.27907812749754,0.291466727162733,0.19563091892641932,0.0,0.4818511796733212,0.3947368421052631,0.4818511796733212,700,0.7,329,0.4818511796733212,0,709,291.45069570477784,0.19950753768844193,0.13281618989975327,0.0,0.3165829145728643,0.2763819095477386,0.3165829145728643,694,0.694,707,0.3165829145728643,0,709,199.38442211055238,0
0,111,2023-06-13,0.3214707621025714,0.32651794436923226,0.0,0.7066624061351654,0.15238057197635402,0.7066624061351654,504,0.504,288,0.7066624061351654,0,509,321.45694200351704,0.2069373865698733,0.2115190124109425,0.0,0.5090744101633394,0.00892316999395035,0.5090744101633394,500,0.5,188,0.5090744101633394,0,509,206.92740471869328,0.13987939698492588,0.14167460158769382,0.0,0.3165829145728643,0.0,0.3165829145728643,494,0.494,507,0.3165829145728643,0,509,139.7562814070364,0
0,112,2023-06-13,0.4459289822655373,0.3577084607049577,0.0,0.886723118709059,0.7121744687649785,0.886723118709059,615,0.615,19,0.886723118709059,0,619,445.890597539543,0.26014882032667885,0.21266001820428748,0.0,0.5353901996370236,0.382032667876588,0.5353901996370236,610,0.61,29,0.5353901996370236,0,619,260.13097398669095,0.17284422110552844,0.140164724327159,0.0,0.3165829145728643,0.2763819095477386,0.3165829145728643,604,0.604,617,0.3165829145728643,0,619,172.72110552763885,0
0,113,2023-06-13,0.29563564467167286,0.29925210506564476,0.0,0.639399265058316,0.14291420354689244,0.639399265058316,504,0.504,154,0.639399265058316,0,509,295.621864515098,0.20144071385359927,0.205605765844927,0.0,0.4909255898366606,0.0086206896551724,0.4909255898366606,500,0.5,215,0.4909255898366606,0,509,201.4292196007257,0.15272361809045332,0.15572801373634051,0.0,0.3266331658291457,0.0,0.3266331658291457,494,0.494,162,0.3266331658291457,0,509,152.60050251256385,0
0,114,2023-06-13,0.4332221600894698,0.3477106135721841,0.0,0.8888001278159451,0.6928423070778079,0.8888001278159451,615,0.615,20,0.8888001278159451,0,619,433.1819380092664,0.25232395644283084,0.20767633049160808,0.0,0.5505142165759226,0.3647912885662432,0.5505142165759226,610,0.61,20,0.5505142165759226,0,619,252.30671506352144,0.17543216080402046,0.1427881359970791,0.0,0.3266331658291457,0.271356783919598,0.3266331658291457,604,0.604,532,0.3266331658291457,0,619,175.309045226131,0
0,115,2023-06-13,0.25685029557437233,0.27505715537404646,0.0,0.5865154177983704,0.0,0.5865154177983704,474,0.474,137,0.5865154177983704,0,479,256.83651541779847,0.18028554143980643,0.19332344644279328,0.0,0.4337568058076225,0.0,0.4337568058076225,470,0.47,20,0.4337568058076225,0,479,180.2728372655771,0.13233165829145757,0.14249332251349553,0.0,0.3165829145728643,0.0,0.3165829145728643,464,0.464,477,0.3165829145728643,0,479,132.20854271356808,0
0,116,2023-06-13,0.2669445598338383,0.2867084271671562,0.0,0.6189487138520531,0.0,0.6189487138520531,474,0.474,206,0.6189487138520531,0,479,266.9300207700903,0.18292558983666016,0.19603928866792372,0.0,0.4246823956442831,0.0,0.4246823956442831,470,0.47,149,0.4246823956442831,0,479,182.91394434361763,0.1415075376884431,0.15317258851596327,0.0,0.3266331658291457,0.0,0.3266331658291457,464,0.464,213,0.3266331658291457,0,479,141.38442211055366,0
0,117,2023-06-13,0.34102420514459203,0.30569608264380055,0.0,0.6513021249400863,0.5031155136603291,0.6513021249400863,564,0.564,170,0.6513021249400863,0,569,341.01146349257084,0.26838384754990885,0.24623069714183468,0.0,0.6200846944948578,0.3620689655172414,0.6200846944948578,560,0.56,157,0.6200846944948578,0,569,268.3729582577139,0.16012562814070497,0.14459660595978518,0.0,0.3266331658291457,0.271356783919598,0.3266331658291457,553,0.553,476,0.3266331658291457,0,567,160.00251256281553,0
0,118,2023-06-13,0.51620618309634,0.29087778324878005,0.0,0.7263141076849337,0.6806997922990893,0.7263141076849337,764,0.764,561,0.7263141076849337,0,769,516.1763061191886,0.3008357531760429,0.1787108059897115,0.0,0.484875983061101,0.337870538415003,0.484875983061101,760,0.76,365,0.484875983061101,0,769,300.8215366001207,0.22194472361809178,0.1285166532531089,0.0,0.3266331658291457,0.2864321608040201,0.3266331658291457,753,0.753,566,0.3266331658291457,0,767,221.82160804020236,0
0,119,2023-06-13,0.348455424189168,0.3128595753909594,0.0,0.6699153219364116,0.5017574692442882,0.6699153219364116,564,0.564,311,0.6699153219364116,0,569,348.44100495286705,0.27244101633393847,0.24715737149413805,0.0,0.6046581972171808,0.4150030248033878,0.6046581972171808,560,0.56,161,0.6046581972171808,0,569,272.42921960072636,0.15648241206030308,0.14079559083661153,0.0,0.3165829145728643,0.271356783919598,0.3165829145728643,553,0.553,567,0.3165829145728643,0,567,156.35929648241364,0
0,120,2023-06-13,0.27536675187729714,0.29763414142295175,0.0,0.6575331522607445,0.0,0.6575331522607445,474,0.474,377,0.6575331522607445,0,479,275.3525722958942,0.22656957047791854,0.24382353368006815,0.0,0.5505142165759226,0.0,0.5505142165759226,470,0.47,134,0.5505142165759226,0,479,226.55777374470668,0.13048241206030267,0.14041596999695682,0.0,0.3165829145728643,0.0,0.3165829145728643,464,0.464,477,0.3165829145728643,0,479,130.3592964824132,0
0,121,2023-06-13,0.5738201789423244,0.33171863176443106,0.0,0.8965489694839431,0.7558715449752357,0.8965489694839431,755,0.755,48,0.8965489694839431,0,779,573.777999680461,0.30641228070175724,0.19016220500587583,0.0,0.5716878402903811,0.3584392014519056,0.5716878402903811,750,0.75,238,0.5716878402903811,0,779,306.3944343617686,0.22855778894472575,0.13603022602853307,0.0,0.3266331658291457,0.2864321608040201,0.3266331658291457,743,0.743,337,0.3266331658291457,0,777,228.4346733668363,0
1,0,2023-06-14,0.47903666719923466,0.3149780742059175,0.0,0.7160089471161527,0.6878894392075411,0.7160089471161527,704,0.704,434,0.7160089471161527,0,709,479.01142355008574,0.3287885662431964,0.21997760977079636,0.0,0.5444646098003629,0.4398064125831821,0.5444646098003629,700,0.7,147,0.5444646098003629,0,709,328.7737447065953,0.197738693467338,0.131554055557393,0.0,0.3165829145728643,0.2864321608040201,0.3165829145728643,694,0.694,707,0.3165829145728643,0,709,197.61557788944842,0
1,1,2023-06-14,0.4700586355647842,0.3092997120478306,0.0,0.7107365393832881,0.6688768173829686,0.7107365393832881,704,0.704,692,0.7107365393832881,0,709,470.0307956542598,0.32081730187537755,0.21319195917236744,0.0,0.4969751966122202,0.455837870538415,0.4969751966122202,700,0.7,43,0.4969751966122202,0,709,320.80081669691464,0.19846733668341757,0.13218239071273835,0.0,0.3165829145728643,0.2864321608040201,0.3165829145728643,694,0.694,707,0.3165829145728643,0,709,198.34422110552785,1
1,2,2023-06-14,0.48617646588911784,0.32059111352805925,0.0,0.7287106566544176,0.7057836715130212,0.7287106566544176,704,0.704,523,0.7287106566544176,0,709,486.1493449432821,0.32504416212946186,0.21654587877268042,0.0,0.5414398064125832,0.4437386569872958,0.5414398064125832,700,0.7,22,0.5414398064125832,0,709,325.02934059286144,0.1969296482412084,0.1309516576180431,0.0,0.3165829145728643,0.2864321608040201,0.3165829145728643,694,0.694,707,0.3165829145728643,0,709,196.8065326633189,0
1,3,2023-06-14,0.2995876338073165,0.2918193017529185,0.0,0.6270969803482984,0.4517494807477232,0.6270969803482984,523,0.523,402,0.6270969803482984,0,529,299.56790222080224,0.21172958257713276,0.2114496209616968,0.0,0.5653357531760436,0.3257713248638838,0.5653357531760436,520,0.52,132,0.5653357531760436,0,529,211.71854204476742,0.147834170854271,0.14405041630034285,0.0,0.3165829145728643,0.2663316582914573,0.3165829145728643,514,0.514,527,0.3165829145728643,0,529,147.71105527638147,0
1,4,2023-06-14,0.2997785588752199,0.29194348657574815,0.0,0.6275762901421953,0.4516296532992491,0.6275762901421953,523,0.523,519,0.6275762901421953,0,529,299.76010544815375,0.201827888687235,0.20017304160005753,0.0,0.5414398064125832,0.3129159104658197,0.5414398064125832,520,0.52,132,0.5414398064125832,0,529,201.81624319419203,0.147683417085427,0.14390188254222622,0.0,0.3165829145728643,0.2663316582914573,0.3165829145728643,514,0.514,527,0.3165829145728643,0,529,147.56030150753736,0
1,5,2023-06-14,0.29457205623901456,0.2972314665269305,0.0,0.661048090749321,0.1399584598178622,0.661048090749321,504,0.504,135,0.661048090749321,0,509,294.5565186131971,0.21052873563218386,0.21459852152249037,0.0,0.5747126436781609,0.0101330913490623,0.5747126436781609,500,0.5,135,0.5747126436781609,0,509,210.51754385964864,0.14131155778894477,0.143526451927754,0.0,0.3165829145728643,0.0,0.3165829145728643,493,0.493,507,0.3165829145728643,0,507,141.1884422110553,0
1,6,2023-06-14,0.3026949193161846,0.307551832087996,0.0,0.6739894551845342,0.12685732545135,0.6739894551845342,504,0.504,280,0.6739894551845342,0,509,302.6804201949198,0.21961705989110714,0.2241280251118886,0.0,0.5263157894736842,0.0071082879612825,0.5263157894736842,500,0.5,130,0.5263157894736842,0,509,219.6067755595887,0.13929145728643344,0.14112875789466525,0.0,0.3165829145728643,0.0,0.3165829145728643,494,0.494,507,0.3165829145728643,0,509,139.16834170854392,0
1,7,2023-06-14,0.5037144112478009,0.33160715055110784,0.0,0.886723118709059,0.6946796612877456,0.886723118709059,705,0.705,35,0.886723118709059,0,719,503.6760265218081,0.28851330913490564,0.19457941549041208,0.0,0.6046581972171808,0.38173018753781,0.6046581972171808,700,0.7,38,0.6046581972171808,0,719,288.49440411373314,0.19953768844221093,0.13316191669610478,0.0,0.3165829145728643,0.2864321608040201,0.3165829145728643,694,0.694,717,0.3165829145728643,0,719,199.41457286432134,0
1,8,2023-06-14,0.3041929221920427,0.2835239978882091,0.0,0.6119987218405496,0.4703626777440485,0.6119987218405496,544,0.544,284,0.6119987218405496,0,549,304.1773446237419,0.20551209921355093,0.19731081947999127,0.0,0.5290381125226861,0.3278886872353297,0.5290381125226861,540,0.54,163,0.5290381125226861,0,549,205.50075620084758,0.16116582914572983,0.15168646284533607,0.0,0.3266331658291457,0.2663316582914573,0.3266331658291457,534,0.534,291,0.3266331658291457,0,549,161.04271356784037,0
1,9,2023-06-14,0.3090369068541303,0.31273370832997605,0.0,0.668956702348618,0.141636044096501,0.668956702348618,504,0.504,145,0.668956702348618,0,509,309.02116951589755,0.21603236539624943,0.21954667860427982,0.0,0.5444646098003629,0.0084694494857834,0.5444646098003629,500,0.5,132,0.5444646098003629,0,509,216.02283726557792,0.13943216080402135,0.14123866206756164,0.0,0.3165829145728643,0.0,0.3165829145728643,494,0.494,507,0.3165829145728643,0,509,139.30904522613184,0
1,10,2023-06-14,0.5034930500079877,0.33105636121612486,0.0,0.8876018533312031,0.7066624061351654,0.8876018533312031,705,0.705,37,0.8876018533312031,0,719,503.4530276401984,0.3036427707199042,0.20299066745745825,0.0,0.5774349667271628,0.4098608590441621,0.5774349667271628,700,0.7,37,0.5774349667271628,0,719,303.62477313974654,0.1997286432160802,0.1333225098929305,0.0,0.3165829145728643,0.2864321608040201,0.3165829145728643,694,0.694,717,0.3165829145728643,0,719,199.60552763819052,1
1,11,2023-06-14,0.31333935133407875,0.29257158193679594,0.0,0.6314107684933695,0.4729189966448314,0.6314107684933695,544,0.544,279,0.6314107684933695,0,549,313.3245326729501,0.20484513006654695,0.19514287300418076,0.0,0.5030248033877798,0.338475499092559,0.5030248033877798,540,0.54,176,0.5030248033877798,0,549,204.8333333333345,0.16140703517588065,0.15190827607571122,0.0,0.3266331658291457,0.2663316582914573,0.3266331658291457,534,0.534,284,0.3266331658291457,0,549,161.28391959799117,0
1,12,2023-06-14,0.312433455823613,0.2908012639560022,0.0,0.6329285828407094,0.4889758747403738,0.6329285828407094,544,0.544,140,0.6329285828407094,0,549,312.41735900303513,0.2169404113732608,0.20511725109117823,0.0,0.5323653962492438,0.338173018753781,0.5323653962492438,540,0.54,140,0.5323653962492438,0,549,216.92997580157308,0.15260804020100582,0.14273593488465514,0.0,0.3165829145728643,0.271356783919598,0.3165829145728643,534,0.534,547,0.3165829145728643,0,549,152.48492462311617,0
1,13,2023-06-14,0.4836417159290601,0.31900196181728413,0.0,0.8876018533312031,0.6683176226234223,0.8876018533312031,705,0.705,42,0.8876018533312031,0,709,483.5999760345109,0.29339806412583197,0.20220138241203311,0.0,0.6833030852994555,0.3805202661826981,0.6833030852994555,700,0.7,28,0.6833030852994555,0,709,293.38067150635146,0.20162814070351706,0.13417110119865078,0.0,0.3165829145728643,0.2864321608040201,0.3165829145728643,694,0.694,707,0.3165829145728643,0,709,201.50502512562753,0
1,14,2023-06-14,0.2268643553283271,0.281024451282273,0.0,0.6353251318101933,0.0,0.6353251318101933,404,0.404,208,0.6353251318101933,0,409,226.85065505671753,0.14095523290986112,0.1775420133004833,0.0,0.484875983061101,0.0,0.484875983061101,400,0.4,155,0.484875983061101,0,409,140.94388989715674,0.11831155778894531,0.1477417755122418,0.0,0.3266331658291457,0.0,0.3266331658291457,394,0.394,212,0.3266331658291457,0,409,118.18844221105586,0
1,15,2023-06-14,0.3132561111998729,0.3054153469755371,0.0,0.6500239654896949,0.4664483144272248,0.6500239654896949,523,0.523,466,0.6500239654896949,0,529,313.2433695478512,0.19563853599516037,0.1932565360423357,0.0,0.5030248033877798,0.3070175438596491,0.5030248033877798,520,0.52,133,0.5030248033877798,0,529,195.63263762855408,0.0,0.0,0.0,0.0,0.0,0.0,0,0.0,0,0.0,-1,-1,0.0,0
1,16,2023-06-14,0.32508443840869183,0.3039779998557514,0.0,0.6532193641156734,0.4789902540341907,0.6532193641156734,544,0.544,299,0.6532193641156734,0,549,325.0691004952868,0.2290738052026618,0.21570218211414585,0.0,0.5263157894736842,0.3714458560193587,0.5263157894736842,540,0.54,136,0.5263157894736842,0,549,229.06246218995744,0.15119597989949896,0.1413424345193746,0.0,0.3165829145728643,0.271356783919598,0.3165829145728643,534,0.534,547,0.3165829145728643,0,549,151.07286432160947,0
1,17,2023-06-14,0.3133780955424196,0.3054116657500564,0.0,0.6516216648026841,0.4702029078127496,0.6516216648026841,524,0.524,161,0.6516216648026841,0,529,313.36535389039796,0.19222958257713207,0.1895472295141909,0.0,0.484875983061101,0.2864488808227465,0.484875983061101,520,0.52,151,0.484875983061101,0,529,192.22398669086488,0.0,0.0,0.0,0.0,0.0,0.0,0,0.0,0,0.0,-1,-1,0.0,0
1,18,2023-06-14,0.23984733983064352,0.2839739191622272,0.0,0.6269372104169996,0.0,0.6269372104169996,424,0.424,138,0.6269372104169996,0,429,239.83260105448105,0.17224561403508765,0.20551178711238535,0.0,0.4939503932244404,0.0,0.4939503932244404,420,0.42,138,0.4939503932244404,0,429,172.23593466424694,0.11723115577889463,0.13966891330320771,0.0,0.3165829145728643,0.0,0.3165829145728643,414,0.414,427,0.3165829145728643,0,429,117.1080402010052,0
1,19,2023-06-14,0.24567598657932496,0.2914165170718656,0.0,0.6580124620546414,0.0,0.6580124620546414,424,0.424,224,0.6580124620546414,0,429,245.66052883847217,0.16116454930429583,0.19596886641510733,0.0,0.5381125226860254,0.0,0.5381125226860254,420,0.42,137,0.5381125226860254,0,429,161.1541137326078,0.12454271356783997,0.14908958701715572,0.0,0.3266331658291457,0.0,0.3266331658291457,414,0.414,230,0.3266331658291457,0,429,124.41959798995052,0
1,20,2023-06-14,0.2748622783192207,0.3021667290616638,0.0,0.6535389039782713,0.0,0.6535389039782713,463,0.463,135,0.6535389039782713,0,469,274.848218565266,0.17588656987295848,0.19523701934907442,0.0,0.5090744101633394,0.0,0.5090744101633394,460,0.46,128,0.5090744101633394,0,469,175.8806715063521,0.0,0.0,0.0,0.0,0.0,0.0,0,0.0,0,0.0,-1,-1,0.0,0
1,21,2023-06-14,0.2577724077328643,0.2826849250546204,0.0,0.6149544655695798,0.0,0.6149544655695798,463,0.463,441,0.6149544655695798,0,469,257.75311551365985,0.1824095583787055,0.20069087184742834,0.0,0.484875983061101,0.0,0.484875983061101,460,0.46,138,0.484875983061101,0,469,182.39821536600093,0.16502512562814026,0.23471276825887896,0.0,1.0,0.0,1.0,454,0.454,154,1.0,0,469,164.90201005025077,0
1,22,2023-06-14,0.22837146509026807,0.2830001359152224,0.0,0.6425147787186452,0.0,0.6425147787186452,404,0.404,206,0.6425147787186452,0,409,228.35636683176142,0.13909618874773175,0.175979682755224,0.0,0.4939503932244404,0.0,0.4939503932244404,400,0.4,175,0.4939503932244404,0,409,139.08454325468847,0.11853266331658349,0.14798071449116992,0.0,0.3266331658291457,0.0,0.3266331658291457,394,0.394,212,0.3266331658291457,0,409,118.40954773869406,0
1,23,2023-06-14,0.2998200990573571,0.2919466971552591,0.0,0.6269372104169996,0.4523086755072695,0.6269372104169996,523,0.523,496,0.6269372104169996,0,529,299.8004473558073,0.20801935874168231,0.20307924053529652,0.0,0.469751966122202,0.32093163944343617,0.469751966122202,520,0.52,136,0.469751966122202,0,529,208.0074107682999,0.14667336683417062,0.14295317983860678,0.0,0.3165829145728643,0.2663316582914573,0.3165829145728643,514,0.514,527,0.3165829145728643,0,529,146.55025125628094,0
1,24,2023-06-14,0.2418622783192206,0.30065105088147087,0.0,0.7061830963412685,0.0,0.7061830963412685,404,0.404,174,0.7061830963412685,0,409,241.84845822016348,0.15173260738052002,0.1901715587375594,0.0,0.5290381125226861,0.0,0.5290381125226861,400,0.4,151,0.5290381125226861,0,409,151.7212643678157,0.12037185929648299,0.1501665181797977,0.0,0.3266331658291457,0.0,0.3266331658291457,394,0.394,178,0.3266331658291457,0,409,120.24874371859356,0
1,25,2023-06-14,0.31326577728071603,0.3053645357110067,0.0,0.6509027001118389,0.46716727911807,0.6509027001118389,523,0.523,159,0.6509027001118389,0,529,313.25303562869516,0.1958384754990926,0.19341551952881908,0.0,0.5060496067755595,0.29083484573502716,0.5060496067755595,520,0.52,132,0.5060496067755595,0,529,195.8325771324863,0.0,0.0,0.0,0.0,0.0,0.0,0,0.0,0,0.0,-1,-1,0.0,0
1,26,2023-06-14,0.2298239335357079,0.28484633537373755,0.0,0.641636044096501,0.0,0.641636044096501,404,0.404,209,0.641636044096501,0,409,229.80887521968302,0.14196460980036293,0.17972607410037622,0.0,0.5060496067755595,0.0,0.5060496067755595,400,0.4,166,0.5060496067755595,0,409,141.95266182698103,0.11861306532663375,0.14805278750562192,0.0,0.3266331658291457,0.0,0.3266331658291457,394,0.394,213,0.3266331658291457,0,409,118.48994974874431,0
1,27,2023-06-14,0.31322200031953984,0.30534349169775654,0.0,0.65074293018054,0.4694839431219044,0.65074293018054,523,0.523,163,0.65074293018054,0,529,313.2079805080683,0.1918245614035085,0.19069230657489283,0.0,0.4939503932244404,0.26920750151240164,0.4939503932244404,520,0.52,133,0.4939503932244404,0,529,191.8188142770717,0.0,0.0,0.0,0.0,0.0,0.0,0,0.0,0,0.0,-1,-1,0.0,0
1,28,2023-06-14,0.2415039942482818,0.28653040829233417,0.0,0.6273366352452469,0.0,0.6273366352452469,424,0.424,137,0.6273366352452469,0,429,241.48917558715448,0.17002692075015124,0.20315165433321475,0.0,0.4788263762855414,0.0,0.4788263762855414,420,0.42,213,0.4788263762855414,0,429,170.01663641863297,0.11706532663316607,0.13946913531698843,0.0,0.3165829145728643,0.0,0.3165829145728643,414,0.414,427,0.3165829145728643,0,429,116.94221105527663,0
1,29,2023-06-14,0.3035873142674555,0.2959212236914818,0.0,0.641636044096501,0.4495925866751877,0.641636044096501,523,0.523,453,0.641636044096501,0,529,303.5658651541781,0.20733726557773705,0.20243690965425007,0.0,0.4667271627344223,0.30611010284331513,0.4667271627344223,520,0.52,137,0.4667271627344223,0,529,207.32531760435603,0.14572864321608117,0.14196384571988208,0.0,0.3165829145728643,0.2663316582914573,0.3165829145728643,514,0.514,527,0.3165829145728643,0,529,145.6055276381917,0
1,30,2023-06-14,0.4772232784789872,0.29907880386792274,0.0,0.7001917239175587,0.664483144272248,0.7001917239175587,724,0.724,646,0.7001917239175587,0,729,477.19859402460486,0.3063109497882644,0.19548159607962431,0.0,0.484875983061101,0.4104658197217181,0.484875983061101,720,0.72,270,0.484875983061101,0,729,306.2947670901396,0.2015577889447261,0.12776967666664163,0.0,0.3165829145728643,0.2864321608040201,0.3165829145728643,714,0.714,727,0.3165829145728643,0,729,201.43467336683665,0
1,31,2023-06-14,0.3063895989774726,0.31144857060129255,0.0,0.6851733503754593,0.13700271608883205,0.6851733503754593,504,0.504,226,0.6851733503754593,0,509,306.37482025882775,0.22105474894131918,0.22951868904854753,0.0,0.5837870538415003,0.00786448880822745,0.5837870538415003,500,0.5,206,0.5837870538415003,0,509,221.04446460980023,0.1456633165829157,0.148254903634264,0.0,0.3266331658291457,0.0,0.3266331658291457,494,0.494,358,0.3266331658291457,0,509,145.54020100502626,0
1,32,2023-06-14,0.4404189966448319,0.35371422628939697,0.0,0.8860041540182138,0.6879693241731906,0.8860041540182138,615,0.615,36,0.8860041540182138,0,629,440.38081163125054,0.25322020568663056,0.2127903328518118,0.0,0.6258318209316395,0.3042952208106473,0.6258318209316395,610,0.61,29,0.6258318209316395,0,629,253.20311554749026,0.177567839195981,0.1448043033041411,0.0,0.3266331658291457,0.2663316582914573,0.3266331658291457,604,0.604,475,0.3266331658291457,0,629,177.44472361809153,0
1,33,2023-06-14,0.3086874101294136,0.2880022107858748,0.0,0.61791020929861,0.4737178463013261,0.61791020929861,544,0.544,485,0.61791020929861,0,549,308.6716727911809,0.2273154869933453,0.21350139135548393,0.0,0.4727767695099819,0.3405928614640048,0.4727767695099819,540,0.54,325,0.4727767695099819,0,549,227.3053539019968,0.15082412060301656,0.14104193007664878,0.0,0.3165829145728643,0.2663316582914573,0.3165829145728643,534,0.534,547,0.3165829145728643,0,549,150.70100502512707,0
1,34,2023-06-14,0.3747037066624055,0.3107943368568049,0.0,0.6714331362837515,0.4924109282633008,0.6714331362837515,604,0.604,409,0.6714331362837515,0,609,374.6839750758902,0.2504497882637626,0.21179093339664273,0.0,0.4969751966122202,0.322746521476104,0.4969751966122202,600,0.6,196,0.4969751966122202,0,609,250.43814277071937,0.16829145728643397,0.13925600541653307,0.0,0.3165829145728643,0.2763819095477386,0.3165829145728643,594,0.594,607,0.3165829145728643,0,609,168.1683417085445,0
1,35,2023-06-14,0.3642320658252121,0.30196713753934695,0.0,0.6509027001118389,0.4824253075571177,0.6509027001118389,603,0.603,392,0.6509027001118389,0,609,364.21804601374055,0.23701209921355063,0.1981941040325158,0.0,0.484875983061101,0.3684210526315789,0.484875983061101,600,0.6,142,0.484875983061101,0,609,237.00650332728327,0.0,0.0,0.0,0.0,0.0,0.0,0,0.0,0,0.0,-1,-1,0.0,0
1,36,2023-06-14,0.324108563668318,0.2906728149614384,0.0,0.6171113596421154,0.4791500239654896,0.6171113596421154,564,0.564,251,0.6171113596421154,0,569,324.10133407892585,0.25841560798548097,0.2346536251326851,0.0,0.5837870538415003,0.395946763460375,0.5837870538415003,560,0.56,181,0.5837870538415003,0,569,258.4077434966721,0.0,0.0,0.0,0.0,0.0,0.0,0,0.0,0,0.0,-1,-1,0.0,0
1,37,2023-06-14,0.46887585876338095,0.2928293845687392,0.0,0.6716727911806998,0.6505831602492411,0.6716727911806998,724,0.724,234,0.6716727911806998,0,729,468.8469004633342,0.2924449485783412,0.18732835904194572,0.0,0.4637023593466424,0.3889897156684815,0.4637023593466424,720,0.72,308,0.4637023593466424,0,729,292.4304295220804,0.20211055276382156,0.1280620115059086,0.0,0.3165829145728643,0.2864321608040201,0.3165829145728643,714,0.714,727,0.3165829145728643,0,729,201.98743718593212,0
1,38,2023-06-14,0.4411062470043128,0.354293480775091,0.0,0.8785748522128135,0.6848538105128614,0.8785748522128135,615,0.615,25,0.8785748522128135,0,629,441.06474676465774,0.26596188747731414,0.21782922055344123,0.0,0.5928614640048396,0.3835450695704779,0.5928614640048396,610,0.61,35,0.5928614640048396,0,629,265.9444948578346,0.17399999999999927,0.14127862759413917,0.0,0.3165829145728643,0.2663316582914573,0.3165829145728643,604,0.604,627,0.3165829145728643,0,629,173.87688442210967,0
1,39,2023-06-14,0.2339279437609843,0.27723625540324603,0.0,0.6084038983863237,0.0,0.6084038983863237,424,0.424,141,0.6084038983863237,0,429,233.91364435213242,0.15682425892316987,0.18870713079523466,0.0,0.454930429522081,0.0,0.454930429522081,420,0.42,154,0.454930429522081,0,429,156.81276467029642,0.11747738693467327,0.1400288126855013,0.0,0.3165829145728643,0.0,0.3165829145728643,414,0.414,427,0.3165829145728643,0,429,117.35427135678385,0
1,40,2023-06-14,0.2977339830643878,0.30144696789580816,0.0,0.6515417798370347,0.15202108963093142,0.6515417798370347,504,0.504,352,0.6515417798370347,0,509,297.71996325291605,0.2054286146400486,0.21453395656660865,0.0,0.5030248033877798,0.0087719298245614,0.5030248033877798,500,0.5,309,0.5030248033877798,0,509,205.4168179068358,0.13969849246231278,0.1415131051896986,0.0,0.3165829145728643,0.0,0.3165829145728643,494,0.494,507,0.3165829145728643,0,509,139.5753768844233,0
1,41,2023-06-14,0.22219555839590985,0.27463519384045504,0.0,0.6024125259626139,0.0,0.6024125259626139,404,0.404,137,0.6024125259626139,0,409,222.18141875698961,0.15122928009679354,0.1887946416995572,0.0,0.4667271627344223,0.0,0.4667271627344223,400,0.4,144,0.4667271627344223,0,409,151.21929824561366,0.11113065326633219,0.13803863464600385,0.0,0.3165829145728643,0.0,0.3165829145728643,394,0.394,407,0.3165829145728643,0,409,111.00753768844278,0
1,42,2023-06-14,0.22884550247643293,0.28346223721987635,0.0,0.6262981306918038,0.0,0.6262981306918038,404,0.404,270,0.6262981306918038,0,409,228.8308036427542,0.14993889897156676,0.18756205881031293,0.0,0.454930429522081,0.0,0.454930429522081,400,0.4,154,0.454930429522081,0,409,149.92906836055664,0.11075376884422179,0.13748383726810032,0.0,0.3165829145728643,0.0,0.3165829145728643,394,0.394,407,0.3165829145728643,0,409,110.63065326633235,0
1,43,2023-06-14,0.4503642754433599,0.29523823721159115,0.0,0.6618469404058156,0.6437130532033871,0.6618469404058156,704,0.704,536,0.6618469404058156,0,709,450.3357565106237,0.2884900181488192,0.19301914676424284,0.0,0.469751966122202,0.395946763460375,0.469751966122202,700,0.7,270,0.469751966122202,0,709,288.47534785238975,0.19756783919598125,0.131447541630116,0.0,0.3165829145728643,0.2864321608040201,0.3165829145728643,694,0.694,707,0.3165829145728643,0,709,197.44472361809167,0
1,44,2023-06-14,0.47299824253075123,0.3104858323638873,0.0,0.7042658571656815,0.6766256590509666,0.7042658571656815,704,0.704,359,0.7042658571656815,0,709,472.9706422751218,0.29416606170598814,0.19728158379488708,0.0,0.4818511796733212,0.4001814882032667,0.4818511796733212,700,0.7,265,0.4818511796733212,0,709,294.15184513006494,0.1967889447236205,0.13081021487386,0.0,0.3165829145728643,0.2864321608040201,0.3165829145728643,694,0.694,707,0.3165829145728643,0,709,196.66582914573098,0
1,45,2023-06-14,0.3128449432816745,0.3181092478801073,0.0,0.688208979070139,0.1416759865793257,0.688208979070139,504,0.504,418,0.688208979070139,0,509,312.8247323853653,0.20116333938294054,0.21061693388670027,0.0,0.484875983061101,0.0084694494857834,0.484875983061101,500,0.5,291,0.484875983061101,0,509,201.15199637023602,0.13931155778894597,0.141108021477912,0.0,0.3165829145728643,0.0,0.3165829145728643,494,0.494,507,0.3165829145728643,0,509,139.1884422110565,0
1,46,2023-06-14,0.31316975555200544,0.3188457489883507,0.0,0.6864515098258508,0.1432337434094903,0.6864515098258508,504,0.504,197,0.6864515098258508,0,509,313.1508627576292,0.1958554143980632,0.2056824965769068,0.0,0.4758015728977616,0.00741076830006045,0.4758015728977616,500,0.5,331,0.4758015728977616,0,509,195.8442226255289,0.13842211055276504,0.14023052984269277,0.0,0.3165829145728643,0.0,0.3165829145728643,494,0.494,507,0.3165829145728643,0,509,138.29899497487557,0
1,47,2023-06-14,0.5018545294775507,0.33020422698982943,0.0,0.7518772966927624,0.7223997443681099,0.7518772966927624,704,0.704,668,0.7518772966927624,0,709,501.8265297970928,0.2966088929219604,0.1988521612048792,0.0,0.4788263762855414,0.4071385359951603,0.4788263762855414,700,0.7,288,0.4788263762855414,0,709,296.5930127041739,0.19662814070351997,0.13073387144424087,0.0,0.3165829145728643,0.2864321608040201,0.3165829145728643,694,0.694,707,0.3165829145728643,0,709,196.50502512563048,0
1,48,2023-06-14,0.27679533471800516,0.29771537225338324,0.0,0.6386004154018213,0.0,0.6386004154018213,474,0.474,269,0.6386004154018213,0,479,276.7828327208825,0.20261010284331524,0.22184603066753225,0.0,0.5989110707803993,0.0,0.5989110707803993,470,0.47,32,0.5989110707803993,0,479,202.5972474289176,0.14364824120603112,0.15562308661392438,0.0,0.3266331658291457,0.0,0.3266331658291457,463,0.463,160,0.3266331658291457,0,477,143.52512562814167,0
1,49,2023-06-14,0.2983778558875208,0.3165290163378652,0.0,0.9114075730947436,0.0,0.9114075730947436,486,0.486,57,0.9114075730947436,0,499,298.3564467167285,0.18761070780399297,0.20984608218040762,0.0,0.8012704174228675,0.0,0.8012704174228675,480,0.48,10,0.8012704174228675,0,499,187.59346642468265,0.0,0.0,0.0,0.0,0.0,0.0,0,0.0,0,0.0,-1,-1,0.0,0
1,50,2023-06-14,0.2841510624700422,0.3121469070203862,0.0,0.8700271608883208,0.0,0.8700271608883208,466,0.466,57,0.8700271608883208,0,479,284.1288943920754,0.18150423472474303,0.20778377272728538,0.0,0.7078039927404719,0.0,0.7078039927404719,460,0.46,17,0.7078039927404719,0,479,181.48911070780417,0.0,0.0,0.0,0.0,0.0,0.0,0,0.0,0,0.0,-1,-1,0.0,0
1,51,2023-06-14,0.28412198434254904,0.31213802396871404,0.0,0.8590829205943441,0.0,0.8590829205943441,466,0.466,59,0.8590829205943441,0,479,284.10009586196117,0.18092831215970967,0.20544672604039632,0.0,0.7105263157894737,0.0,0.7105263157894737,460,0.46,15,0.7105263157894737,0,479,180.91303690260148,0.0,0.0,0.0,0.0,0.0,0.0,0,0.0,0,0.0,-1,-1,0.0,0
1,52,2023-06-14,0.3261853331203071,0.31770729565130923,0.0,0.7049848218565266,0.497603451030516,0.7049848218565266,524,0.524,221,0.7049848218565266,0,529,326.1715130212488,0.2049770114942536,0.2038420241740555,0.0,0.5444646098003629,0.3415003024803388,0.5444646098003629,520,0.52,135,0.5444646098003629,0,529,204.96536600121044,0.15729145728643332,0.15426615143526848,0.0,0.3266331658291457,0.271356783919598,0.3266331658291457,513,0.513,227,0.3266331658291457,0,527,157.16834170854386,0
1,53,2023-06-14,0.43383312030675664,0.3486754498536387,0.0,0.8788145071097619,0.671193481386803,0.8788145071097619,615,0.615,30,0.8788145071097619,0,629,433.7916200671029,0.2629277071990324,0.2142975234246262,0.0,0.5898366606170599,0.3883847549909255,0.5898366606170599,610,0.61,40,0.5898366606170599,0,629,262.91046581972205,0.17104522613065434,0.13880016979155108,0.0,0.3165829145728643,0.2663316582914573,0.3165829145728643,604,0.604,627,0.3165829145728643,0,629,170.9221105527649,0
1,54,2023-06-14,0.4040370666240614,0.3259569182559331,0.0,0.8876018533312031,0.6300527240773286,0.8876018533312031,615,0.615,40,0.8876018533312031,0,629,403.9953267295095,0.2514068360556564,0.20486647412701425,0.0,0.5683605565638233,0.3765880217785844,0.5683605565638233,610,0.61,47,0.5683605565638233,0,629,251.3891409558371,0.1710251256281422,0.1387186675088703,0.0,0.3165829145728643,0.271356783919598,0.3165829145728643,604,0.604,627,0.3165829145728643,0,629,170.90201005025276,0
1,55,2023-06-14,0.43015234062949204,0.3457686700838952,0.0,0.8806518613196996,0.6664802684134846,0.8806518613196996,615,0.615,40,0.8806518613196996,0,629,430.11092027480584,0.2567885662431942,0.20897716798579796,0.0,0.5653357531760436,0.3835450695704779,0.5653357531760436,610,0.61,47,0.5653357531760436,0,629,256.77087114337564,0.17138693467336788,0.13907408664347914,0.0,0.3165829145728643,0.2663316582914573,0.3165829145728643,604,0.604,627,0.3165829145728643,0,629,171.26381909547842,0
1,56,2023-06-14,0.4288266496245404,0.3447106176435036,0.0,0.8844064547052245,0.6675986579325771,0.8844064547052245,615,0.615,35,0.8844064547052245,0,629,428.7850694999209,0.2591330913490624,0.21055691066168378,0.0,0.5898366606170599,0.3977616454930429,0.5898366606170599,610,0.61,45,0.5898366606170599,0,629,259.1158499697516,0.17118592964824253,0.1388741125657724,0.0,0.3165829145728643,0.2663316582914573,0.3165829145728643,604,0.604,627,0.3165829145728643,0,629,171.06281407035308,0
1,57,2023-06-14,0.432329845023167,0.3471821382299116,0.0,0.900303562869468,0.6849336954785109,0.900303562869468,615,0.615,49,0.900303562869468,0,629,432.289263460617,0.2523596491228064,0.20508665796857942,0.0,0.5989110707803993,0.3850574712643678,0.5989110707803993,610,0.61,49,0.5989110707803993,0,629,252.34210526315746,0.1730452261306541,0.14034915031031833,0.0,0.3165829145728643,0.2763819095477386,0.3165829145728643,604,0.604,627,0.3165829145728643,0,629,172.92211055276468,0
1,58,2023-06-14,0.3168332001917239,0.30921393739139535,0.0,0.669995206902061,0.47343824892155295,0.669995206902061,524,0.524,199,0.669995206902061,0,529,316.82001917239194,0.22301240169389036,0.21903741777816355,0.0,0.5353901996370236,0.367211131276467,0.5353901996370236,520,0.52,129,0.5353901996370236,0,529,223.0009074410166,0.1451608040201019,0.14153328831129933,0.0,0.3165829145728643,0.271356783919598,0.3165829145728643,513,0.513,527,0.3165829145728643,0,527,145.0376884422124,0
1,59,2023-06-14,0.4376165521648806,0.3511592375527887,0.0,0.8999840230068701,0.7023486179900943,0.8999840230068701,615,0.615,33,0.8999840230068701,0,629,437.5759706023328,0.25662189957652753,0.2108529459418805,0.0,0.6594071385359952,0.3850574712643678,0.6594071385359952,610,0.61,23,0.6594071385359952,0,629,256.60390199637044,0.17222110552763928,0.1396487760852365,0.0,0.3165829145728643,0.2763819095477386,0.3165829145728643,604,0.604,627,0.3165829145728643,0,629,172.0979899497498,0
1,60,2023-06-14,0.5009249880172555,0.3299489745033452,0.0,0.7468445438568462,0.723278478990254,0.7468445438568462,704,0.704,350,0.7468445438568462,0,709,500.89706822176123,0.2982117362371448,0.19851256345403398,0.0,0.4788263762855414,0.4128856624319419,0.4788263762855414,700,0.7,223,0.4788263762855414,0,709,298.19676346037517,0.19696482412060543,0.13093085933813325,0.0,0.3165829145728643,0.2864321608040201,0.3165829145728643,694,0.694,707,0.3165829145728643,0,709,196.8417085427159,0
1,61,2023-06-14,0.31994416040901136,0.2990383361644838,0.0,0.6429940885125419,0.4790701389998402,0.6429940885125419,544,0.544,207,0.6429940885125419,0,549,319.9303003674704,0.22661373260738074,0.21347732709781844,0.0,0.5172413793103449,0.366908650937689,0.5172413793103449,540,0.54,157,0.5172413793103449,0,549,226.60269207501509,0.15091959798995122,0.14136830667218253,0.0,0.3165829145728643,0.271356783919598,0.3165829145728643,533,0.533,547,0.3165829145728643,0,547,150.79648241206175,0
1,62,2023-06-14,0.31004146029717167,0.30288151192146673,0.0,0.6505831602492411,0.4515897108164243,0.6505831602492411,523,0.523,314,0.6505831602492411,0,529,310.02360600734943,0.2077725347852389,0.20418268970033562,0.0,0.5199637023593466,0.3445251058681186,0.5199637023593466,520,0.52,134,0.5199637023593466,0,529,207.76134301270366,0.14548743718593102,0.14166734637653064,0.0,0.3165829145728643,0.2663316582914573,0.3165829145728643,514,0.514,527,0.3165829145728643,0,529,145.3643216080415,0
1,63,2023-06-14,0.3584858603610801,0.29808241874644864,0.0,0.645071097619428,0.4806678383128295,0.645071097619428,603,0.603,277,0.645071097619428,0,609,358.4668876817379,0.28025741076830096,0.23459054963717546,0.0,0.5807622504537205,0.4119782214156079,0.5807622504537205,600,0.6,147,0.5807622504537205,0,609,280.24606775559596,0.16944723618090574,0.14034462484140903,0.0,0.3165829145728643,0.271356783919598,0.3165829145728643,594,0.594,607,0.3165829145728643,0,609,169.324120603016,0
1,64,2023-06-14,0.22367295095063042,0.2907657602989859,0.0,0.6109602172871066,0.0,0.6109602172871066,470,0.47,231,0.6109602172871066,0,479,223.67175267614633,0.12871566848154894,0.16958391656844687,0.0,0.3808227465214761,0.0,0.3808227465214761,470,0.47,255,0.3808227465214761,0,479,128.71506352087118,0.0,0.0,0.0,0.0,0.0,0.0,0,0.0,0,0.0,-1,-1,0.0,0
1,64,2023-06-14,0.27019308196197545,0.2897656005580384,0.0,0.6147946956382809,0.0,0.6147946956382809,474,0.474,151,0.6147946956382809,0,479,270.1822575491295,0.15924410163339345,0.17118684448614443,0.0,0.4095583787053841,0.0,0.4095583787053841,470,0.47,141,0.4095583787053841,0,479,159.23684210526355,0.0,0.0,0.0,0.0,0.0,0.0,0,0.0,0,0.0,-1,-1,0.0,0
1,65,2023-06-14,0.31328263300846826,0.30539529664374254,0.0,0.6548969483943122,0.46868509346540976,0.6548969483943122,524,0.524,149,0.6548969483943122,0,529,313.27108963093195,0.1991911675741077,0.19603933646600366,0.0,0.4818511796733212,0.31775559588626734,0.4818511796733212,520,0.52,136,0.4818511796733212,0,529,199.1855716878409,0.0,0.0,0.0,0.0,0.0,0.0,0,0.0,0,0.0,-1,-1,0.0,0
1,66,2023-06-14,0.3640892315066303,0.3020366996359849,0.0,0.6516216648026841,0.482984502316664,0.6516216648026841,603,0.603,353,0.6516216648026841,0,609,364.07648985460935,0.26664882032667836,0.22401403503601766,0.0,0.5653357531760436,0.3923169993950393,0.5653357531760436,600,0.6,133,0.5653357531760436,0,609,266.64337568058073,0.0,0.0,0.0,0.0,0.0,0.0,0,0.0,0,0.0,-1,-1,0.0,1
1,67,2023-06-14,0.2973624380891523,0.3010316052521806,0.0,0.6621664802684135,0.13368749001437924,0.6621664802684135,504,0.504,189,0.6621664802684135,0,509,297.3494567822337,0.20368844525105917,0.20782023463157104,0.0,0.5595886267392619,0.0087719298245614,0.5595886267392619,500,0.5,129,0.5595886267392619,0,509,203.67649727767696,0.1523869346733679,0.1552109418787121,0.0,0.3266331658291457,0.0,0.3266331658291457,494,0.494,194,0.3266331658291457,0,509,152.26381909547845,0
1,68,2023-06-14,0.29672703307237563,0.3195408526402509,0.0,0.6915641476274165,0.0,0.6915641476274165,474,0.474,280,0.6915641476274165,0,479,296.7107764818661,0.17862159709618883,0.1936339292729447,0.0,0.4488808227465214,0.0,0.4488808227465214,470,0.47,201,0.4488808227465214,0,479,178.61191772534764,0.13073869346733782,0.14062872303150392,0.0,0.3165829145728643,0.0,0.3165829145728643,464,0.464,477,0.3165829145728643,0,479,130.61557788944833,0
1,69,2023-06-14,0.30445662246365196,0.2972098286346427,0.0,0.6354050167758428,0.4503115513660329,0.6354050167758428,523,0.523,218,0.6354050167758428,0,529,304.4366112797566,0.20874047186932804,0.20457823102144324,0.0,0.514216575922565,0.35178463399879006,0.514216575922565,520,0.52,131,0.514216575922565,0,529,208.72837265577712,0.1466582914572869,0.14286554783594854,0.0,0.3165829145728643,0.2663316582914573,0.3165829145728643,514,0.514,527,0.3165829145728643,0,529,146.53517587939734,0
1,70,2023-06-14,0.28834206742290974,0.314861051721033,0.0,0.8138680300367471,0.0,0.8138680300367471,465,0.465,30,0.8138680300367471,0,479,288.321257389358,0.19189473684210517,0.21535416990687603,0.0,0.6594071385359952,0.0,0.6594071385359952,460,0.46,24,0.6594071385359952,0,479,191.88188142770767,0.0,0.0,0.0,0.0,0.0,0.0,0,0.0,0,0.0,-1,-1,0.0,0
1,71,2023-06-14,0.3727298290461734,0.30983873432411807,0.0,0.6704745166959578,0.4811471481067263,0.6704745166959578,604,0.604,351,0.6704745166959578,0,609,372.7127736060072,0.25838082274652174,0.21916708849893426,0.0,0.5090744101633394,0.322746521476104,0.5090744101633394,600,0.6,201,0.5090744101633394,0,609,258.3688747731399,0.16740703517588118,0.1385751993744541,0.0,0.3165829145728643,0.271356783919598,0.3165829145728643,594,0.594,607,0.3165829145728643,0,609,167.2839195979917,0
1,72,2023-06-14,0.28824420833998976,0.3148570189695148,0.0,0.8199392874261064,0.0,0.8199392874261064,465,0.465,16,0.8199392874261064,0,479,288.22331842147196,0.19601905626134275,0.2214525189728421,0.0,0.7407743496672716,0.0,0.7407743496672716,460,0.46,12,0.7407743496672716,0,479,196.00604960677532,0.0,0.0,0.0,0.0,0.0,0.0,0,0.0,0,0.0,-1,-1,0.0,0
1,73,2023-06-14,0.5075722958939123,0.3345025250701592,0.0,0.7763220961814986,0.7337434094903339,0.7763220961814986,704,0.704,136,0.7763220961814986,0,709,507.5448953506938,0.34813793103448026,0.2323743800928632,0.0,0.6258318209316395,0.4664246823956443,0.6258318209316395,700,0.7,133,0.6258318209316395,0,709,348.1220508166969,0.196949748743721,0.1308924898259288,0.0,0.3165829145728643,0.2864321608040201,0.3165829145728643,694,0.694,707,0.3165829145728643,0,709,196.8266331658315,0
1,74,2023-06-14,0.28823941524205116,0.31481050430128255,0.0,0.8182617031474676,0.0,0.8182617031474676,465,0.465,19,0.8182617031474676,0,479,288.2169675667044,0.19406079854809458,0.21822727616446483,0.0,0.7138535995160314,0.0,0.7138535995160314,460,0.46,15,0.7138535995160314,0,479,194.04824561403504,0.0,0.0,0.0,0.0,0.0,0.0,0,0.0,0,0.0,-1,-1,0.0,0
1,75,2023-06-14,0.4818681898066731,0.3165622139812381,0.0,0.7157692922192044,0.6933216168717048,0.7157692922192044,704,0.704,494,0.7157692922192044,0,709,481.84015018373475,0.3004107683000589,0.20048609680851645,0.0,0.4818511796733212,0.4098608590441621,0.4818511796733212,700,0.7,184,0.4818511796733212,0,709,300.39655172413694,0.1972763819095497,0.13122732756445887,0.0,0.3165829145728643,0.2864321608040201,0.3165829145728643,694,0.694,707,0.3165829145728643,0,709,197.1532663316602,0
1,76,2023-06-14,0.31519555839590985,0.3195285878750255,0.0,0.6980348298450232,0.14507109761942794,0.6980348298450232,504,0.504,491,0.6980348298450232,0,509,315.1818980667837,0.21176043557168775,0.21585502606531332,0.0,0.5323653962492438,0.0083182093163944,0.5323653962492438,500,0.5,137,0.5323653962492438,0,509,211.74909255898382,0.14001005025125748,0.14190984632764475,0.0,0.3266331658291457,0.0,0.3266331658291457,494,0.494,497,0.3266331658291457,0,509,139.88693467336802,0
1,77,2023-06-14,0.5036752676146328,0.3313033658409483,0.0,0.7494807477232784,0.728950311551366,0.7494807477232784,704,0.704,376,0.7494807477232784,0,709,503.64734781913944,0.29951663641863197,0.20062098830167868,0.0,0.4818511796733212,0.4134906231094978,0.4818511796733212,700,0.7,243,0.4818511796733212,0,709,299.5024198427094,0.19670351758794205,0.13074322994696658,0.0,0.3165829145728643,0.2864321608040201,0.3165829145728643,694,0.694,707,0.3165829145728643,0,709,196.58040201005258,0
1,78,2023-06-14,0.4822524364914472,0.3168225389414535,0.0,0.7124940086275763,0.6956382808755392,0.7124940086275763,704,0.704,188,0.7124940086275763,0,709,482.23142674548484,0.29532274652147494,0.19817395086320136,0.0,0.469751966122202,0.4050211736237145,0.469751966122202,700,0.7,252,0.469751966122202,0,709,295.3107985480942,0.0,0.0,0.0,0.0,0.0,0.0,0,0.0,0,0.0,-1,-1,0.0,0
1,79,2023-06-14,0.3084324173190616,0.29996152121482617,0.0,0.6390797251957182,0.4761942802364595,0.6390797251957182,524,0.524,139,0.6390797251957182,0,529,308.4186371624862,0.21627676950998193,0.21166788000347989,0.0,0.5414398064125832,0.3650937689050211,0.5414398064125832,520,0.52,132,0.5414398064125832,0,529,216.26406533575303,0.14634170854271483,0.1424490715533599,0.0,0.3165829145728643,0.271356783919598,0.3165829145728643,514,0.514,527,0.3165829145728643,0,529,146.21859296482526,0
1,80,2023-06-14,0.3131985940246048,0.3053968266109211,0.0,0.6479469563828087,0.4693241731906055,0.6479469563828087,523,0.523,142,0.6479469563828087,0,529,313.18585237258344,0.20333091349062316,0.20055499846324146,0.0,0.514216575922565,0.3266787658802177,0.514216575922565,520,0.52,132,0.514216575922565,0,529,203.32486388384763,0.0,0.0,0.0,0.0,0.0,0.0,0,0.0,0,0.0,-1,-1,0.0,0
1,81,2023-06-14,0.3100360281195084,0.3018062921517331,0.0,0.6393193800926665,0.4731586515417798,0.6393193800926665,524,0.524,255,0.6393193800926665,0,529,310.02220802045,0.21520871143375692,0.21113354540406196,0.0,0.5505142165759226,0.3647912885662432,0.5505142165759226,520,0.52,141,0.5505142165759226,0,529,215.1969147005446,0.14610050251256415,0.14224377023068532,0.0,0.3165829145728643,0.2663316582914573,0.3165829145728643,514,0.514,527,0.3165829145728643,0,529,145.97738693467468,0
1,82,2023-06-14,0.3643216168717043,0.3019521655949317,0.0,0.6516216648026841,0.482984502316664,0.6516216648026841,604,0.604,323,0.6516216648026841,0,609,364.3101533791338,0.23874349667271633,0.20044170450887208,0.0,0.4818511796733212,0.3472474289171204,0.4818511796733212,600,0.6,153,0.4818511796733212,0,609,238.73790078644907,0.0,0.0,0.0,0.0,0.0,0.0,0,0.0,0,0.0,-1,-1,0.0,0
1,83,2023-06-14,0.30880979389678886,0.28789742887048514,0.0,0.6191883687490014,0.4758747403738616,0.6191883687490014,544,0.544,134,0.6191883687490014,0,549,308.79645310752585,0.2194854809437385,0.2066017550045955,0.0,0.5381125226860254,0.352389594676346,0.5381125226860254,540,0.54,134,0.5381125226860254,0,549,219.47398669086488,0.1519497487437197,0.14240405923981808,0.0,0.3165829145728643,0.271356783919598,0.3165829145728643,533,0.533,547,0.3165829145728643,0,547,151.82663316583003,0
1,84,2023-06-14,0.42011567343026024,0.3379581135430744,0.0,0.8937529956862118,0.6694360121425148,0.8937529956862118,615,0.615,45,0.8937529956862118,0,629,420.0753714650899,0.2854428312159689,0.2326954166588716,0.0,0.6957047791893527,0.4419237749546279,0.6957047791893527,610,0.61,45,0.6957047791893527,0,629,285.42513611615124,0.17233165829145833,0.13982059339891945,0.0,0.3165829145728643,0.271356783919598,0.3165829145728643,604,0.604,627,0.3165829145728643,0,629,172.20854271356885,1
1,85,2023-06-14,0.2901632848697876,0.29414692208888255,0.0,0.6267774404857006,0.1253395111040102,0.6267774404857006,504,0.504,170,0.6267774404857006,0,509,290.14978431059194,0.21084422262552932,0.21496080286206135,0.0,0.5505142165759226,0.0086206896551724,0.5505142165759226,500,0.5,127,0.5505142165759226,0,509,210.8313672111314,0.15363819095477493,0.15658395668627223,0.0,0.3266331658291457,0.0,0.3266331658291457,494,0.494,146,0.3266331658291457,0,509,153.51507537688548,0
1,86,2023-06-14,0.44056838153059424,0.3535550900586134,0.0,0.8848058795334718,0.7009106886084039,0.8848058795334718,615,0.615,32,0.8848058795334718,0,629,440.52676146349205,0.26178554143980587,0.21425013755552813,0.0,0.6046581972171808,0.3793103448275862,0.6046581972171808,610,0.61,39,0.6046581972171808,0,629,261.7678463399876,0.17438693467336658,0.14150193347385426,0.0,0.3165829145728643,0.271356783919598,0.3165829145728643,604,0.604,627,0.3165829145728643,0,629,174.26381909547695,0
1,87,2023-06-14,0.32360265218085965,0.2899852671939802,0.0,0.6150343505352293,0.4799488736219843,0.6150343505352293,564,0.564,143,0.6150343505352293,0,569,323.58939127656095,0.2594497882637631,0.23414302083609595,0.0,0.5595886267392619,0.4101633393829401,0.5595886267392619,560,0.56,143,0.5595886267392619,0,569,259.43784029038096,0.1581155778894474,0.14238095352209448,0.0,0.3165829145728643,0.271356783919598,0.3165829145728643,553,0.553,567,0.3165829145728643,0,567,157.99246231155763,0
1,88,2023-06-14,0.44039071736698976,0.35324397611746927,0.0,0.8892794376098418,0.7044256270969803,0.8892794376098418,615,0.615,40,0.8892794376098418,0,629,440.3488975874737,0.2620432546884454,0.21423020627613398,0.0,0.5716878402903811,0.3811252268602541,0.5716878402903811,610,0.61,40,0.5716878402903811,0,629,262.0254083484576,0.17323618090452275,0.14052890493379258,0.0,0.3165829145728643,0.2763819095477386,0.3165829145728643,604,0.604,627,0.3165829145728643,0,629,173.1130653266331,0
1,89,2023-06-14,0.4414526282153711,0.35412193106350986,0.0,0.9021409170794056,0.7075411407573095,0.9021409170794056,615,0.615,48,0.9021409170794056,0,629,441.4102092986105,0.26126739261947984,0.21272481206921692,0.0,0.5595886267392619,0.3838475499092559,0.5595886267392619,610,0.61,48,0.5595886267392619,0,629,261.24984875983085,0.17195979899497588,0.13950219388755952,0.0,0.3165829145728643,0.271356783919598,0.3165829145728643,604,0.604,627,0.3165829145728643,0,629,171.83668341708625,0
1,90,2023-06-14,0.31284917718485256,0.3168209586590853,0.0,0.6919635724556639,0.15250039942482818,0.6919635724556639,504,0.504,156,0.6919635724556639,0,509,312.83419875379496,0.20714367816091953,0.210941404939819,0.0,0.4879007864488808,0.0086206896551724,0.4879007864488808,500,0.5,146,0.4879007864488808,0,509,207.1321839080458,0.15337185929648353,0.15628104824725822,0.0,0.3266331658291457,0.0,0.3266331658291457,494,0.494,156,0.3266331658291457,0,509,153.24874371859406,0
1,91,2023-06-14,0.316383847259946,0.3212757188549831,0.0,0.6920434574213133,0.14922511583320014,0.6920434574213133,504,0.504,446,0.6920434574213133,0,509,316.37030675826804,0.2128106473079251,0.21666853679533724,0.0,0.5172413793103449,0.00801572897761645,0.5172413793103449,500,0.5,143,0.5172413793103449,0,509,212.8005142165759,0.13982412060301633,0.1416151706890138,0.0,0.3165829145728643,0.0,0.3165829145728643,494,0.494,507,0.3165829145728643,0,509,139.70100502512685,0
1,92,2023-06-14,0.30654201949193133,0.31029232921944966,0.0,0.6618469404058156,0.14590988975874736,0.6618469404058156,504,0.504,346,0.6618469404058156,0,509,306.5277200830805,0.2091654567453114,0.21259396661212476,0.0,0.5199637023593466,0.00801572897761645,0.5199637023593466,500,0.5,136,0.5199637023593466,0,509,209.1553236539624,0.13940703517588066,0.14125568575588301,0.0,0.3165829145728643,0.0,0.3165829145728643,494,0.494,507,0.3165829145728643,0,509,139.2839195979912,0
1,93,2023-06-14,0.3002394152420521,0.3039152652801482,0.0,0.6527400543217766,0.1420354689247483,0.6527400543217766,504,0.504,446,0.6527400543217766,0,509,300.22535548809725,0.20862522686025442,0.21223130735915866,0.0,0.5353901996370236,0.0083182093163944,0.5353901996370236,500,0.5,136,0.5353901996370236,0,509,208.61373260738074,0.13992964824120727,0.14182470416306753,0.0,0.3165829145728643,0.0,0.3165829145728643,494,0.494,507,0.3165829145728643,0,509,139.8065326633178,0
1,94,2023-06-14,0.30265921073653973,0.306556473049895,0.0,0.6703946317303083,0.14718804920913886,0.6703946317303083,504,0.504,197,0.6703946317303083,0,509,302.64475155775676,0.20110980036297602,0.20532934607495845,0.0,0.5263157894736842,0.0102843315184513,0.5263157894736842,500,0.5,144,0.5263157894736842,0,509,201.0995160314573,0.15214070351758902,0.15494702706874988,0.0,0.3266331658291457,0.0,0.3266331658291457,494,0.494,202,0.3266331658291457,0,509,152.01758793969955,0
1,95,2023-06-14,0.3643749800287589,0.301902301808539,0.0,0.6513820099057357,0.482824732385365,0.6513820099057357,604,0.604,145,0.6513820099057357,0,609,364.3622383767378,0.23155172413793093,0.19649925087608278,0.0,0.4519056261343013,0.2897761645493042,0.4519056261343013,600,0.6,222,0.4519056261343013,0,609,231.54643073200222,0.0,0.0,0.0,0.0,0.0,0.0,0,0.0,0,0.0,-1,-1,0.0,0
1,96,2023-06-14,0.3231503435053511,0.289725099718042,0.0,0.6196676785428983,0.4786707141715929,0.6196676785428983,564,0.564,445,0.6196676785428983,0,569,323.13700271608894,0.2597347247428919,0.23489182457156318,0.0,0.5716878402903811,0.4077434966727162,0.5716878402903811,560,0.56,142,0.5716878402903811,0,569,259.7214156079851,0.15873869346733652,0.14297821019897486,0.0,0.3165829145728643,0.2663316582914573,0.3165829145728643,553,0.553,567,0.3165829145728643,0,567,158.61557788944694,0
1,97,2023-06-14,0.43604968844863506,0.35019152203288534,0.0,0.9034989614954464,0.6944400063907973,0.9034989614954464,615,0.615,49,0.9034989614954464,0,629,436.0071896469093,0.2601960072595284,0.211039116580981,0.0,0.5716878402903811,0.3989715668481549,0.5716878402903811,610,0.61,46,0.5716878402903811,0,629,260.1781609195399,0.17129648241206213,0.13883306789774716,0.0,0.3165829145728643,0.2864321608040201,0.3165829145728643,604,0.604,627,0.3165829145728643,0,629,171.1733668341727,0
1,98,2023-06-14,0.2599461575331519,0.2789669524937102,0.0,0.5999360920274804,0.0,0.5999360920274804,474,0.474,361,0.5999360920274804,0,479,259.9308995047133,0.19129461584996998,0.20670096048044925,0.0,0.5030248033877798,0.0,0.5030248033877798,470,0.47,137,0.5030248033877798,0,479,191.28281911675762,0.13325125628140666,0.14352234826994056,0.0,0.3165829145728643,0.0,0.3165829145728643,464,0.464,477,0.3165829145728643,0,479,133.12814070351718,0
1,99,2023-06-14,0.45041060872343547,0.3323552624924179,0.0,0.8948713852053044,0.6772647387761623,0.8948713852053044,655,0.655,49,0.8948713852053044,0,659,450.3685093465419,0.23606684815487095,0.18593030045565143,0.0,0.6079854809437386,0.3003629764065336,0.6079854809437386,650,0.65,49,0.6079854809437386,0,659,236.04900181488085,0.19901507537688592,0.14907449842496365,0.0,0.3266331658291457,0.2864321608040201,0.3266331658291457,644,0.644,281,0.3266331658291457,0,659,198.8919597989965,0
1,100,2023-06-14,0.3122577088991852,0.30437467343339736,0.0,0.6510624700431379,0.4672471640837194,0.6510624700431379,524,0.524,259,0.6510624700431379,0,529,312.2436890877145,0.22416938898971578,0.22013929780765948,0.0,0.5381125226860254,0.3650937689050211,0.5381125226860254,520,0.52,133,0.5381125226860254,0,529,224.15789473684202,0.1455376884422124,0.14162784651298785,0.0,0.3165829145728643,0.2663316582914573,0.3165829145728643,514,0.514,527,0.3165829145728643,0,529,145.41457286432296,0
1,101,2023-06-14,0.5588280076689579,0.3238800595857503,0.0,0.91196676785429,0.7366991532193641,0.91196676785429,755,0.755,28,0.91196676785429,0,769,558.7869068541294,0.3620665456745317,0.21829357824574647,0.0,0.677555958862674,0.4382940108892922,0.677555958862674,750,0.75,15,0.677555958862674,0,769,362.04930429522096,0.21419095477386937,0.12635754323188533,0.0,0.3165829145728643,0.2864321608040201,0.3165829145728643,744,0.744,767,0.3165829145728643,0,769,214.0678391959794,0
1,102,2023-06-14,0.31720131011343566,0.29579931145963195,0.0,0.6338073174628535,0.4865793257708899,0.6338073174628535,544,0.544,232,0.6338073174628535,0,549,317.18637162485965,0.22803357531760426,0.21552459637824986,0.0,0.5323653962492438,0.3548094373865699,0.5323653962492438,540,0.54,152,0.5323653962492438,0,549,228.02223230490014,0.15121105527638337,0.14135766094688937,0.0,0.3165829145728643,0.271356783919598,0.3165829145728643,534,0.534,547,0.3165829145728643,0,549,151.0879396984939,0
1,103,2023-06-14,0.5285010385045528,0.32312048799775955,0.0,0.9154817063428664,0.7108164243489375,0.9154817063428664,735,0.735,49,0.9154817063428664,0,749,528.459777919795,0.35154083484573495,0.2326832294290119,0.0,0.8735632183908046,0.4228675136116152,0.8735632183908046,730,0.73,26,0.8735632183908046,0,749,351.5237447065949,0.20543216080402266,0.12697756062191673,0.0,0.3165829145728643,0.2864321608040201,0.3165829145728643,724,0.724,747,0.3165829145728643,0,749,205.30904522613315,0
1,104,2023-06-14,0.39077232784790367,0.3255849860953214,0.0,0.7167279118069979,0.4918517335037546,0.7167279118069979,604,0.604,431,0.7167279118069979,0,609,390.75267614635135,0.24217332123411847,0.20804168392219766,0.0,0.4758015728977616,0.2622504537205081,0.4758015728977616,600,0.6,382,0.4758015728977616,0,609,242.16212946158473,0.16744221105527826,0.13885304698621778,0.0,0.3165829145728643,0.2763819095477386,0.3165829145728643,593,0.593,607,0.3165829145728643,0,607,167.31909547738877,0
1,105,2023-06-14,0.5082962134526293,0.3348910024591603,0.0,0.7717686531394792,0.7324652500399425,0.7717686531394792,704,0.704,299,0.7717686531394792,0,709,508.2674948074779,0.30412189957652824,0.206831621177852,0.0,0.5263157894736842,0.3941318814277072,0.5263157894736842,700,0.7,259,0.5263157894736842,0,709,304.107531760436,0.1969396984924647,0.1309126261248209,0.0,0.3165829145728643,0.2864321608040201,0.3165829145728643,694,0.694,707,0.3165829145728643,0,709,196.81658291457524,0
1,106,2023-06-14,0.4505636683176199,0.32450498490575286,0.0,0.706262981306918,0.6867710496884486,0.706262981306918,664,0.664,348,0.706262981306918,0,679,450.53451030516163,0.26685601935874165,0.1975184292764399,0.0,0.514216575922565,0.3629764065335753,0.514216575922565,660,0.66,168,0.514216575922565,0,679,266.8399879007862,0.18560804020100674,0.1352367560142889,0.0,0.3165829145728643,0.2864321608040201,0.3165829145728643,654,0.654,677,0.3165829145728643,0,679,185.48492462311705,0
1,107,2023-06-14,0.4988351973158623,0.3286661558393315,0.0,0.7511583320019173,0.7217606646429142,0.7511583320019173,704,0.704,334,0.7511583320019173,0,709,498.80575970602183,0.3385081669691469,0.22839437530399753,0.0,0.5653357531760436,0.4522081064730792,0.5653357531760436,700,0.7,248,0.5653357531760436,0,709,338.4916817906836,0.19666331658291694,0.1307728003639036,0.0,0.3165829145728643,0.2864321608040201,0.3165829145728643,694,0.694,707,0.3165829145728643,0,709,196.54020100502746,0
1,108,2023-06-14,0.438988816104809,0.28998878024490504,0.0,0.6678383128295254,0.6364435213292858,0.6678383128295254,703,0.703,140,0.6678383128295254,0,709,438.9652500399415,0.3504863883847549,0.23463447973527268,0.0,0.6110102843315185,0.4791288566243194,0.6110102843315185,700,0.7,160,0.6110102843315185,0,709,350.4732304900183,0.21581909547738895,0.1449988045358839,0.0,0.3266331658291457,0.3266331658291457,0.3266331658291457,694,0.694,195,0.3266331658291457,0,709,215.6959798994995,0
1,109,2023-06-14,0.4883304841028911,0.3208209709631318,0.0,0.7387761623262502,0.7010704585397028,0.7387761623262502,704,0.704,175,0.7387761623262502,0,709,488.30444160408956,0.2955653357531748,0.1979213079816854,0.0,0.4818511796733212,0.4080459770114942,0.4818511796733212,700,0.7,312,0.4818511796733212,0,709,295.5493042952196,0.1968643216080416,0.13097997651790128,0.0,0.3165829145728643,0.2763819095477386,0.3165829145728643,694,0.694,707,0.3165829145728643,0,709,196.74120603015177,0
1,110,2023-06-14,0.494207860680618,0.32483613829921554,0.0,0.7410928263300847,0.71193481386803,0.7410928263300847,704,0.704,132,0.7410928263300847,0,709,494.1787026681561,0.29807410768300174,0.2011634479487852,0.0,0.4969751966122202,0.4107683000604961,0.4969751966122202,700,0.7,312,0.4969751966122202,0,709,298.05762250453756,0.19704522613065453,0.13113123396120663,0.0,0.3165829145728643,0.2763819095477386,0.3165829145728643,694,0.694,707,0.3165829145728643,0,709,196.92211055276482,0
1,111,2023-06-14,0.3144483943121909,0.3189781525500698,0.0,0.6851733503754593,0.1504233903179421,0.6851733503754593,504,0.504,317,0.6851733503754593,0,509,314.4349736379619,0.21014277071990287,0.21547743684721554,0.0,0.5290381125226861,0.0081669691470054,0.5290381125226861,500,0.5,147,0.5290381125226861,0,509,210.1324863883847,0.13974874371859422,0.14153557818058274,0.0,0.3165829145728643,0.0,0.3165829145728643,494,0.494,507,0.3165829145728643,0,509,139.62562814070472,0
1,112,2023-06-14,0.4371421952388552,0.3508595829933218,0.0,0.8862438089151622,0.695079086115993,0.8862438089151622,615,0.615,32,0.8862438089151622,0,619,437.10397028279226,0.25891651542649763,0.2104971569071509,0.0,0.5471869328493648,0.3883847549909255,0.5471869328493648,610,0.61,45,0.5471869328493648,0,619,258.89730792498455,0.1735979899497489,0.14087031427272692,0.0,0.3165829145728643,0.271356783919598,0.3165829145728643,604,0.604,617,0.3165829145728643,0,619,173.47487437185927,0
1,113,2023-06-14,0.2986993129892961,0.3024770640652864,0.0,0.6501038504553444,0.14527081003355163,0.6501038504553444,504,0.504,286,0.6501038504553444,0,509,298.68529317782463,0.20762764670296405,0.21325451269213863,0.0,0.5199637023593466,0.0101330913490623,0.5199637023593466,500,0.5,206,0.5199637023593466,0,509,207.61751361161512,0.13908542713567965,0.14090727493566454,0.0,0.3165829145728643,0.0,0.3165829145728643,494,0.494,507,0.3165829145728643,0,509,138.96231155779014,0
1,114,2023-06-14,0.42854721201469714,0.34408815308522045,0.0,0.8878415082281514,0.6824572615433775,0.8878415082281514,615,0.615,24,0.8878415082281514,0,619,428.5054321776656,0.23955777374470694,0.1984009570655042,0.0,0.5172413793103449,0.3284936479128856,0.5172413793103449,610,0.61,37,0.5172413793103449,0,619,239.5405323653967,0.18097487437186022,0.14778874857101557,0.0,0.3266331658291457,0.2663316582914573,0.3266331658291457,604,0.604,377,0.3266331658291457,0,619,180.85175879397073,0
1,115,2023-06-14,0.2659866592107361,0.2854346078886812,0.0,0.6109602172871066,0.0,0.6109602172871066,474,0.474,270,0.6109602172871066,0,479,265.97343824892096,0.18091379310344824,0.194091355954863,0.0,0.4277071990320629,0.0,0.4277071990320629,470,0.47,20,0.4277071990320629,0,479,180.9021476104054,0.13051256281407142,0.14042841159955663,0.0,0.3165829145728643,0.0,0.3165829145728643,464,0.464,477,0.3165829145728643,0,479,130.38944723618195,0
1,116,2023-06-14,0.26536810992171234,0.2848766337525169,0.0,0.6128774564626938,0.0,0.6128774564626938,474,0.474,293,0.6128774564626938,0,479,265.3536906854125,0.1854558378705384,0.19930780461165537,0.0,0.4428312159709618,0.0,0.4428312159709618,470,0.47,183,0.4428312159709618,0,479,185.44464609800374,0.1305728643216091,0.1405075577271195,0.0,0.3165829145728643,0.0,0.3165829145728643,464,0.464,477,0.3165829145728643,0,479,130.44974874371962,0
1,118,2023-06-14,0.5339306598498152,0.30117435000083864,0.0,0.7379773126697555,0.7061830963412685,0.7379773126697555,764,0.764,749,0.7379773126697555,0,769,533.9003035628689,0.3076427707199035,0.17954872755684323,0.0,0.4788263762855414,0.3977616454930429,0.4788263762855414,760,0.76,379,0.4788263762855414,0,769,307.62779794313377,0.21473869346733754,0.12335037716840251,0.0,0.3165829145728643,0.2864321608040201,0.3165829145728643,753,0.753,767,0.3165829145728643,0,767,214.6155778894476,0
1,121,2023-06-14,0.5814116472279924,0.3360030533990612,0.0,0.8930340309953667,0.7704106087234383,0.8930340309953667,755,0.755,23,0.8930340309953667,0,779,581.369627736061,0.31051421657592304,0.18998318085948032,0.0,0.5653357531760436,0.3747731397459165,0.5653357531760436,750,0.75,217,0.5653357531760436,0,779,310.4965214761033,0.22927135678392155,0.13639790374768956,0.0,0.3266331658291457,0.2964824120603015,0.3266331658291457,743,0.743,328,0.3266331658291457,0,777,229.1482412060321,0
1,122,2023-06-14,0.3050829205943439,0.2842901667716791,0.0,0.6265377855887522,0.4741971560952229,0.6265377855887522,544,0.544,242,0.6265377855887522,0,549,305.0730947435688,0.20754658197217188,0.19968193751285268,0.0,0.5444646098003629,0.3351482153660012,0.5444646098003629,540,0.54,152,0.5444646098003629,0,549,207.53811252268585,0.0,0.0,0.0,0.0,0.0,0.0,0,0.0,0,0.0,-1,-1,0.0,0
2,0,2023-06-14,0.49640565585556806,0.32654562735784276,0.0,0.745965809234702,0.7137721680779677,0.745965809234702,704,0.704,137,0.745965809234702,0,709,496.3808116312515,0.31624349667271706,0.21162221802562475,0.0,0.5381125226860254,0.4201451905626134,0.5381125226860254,700,0.7,140,0.5381125226860254,0,709,316.2277676951002,0.19794974874371987,0.13194781316243417,0.0,0.3165829145728643,0.2864321608040201,0.3165829145728643,694,0.694,707,0.3165829145728643,0,709,197.82663316583026,0
2,1,2023-06-14,0.4835571177504338,0.31781475820755806,0.0,0.7215210097459658,0.6960377057037865,0.7215210097459658,704,0.704,671,0.7215210097459658,0,709,483.5288384725993,0.3100220810647301,0.20727729842228296,0.0,0.484875983061101,0.4352692075015124,0.484875983061101,700,0.7,261,0.484875983061101,0,709,310.0078644888075,0.19816080402010133,0.13216363602063477,0.0,0.3165829145728643,0.2864321608040201,0.3165829145728643,694,0.694,707,0.3165829145728643,0,709,198.0376884422117,0
2,2,2023-06-14,0.4920101453906366,0.3236729886092735,0.0,0.7348617990094264,0.7089790701389999,0.7348617990094264,704,0.704,399,0.7348617990094264,0,709,491.98134686051935,0.3141612220205675,0.20993209993034329,0.0,0.5323653962492438,0.4216575922565033,0.5323653962492438,700,0.7,159,0.5323653962492438,0,709,314.14564428311996,0.1966231155778918,0.13098369657890785,0.0,0.3165829145728643,0.2864321608040201,0.3165829145728643,694,0.694,707,0.3165829145728643,0,709,196.50000000000236,0
2,3,2023-06-14,0.3154939287426102,0.3075828203840562,0.0,0.6635245246844543,0.4710017574692443,0.6635245246844543,523,0.523,141,0.6635245246844543,0,529,315.4744368109918,0.20326285541439812,0.20238850220695268,0.0,0.5683605565638233,0.32335148215366,0.5683605565638233,520,0.52,131,0.5683605565638233,0,529,203.2518148820331,0.1453618090452275,0.14145524878705923,0.0,0.3165829145728643,0.2663316582914573,0.3165829145728643,514,0.514,527,0.3165829145728643,0,529,145.238693467338,0
2,4,2023-06-14,0.3124616552164889,0.30445036038118467,0.0,0.6548969483943122,0.4699632529158012,0.6548969483943122,523,0.523,179,0.6548969483943122,0,529,312.44240293976713,0.19196188747731452,0.18940951364340713,0.0,0.5030248033877798,0.3018753781004234,0.5030248033877798,520,0.52,139,0.5030248033877798,0,529,191.95009074410203,0.1454974874371873,0.14158070822677926,0.0,0.3165829145728643,0.271356783919598,0.3165829145728643,514,0.514,527,0.3165829145728643,0,529,145.3743718592978,0
2,5,2023-06-14,0.2907823134686049,0.29421646466696405,0.0,0.633727432497204,0.1279357724876178,0.633727432497204,504,0.504,497,0.633727432497204,0,509,290.76741492251114,0.2139252873563218,0.2177443999248459,0.0,0.5444646098003629,0.00952813067150635,0.5444646098003629,500,0.5,130,0.5444646098003629,0,509,213.91364186327883,0.1407085427135684,0.14294579087475684,0.0,0.3165829145728643,0.0,0.3165829145728643,493,0.493,507,0.3165829145728643,0,507,140.5854271356789,0
2,6,2023-06-14,0.30079868988656366,0.30526296541965764,0.0,0.6629653299249081,0.12865473717846296,0.6629653299249081,504,0.504,261,0.6629653299249081,0,509,300.7843904777126,0.21658106473079253,0.22105090864103336,0.0,0.5323653962492438,0.0083182093163944,0.5323653962492438,500,0.5,134,0.5323653962492438,0,509,216.57062915910478,0.1394874371859309,0.14132270756693274,0.0,0.3165829145728643,0.0,0.3165829145728643,494,0.494,507,0.3165829145728643,0,509,139.3643216080414,0
2,7,2023-06-14,0.4849334558236121,0.3196693643495008,0.0,0.8874420833999042,0.6751078447036267,0.8874420833999042,705,0.705,29,0.8874420833999042,0,719,484.89694839431155,0.30325589836660394,0.20338504645492103,0.0,0.6228070175438597,0.4054748941318814,0.6228070175438597,700,0.7,49,0.6228070175438597,0,719,303.23638838475443,0.19891959798995035,0.13273912625712234,0.0,0.3165829145728643,0.2864321608040201,0.3165829145728643,694,0.694,717,0.3165829145728643,0,719,198.7964824120608,0
2,8,2023-06-14,0.30623510145390603,0.28572721142817054,0.0,0.6093625179741172,0.4678063588432657,0.6093625179741172,544,0.544,203,0.6093625179741172,0,549,306.2207221600892,0.2179271022383545,0.20631317799012588,0.0,0.5199637023593466,0.3466424682395644,0.5199637023593466,540,0.54,153,0.5199637023593466,0,549,217.91591046581942,0.15086432160804167,0.14109775315380516,0.0,0.3165829145728643,0.2663316582914573,0.3165829145728643,534,0.534,547,0.3165829145728643,0,549,150.7412060301522,0
2,9,2023-06-14,0.3062996485061502,0.30969425811482504,0.0,0.6575331522607445,0.14307397347819134,0.6575331522607445,504,0.504,143,0.6575331522607445,0,509,306.2841907652986,0.21934694494857832,0.22261495154069552,0.0,0.5444646098003629,0.0084694494857834,0.5444646098003629,500,0.5,129,0.5444646098003629,0,509,219.33741681790687,0.15342713567839303,0.15638244047913172,0.0,0.3266331658291457,0.0,0.3266331658291457,494,0.494,151,0.3266331658291457,0,509,153.30402010050355,0
2,10,2023-06-14,0.4920413005272395,0.3238042834694183,0.0,0.8860041540182138,0.6879693241731906,0.8860041540182138,705,0.705,26,0.8860041540182138,0,719,492.00135804441686,0.3128956442831223,0.2089804327304872,0.0,0.5747126436781609,0.4213551119177253,0.5747126436781609,700,0.7,49,0.5747126436781609,0,719,312.87764670296485,0.1991608040201006,0.13293374209879535,0.0,0.3165829145728643,0.2864321608040201,0.3165829145728643,694,0.694,717,0.3165829145728643,0,719,199.03768844221082,0
2,11,2023-06-14,0.3083021249400865,0.28732492920711167,0.0,0.6080843585237259,0.4769132449273047,0.6080843585237259,544,0.544,207,0.6080843585237259,0,549,308.2878255312341,0.21759286146400486,0.20600046405795963,0.0,0.5199637023593466,0.3281911675741076,0.5199637023593466,540,0.54,147,0.5199637023593466,0,549,217.58166969147004,0.15099497487437333,0.14117273664621885,0.0,0.3165829145728643,0.271356783919598,0.3165829145728643,534,0.534,547,0.3165829145728643,0,549,150.87185929648388,0
2,12,2023-06-14,0.31263141076849293,0.29165165020382045,0.0,0.6205464131650423,0.4757549129253874,0.6205464131650423,544,0.544,142,0.6205464131650423,0,549,312.6155935452946,0.21942800967937084,0.20673349234731353,0.0,0.5323653962492438,0.3505747126436782,0.5323653962492438,540,0.54,132,0.5323653962492438,0,549,219.41757410768312,0.15184924623115723,0.1420243528238407,0.0,0.3165829145728643,0.2663316582914573,0.3165829145728643,534,0.534,547,0.3165829145728643,0,549,151.72613065326775,0
2,13,2023-06-14,0.4796822176066463,0.3164402256585564,0.0,0.8951110401022527,0.6669595782073814,0.8951110401022527,705,0.705,25,0.8951110401022527,0,709,479.6418756989936,0.29829612825166274,0.20448726895428848,0.0,0.7105263157894737,0.3871748336358137,0.7105263157894737,700,0.7,22,0.7105263157894737,0,709,298.2766182698134,0.19973366834170891,0.13288668866155814,0.0,0.3165829145728643,0.2864321608040201,0.3165829145728643,694,0.694,707,0.3165829145728643,0,709,199.61055276381924,0
2,14,2023-06-14,0.22049408851254124,0.27242052289678215,0.0,0.6109602172871066,0.0,0.6109602172871066,404,0.404,193,0.6109602172871066,0,409,220.47966927624225,0.13640441621294658,0.1724287691543511,0.0,0.5,0.0,0.5,400,0.4,157,0.5,0,409,136.39171203871746,0.1185376884422117,0.14809225793634717,0.0,0.3266331658291457,0.0,0.3266331658291457,394,0.394,198,0.3266331658291457,0,409,118.41457286432227,0
2,15,2023-06-14,0.3132805559993613,0.30540519072173217,0.0,0.6479469563828087,0.4655296373222559,0.6479469563828087,523,0.523,131,0.6479469563828087,0,529,313.26781434733977,0.19631881427707149,0.19301932466368613,0.0,0.484875983061101,0.3130671506352087,0.484875983061101,520,0.52,130,0.484875983061101,0,529,196.31321839080437,0.0,0.0,0.0,0.0,0.0,0.0,0,0.0,0,0.0,-1,-1,0.0,0
2,16,2023-06-14,0.32119907333439845,0.2995324793141907,0.0,0.6365234062949353,0.4916919635724556,0.6365234062949353,544,0.544,262,0.6365234062949353,0,549,321.1841348458214,0.22822474289171168,0.21478854059913016,0.0,0.5290381125226861,0.367211131276467,0.5290381125226861,540,0.54,135,0.5290381125226861,0,549,228.2144585601937,0.15061306532663463,0.14084479769932493,0.0,0.3165829145728643,0.2663316582914573,0.3165829145728643,534,0.534,547,0.3165829145728643,0,549,150.48994974874515,0
2,17,2023-06-14,0.313359482345423,0.3053986500679539,0.0,0.6521009745965809,0.4705224476753475,0.6521009745965809,524,0.524,144,0.6521009745965809,0,529,313.34670075091884,0.19116999395039333,0.1868763969169927,0.0,0.4519056261343013,0.30066545674531153,0.4519056261343013,520,0.52,131,0.4519056261343013,0,529,191.16470054446492,0.0,0.0,0.0,0.0,0.0,0.0,0,0.0,0,0.0,-1,-1,0.0,0
2,18,2023-06-14,0.24930675826809556,0.2959246892023145,0.0,0.6413165042339032,0.0,0.6413165042339032,424,0.424,136,0.6413165042339032,0,429,249.29293816903652,0.17200725952813076,0.20474589541522215,0.0,0.4818511796733212,0.0,0.4818511796733212,420,0.42,133,0.4818511796733212,0,429,171.9959165154267,0.12779899497487507,0.15300871140564748,0.0,0.3266331658291457,0.0,0.3266331658291457,414,0.414,147,0.3266331658291457,0,429,127.67587939698561,0
2,19,2023-06-14,0.2439416040901103,0.28924424059613807,0.0,0.6319699632529158,0.0,0.6319699632529158,424,0.424,203,0.6319699632529158,0,429,243.9267454864992,0.17404446460980055,0.20836660628454823,0.0,0.5263157894736842,0.0,0.5263157894736842,420,0.42,133,0.5263157894736842,0,429,174.03418027828192,0.11646231155778976,0.1386799046605816,0.0,0.3165829145728643,0.0,0.3165829145728643,414,0.414,427,0.3165829145728643,0,429,116.33919597990031,0
2,20,2023-06-14,0.2750128614794698,0.30222500382819756,0.0,0.6497843105927464,0.0,0.6497843105927464,464,0.464,437,0.6497843105927464,0,469,274.99888161048176,0.1728121597096192,0.19059569434846405,0.0,0.4788263762855414,0.0,0.4788263762855414,460,0.46,130,0.4788263762855414,0,469,172.8065638233517,0.0,0.0,0.0,0.0,0.0,0.0,0,0.0,0,0.0,-1,-1,0.0,0
2,21,2023-06-14,0.27405919475954665,0.3009474763476876,0.0,0.6517814347339831,0.0,0.6517814347339831,463,0.463,415,0.6517814347339831,0,469,274.038784150823,0.16544767090139095,0.1814345930852153,0.0,0.4186327888687235,0.0,0.4186327888687235,460,0.46,145,0.4186327888687235,0,469,165.4361766485179,0.13051256281407006,0.14335294667892934,0.0,0.3165829145728643,0.0,0.3165829145728643,454,0.454,467,0.3165829145728643,0,469,130.3894472361806,0
2,22,2023-06-14,0.2286735900303566,0.28301079580419797,0.0,0.6342067422911009,0.0,0.6342067422911009,404,0.404,218,0.6342067422911009,0,409,228.65869148426168,0.1385756200846947,0.17525461279147758,0.0,0.4818511796733212,0.0,0.4818511796733212,400,0.4,151,0.4818511796733212,0,409,138.56427707199035,0.11845226130653325,0.1477719184600248,0.0,0.3266331658291457,0.0,0.3266331658291457,394,0.394,225,0.3266331658291457,0,409,118.32914572864381,0
2,23,2023-06-14,0.31503522926985217,0.30714250409478305,0.0,0.6577728071576929,0.4720402620226873,0.6577728071576929,523,0.523,512,0.6577728071576929,0,529,315.0158971081647,0.19251724137931026,0.18803872678175096,0.0,0.4186327888687235,0.2982456140350877,0.4186327888687235,520,0.52,196,0.4186327888687235,0,529,192.50574712643615,0.14631155778894522,0.14247897627487574,0.0,0.3165829145728643,0.2663316582914573,0.3165829145728643,514,0.514,527,0.3165829145728643,0,529,146.18844221105576,0
2,24,2023-06-14,0.24334670075091858,0.30209994050946154,0.0,0.6802204825051925,0.0,0.6802204825051925,404,0.404,204,0.6802204825051925,0,409,243.33204185972232,0.1563275862068965,0.1961250682792552,0.0,0.5199637023593466,0.0,0.5199637023593466,400,0.4,138,0.5199637023593466,0,409,156.3163944343615,0.11110552763819165,0.13788855904602768,0.0,0.3165829145728643,0.0,0.3165829145728643,394,0.394,407,0.3165829145728643,0,409,110.9824120603022,0
2,25,2023-06-14,0.31333567662565887,0.30535631974346666,0.0,0.6511423550087874,0.4698833679501518,0.6511423550087874,524,0.524,215,0.6511423550087874,0,529,313.3229349736383,0.19112522686025404,0.18887664249987277,0.0,0.4667271627344223,0.2664851784633998,0.4667271627344223,520,0.52,155,0.4667271627344223,0,529,191.11978221415592,0.0,0.0,0.0,0.0,0.0,0.0,0,0.0,0,0.0,-1,-1,0.0,0
2,26,2023-06-14,0.23290014379293775,0.2884697810359448,0.0,0.6353251318101933,0.0,0.6353251318101933,404,0.404,186,0.6353251318101933,0,409,232.88520530436162,0.15161645493042983,0.19061473433887938,0.0,0.4969751966122202,0.0,0.4969751966122202,400,0.4,146,0.4969751966122202,0,409,151.60480943738676,0.11104522613065396,0.13781991265794152,0.0,0.3165829145728643,0.0,0.3165829145728643,394,0.394,407,0.3165829145728643,0,409,110.92211055276452,0
2,27,2023-06-14,0.31336347659370556,0.30538450106507903,0.0,0.6477073014858603,0.4717207221600895,0.6477073014858603,524,0.524,149,0.6477073014858603,0,529,313.3494567822337,0.19006805807622484,0.18955606847648102,0.0,0.484875983061101,0.2633091349062311,0.484875983061101,520,0.52,162,0.484875983061101,0,529,190.06246218995756,0.0,0.0,0.0,0.0,0.0,0.0,0,0.0,0,0.0,-1,-1,0.0,0
2,28,2023-06-14,0.2367025083879213,0.2810713890956628,0.0,0.6100814826649624,0.0,0.6100814826649624,424,0.424,361,0.6100814826649624,0,429,236.68697076210233,0.17240260133091384,0.2053019880508006,0.0,0.4818511796733212,0.0,0.4818511796733212,420,0.42,181,0.4818511796733212,0,429,172.39216575922597,0.11710552763819114,0.13955268628256565,0.0,0.3165829145728643,0.0,0.3165829145728643,414,0.414,427,0.3165829145728643,0,429,116.98241206030171,0
2,29,2023-06-14,0.31337689726793416,0.3052337853185506,0.0,0.6532193641156734,0.4713212973318421,0.6532193641156734,523,0.523,362,0.6532193641156734,0,529,313.3564067742455,0.19751512401693863,0.19332156597491154,0.0,0.4277071990320629,0.2810042347247429,0.4277071990320629,520,0.52,149,0.4277071990320629,0,529,197.50347852389586,0.14524623115577998,0.14139696170810387,0.0,0.3165829145728643,0.2663316582914573,0.3165829145728643,514,0.514,527,0.3165829145728643,0,529,145.12311557789047,0
2,30,2023-06-14,0.4656988336794999,0.2914139771153059,0.0,0.680300367470842,0.6376417958140278,0.680300367470842,724,0.724,613,0.680300367470842,0,729,465.67219204345724,0.2992958257713243,0.19023965594978756,0.0,0.4609800362976406,0.4010889292196007,0.4609800362976406,720,0.72,253,0.4609800362976406,0,729,299.27949183303076,0.20202010050251443,0.1284345036653884,0.0,0.3165829145728643,0.2864321608040201,0.3165829145728643,714,0.714,727,0.3165829145728643,0,729,201.89698492462497,0
2,31,2023-06-14,0.29495622303882457,0.2981170352006163,0.0,0.6491452308675507,0.13872024285029555,0.6491452308675507,504,0.504,392,0.6491452308675507,0,509,294.94224316983536,0.22160012099213497,0.2278260265474253,0.0,0.5414398064125832,0.0084694494857834,0.5414398064125832,500,0.5,209,0.5414398064125832,0,509,221.59059286146345,0.1446180904522619,0.14711042694251641,0.0,0.3266331658291457,0.0,0.3266331658291457,494,0.494,397,0.3266331658291457,0,509,144.49497487437242,0
2,32,2023-06-14,0.43945558395909784,0.35285281210309977,0.0,0.8927943760984183,0.6862118549289024,0.8927943760984183,615,0.615,26,0.8927943760984183,0,629,439.417079405656,0.26787991530550564,0.219533710432392,0.0,0.6228070175438597,0.3859649122807017,0.6228070175438597,610,0.61,33,0.6228070175438597,0,629,267.86282516636464,0.17177889447236278,0.13939630959247717,0.0,0.3165829145728643,0.2663316582914573,0.3165829145728643,604,0.604,627,0.3165829145728643,0,629,171.6557788944732,0
2,33,2023-06-14,0.30415090270011236,0.2834920907599366,0.0,0.6062470043137882,0.4730787665761303,0.6062470043137882,544,0.544,530,0.6062470043137882,0,549,304.13548490174134,0.2271373260738052,0.21279925468553731,0.0,0.4637023593466424,0.3560193587416818,0.4637023593466424,540,0.54,310,0.4637023593466424,0,549,227.1273442226257,0.1507537688442226,0.14100183737625943,0.0,0.3165829145728643,0.2663316582914573,0.3165829145728643,534,0.534,547,0.3165829145728643,0,549,150.6306532663331,0
2,34,2023-06-14,0.3755206902061034,0.31086654516898815,0.0,0.6719124460776482,0.5045933855248442,0.6719124460776482,604,0.604,181,0.6719124460776482,0,609,375.5009586195881,0.24749092558983704,0.2095899042717072,0.0,0.4939503932244404,0.3188142770719903,0.4939503932244404,600,0.6,195,0.4939503932244404,0,609,247.47928009679404,0.16824120603015258,0.13922025077300104,0.0,0.3165829145728643,0.2763819095477386,0.3165829145728643,594,0.594,607,0.3165829145728643,0,609,168.1180904522631,0
2,35,2023-06-14,0.3643467007509182,0.3019103265584301,0.0,0.6511423550087874,0.4825850774884166,0.6511423550087874,604,0.604,227,0.6511423550087874,0,609,364.33395909889805,0.24042014519056212,0.20214651095419395,0.0,0.4818511796733212,0.31775559588626734,0.4818511796733212,600,0.6,164,0.4818511796733212,0,609,240.41454930429506,0.0,0.0,0.0,0.0,0.0,0.0,0,0.0,0,0.0,-1,-1,0.0,0
2,36,2023-06-14,0.3241094424029374,0.2906848954604837,0.0,0.6166320498482185,0.4787505991372424,0.6166320498482185,564,0.564,238,0.6166320498482185,0,569,324.10221281354774,0.26072353297035683,0.2355747207213706,0.0,0.5653357531760436,0.4168179068360556,0.5653357531760436,560,0.56,168,0.5653357531760436,0,569,260.71476104053227,0.0,0.0,0.0,0.0,0.0,0.0,0,0.0,0,0.0,-1,-1,0.0,0
2,37,2023-06-14,0.46039774724396865,0.28780559063070954,0.0,0.6661607285508867,0.63732225595143,0.6661607285508867,724,0.724,693,0.6661607285508867,0,729,460.36890877137034,0.29424773139745936,0.1868867237212576,0.0,0.454930429522081,0.4010889292196007,0.454930429522081,720,0.72,296,0.454930429522081,0,729,294.23351482153635,0.20306532663316695,0.12916468390310432,0.0,0.3165829145728643,0.2864321608040201,0.3165829145728643,714,0.714,727,0.3165829145728643,0,729,202.9422110552775,0
2,38,2023-06-14,0.44122263939926565,0.3543201433706642,0.0,0.8836874900143793,0.6861319699632529,0.8836874900143793,615,0.615,24,0.8836874900143793,0,629,441.1810592746431,0.2585877192982456,0.21350526215864712,0.0,0.5989110707803993,0.3545069570477919,0.5989110707803993,610,0.61,44,0.5989110707803993,0,629,258.5701754385968,0.18038190954773925,0.14721707252478175,0.0,0.3266331658291457,0.2663316582914573,0.3266331658291457,604,0.604,418,0.3266331658291457,0,629,180.25879396984976,0
2,39,2023-06-14,0.24156638440645425,0.28653338320950306,0.0,0.6203067582680939,0.0,0.6203067582680939,424,0.424,289,0.6203067582680939,0,429,241.5530436171914,0.15520598911070754,0.18680331565703853,0.0,0.4428312159709618,0.0,0.4428312159709618,420,0.42,159,0.4428312159709618,0,429,155.19555353901993,0.11601005025125707,0.13815975929300775,0.0,0.3165829145728643,0.0,0.3165829145728643,414,0.414,427,0.3165829145728643,0,429,115.88693467336763,0
2,40,2023-06-14,0.2956362837513975,0.2988609958059889,0.0,0.6377216807796773,0.1587713692283112,0.6377216807796773,504,0.504,198,0.6377216807796773,0,509,295.6225435373064,0.20152873563218335,0.2097676679307916,0.0,0.4818511796733212,0.0084694494857834,0.4818511796733212,500,0.5,285,0.4818511796733212,0,509,201.51830006049582,0.13929648241206155,0.14109793963763534,0.0,0.3165829145728643,0.0,0.3165829145728643,494,0.494,507,0.3165829145728643,0,509,139.17336683417207,0
2,41,2023-06-14,0.23314874580603895,0.2887660940778906,0.0,0.6389199552644192,0.0,0.6389199552644192,404,0.404,292,0.6389199552644192,0,409,233.13496564946485,0.14831488203266752,0.18624589768019403,0.0,0.454930429522081,0.0,0.454930429522081,400,0.4,149,0.454930429522081,0,409,148.30505142165762,0.11106532663316653,0.13784915207413428,0.0,0.3165829145728643,0.0,0.3165829145728643,394,0.394,407,0.3165829145728643,0,409,110.94221105527708,0
2,42,2023-06-14,0.23643185812430087,0.29302422982342147,0.0,0.647467646588912,0.0,0.647467646588912,404,0.404,288,0.647467646588912,0,409,236.41664003834498,0.14731276467029658,0.18542247219184307,0.0,0.4579552329098608,0.0,0.4579552329098608,400,0.4,149,0.4579552329098608,0,409,147.30293405928637,0.11106532663316653,0.1378469538374204,0.0,0.3165829145728643,0.0,0.3165829145728643,394,0.394,407,0.3165829145728643,0,409,110.94221105527707,0
2,43,2023-06-14,0.4517577887841523,0.2963011204624818,0.0,0.6755072695318741,0.6410768493369547,0.6755072695318741,704,0.704,695,0.6755072695318741,0,709,451.72867071417124,0.2884927404718679,0.192599008961481,0.0,0.469751966122202,0.3977616454930429,0.469751966122202,700,0.7,269,0.469751966122202,0,709,288.4780701754384,0.19843216080402093,0.1320682802787693,0.0,0.3165829145728643,0.2864321608040201,0.3165829145728643,694,0.694,707,0.3165829145728643,0,709,198.3090452261313,0
2,44,2023-06-14,0.47655280396229943,0.3129745585124591,0.0,0.7065026362038664,0.6842147307876658,0.7065026362038664,704,0.704,408,0.7065026362038664,0,709,476.5236060073497,0.2950989110707809,0.19752644875285047,0.0,0.4788263762855414,0.4035087719298245,0.4788263762855414,700,0.7,235,0.4788263762855414,0,709,295.0839382940108,0.19671356783919838,0.1307576587202727,0.0,0.3165829145728643,0.2864321608040201,0.3165829145728643,694,0.694,707,0.3165829145728643,0,709,196.5904522613089,0
2,45,2023-06-14,0.30856342866272607,0.31368462655504237,0.0,0.6805400223677904,0.1387601853331203,0.6805400223677904,504,0.504,490,0.6805400223677904,0,509,308.5434174788307,0.2020895341802774,0.21047867677269602,0.0,0.4758015728977616,0.0083182093163944,0.4758015728977616,500,0.5,290,0.4758015728977616,0,509,202.07924984875936,0.1388743718592977,0.14067224203731946,0.0,0.3165829145728643,0.0,0.3165829145728643,494,0.494,507,0.3165829145728643,0,509,138.75125628140825,0
2,46,2023-06-14,0.31259698034829897,0.31854193657199364,0.0,0.6968365553602812,0.14207541140757304,0.6968365553602812,504,0.504,505,0.6968365553602812,0,509,312.57788784150847,0.19698669086509402,0.20617279502290456,0.0,0.4667271627344223,0.0072595281306715,0.4667271627344223,500,0.5,302,0.4667271627344223,0,509,196.97474289171217,0.13833165829145852,0.14014472817315232,0.0,0.3165829145728643,0.0,0.3165829145728643,494,0.494,507,0.3165829145728643,0,509,138.20854271356905,0
2,47,2023-06-14,0.4983639559034959,0.3277859119660595,0.0,0.7427704106087234,0.7193641156734303,0.7427704106087234,704,0.704,459,0.7427704106087234,0,709,498.3361958779347,0.2972123411978211,0.1991459727655098,0.0,0.4818511796733212,0.4098608590441621,0.4818511796733212,700,0.7,289,0.4818511796733212,0,709,297.19812462189856,0.1967939698492486,0.130842321278513,0.0,0.3165829145728643,0.2864321608040201,0.3165829145728643,694,0.694,707,0.3165829145728643,0,709,196.67085427135913,0
2,48,2023-06-14,0.2708782553123501,0.29119540803667315,0.0,0.6270170953826489,0.0,0.6270170953826489,474,0.474,154,0.6270170953826489,0,479,270.8659929701227,0.2067773744706586,0.22707144047300418,0.0,0.6412583182093164,0.0,0.6412583182093164,470,0.47,28,0.6412583182093164,0,479,206.76618269812482,0.14286934673366927,0.154959038795587,0.0,0.3266331658291457,0.0,0.3266331658291457,463,0.463,162,0.3266331658291457,0,477,142.7462311557798,0
2,49,2023-06-14,0.29813053203387196,0.31627418721163686,0.0,0.9126058475794856,0.0,0.9126058475794856,486,0.486,17,0.9126058475794856,0,499,298.1090829205935,0.19235027223230483,0.2136768544078998,0.0,0.8012704174228675,0.0,0.8012704174228675,480,0.48,10,0.8012704174228675,0,499,192.33303085299468,0.0,0.0,0.0,0.0,0.0,0.0,0,0.0,0,0.0,-1,-1,0.0,0
2,50,2023-06-14,0.28397116152739843,0.3120953135656611,0.0,0.8600415401821377,0.0,0.8600415401821377,465,0.465,19,0.8600415401821377,0,479,283.94927304681056,0.190514519056262,0.21571171954043977,0.0,0.7226255293405929,0.0,0.7226255293405929,460,0.46,12,0.7226255293405929,0,479,190.49894131881433,0.0,0.0,0.0,0.0,0.0,0.0,0,0.0,0,0.0,-1,-1,0.0,0
2,51,2023-06-14,0.2841510624700441,0.31222213195865395,0.0,0.8554082121744687,0.0,0.8554082121744687,465,0.465,36,0.8554082121744687,0,479,284.12929381690464,0.187352692075015,0.2110236014268421,0.0,0.6712038717483364,0.0,0.6712038717483364,460,0.46,13,0.6712038717483364,0,479,187.33696309739838,0.0,0.0,0.0,0.0,0.0,0.0,0,0.0,0,0.0,-1,-1,0.0,0
2,52,2023-06-14,0.3243083559674064,0.3161232036745515,0.0,0.687170474516696,0.48641955583959096,0.687170474516696,524,0.524,341,0.687170474516696,0,529,324.29489535069536,0.21016182698124625,0.20979338151612398,0.0,0.5414398064125832,0.3097398669086509,0.5414398064125832,520,0.52,135,0.5414398064125832,0,529,210.1491228070176,0.15246733668341828,0.14944851349344151,0.0,0.3266331658291457,0.271356783919598,0.3266331658291457,513,0.513,347,0.3266331658291457,0,527,152.34422110552882,0
2,53,2023-06-14,0.4325830004793089,0.34764196324793806,0.0,0.8860041540182138,0.6705544016616073,0.8860041540182138,615,0.615,31,0.8860041540182138,0,629,432.53958300047975,0.26523502722323067,0.2160373629139587,0.0,0.5989110707803993,0.3920145190562613,0.5989110707803993,610,0.61,48,0.5989110707803993,0,629,265.21748336358183,0.17081407035175994,0.13859929947151498,0.0,0.3165829145728643,0.2663316582914573,0.3165829145728643,604,0.604,627,0.3165829145728643,0,629,170.69095477387046,0
2,54,2023-06-14,0.4020357085796451,0.3244752498856394,0.0,0.8845662246365235,0.6243808915162167,0.8845662246365235,615,0.615,18,0.8845662246365235,0,629,401.9940885125419,0.25309558378705344,0.20595664397913083,0.0,0.5865093768905021,0.38173018753781,0.5865093768905021,610,0.61,48,0.5865093768905021,0,629,253.0783424077434,0.17162814070351903,0.13921523405103284,0.0,0.3165829145728643,0.271356783919598,0.3165829145728643,604,0.604,627,0.3165829145728643,0,629,171.50502512562954,0
2,55,2023-06-14,0.430688448633967,0.3462550199899526,0.0,0.8880811631250999,0.6652021089630932,0.8880811631250999,615,0.615,44,0.8880811631250999,0,629,430.6466687969327,0.25947338173018764,0.21085714497082447,0.0,0.5683605565638233,0.3877797943133696,0.5683605565638233,610,0.61,48,0.5683605565638233,0,629,259.4556866303684,0.1710452261306545,0.1387783364979727,0.0,0.3165829145728643,0.2663316582914573,0.3165829145728643,604,0.604,627,0.3165829145728643,0,629,170.92211055276502,0
2,56,2023-06-14,0.42502444479948803,0.341775411236865,0.0,0.8852851893273685,0.663125099856207,0.8852851893273685,615,0.615,45,0.8852851893273685,0,629,424.982784789902,0.2594751966122212,0.2110780744741247,0.0,0.5955837870538415,0.39004839685420445,0.5955837870538415,610,0.61,49,0.5955837870538415,0,629,259.45780399274065,0.1713115577889459,0.13898472067823042,0.0,0.3165829145728643,0.2663316582914573,0.3165829145728643,604,0.604,627,0.3165829145728643,0,629,171.1884422110564,0
2,57,2023-06-14,0.4305492890238054,0.3457893131460933,0.0,0.8930340309953667,0.6828566863716249,0.8930340309953667,615,0.615,43,0.8930340309953667,0,629,430.50902700111834,0.2529434361766491,0.20546396474944903,0.0,0.5898366606170599,0.3862673926194797,0.5898366606170599,610,0.61,47,0.5898366606170599,0,629,252.92619479733776,0.1734070351758801,0.14065361067532317,0.0,0.3165829145728643,0.2763819095477386,0.3165829145728643,604,0.604,627,0.3165829145728643,0,629,173.28391959799063,0
2,58,2023-06-14,0.3147028279277836,0.3068788376149367,0.0,0.6536187889439208,0.47164083719444,0.6536187889439208,524,0.524,358,0.6536187889439208,0,529,314.6887681738301,0.22271627344222653,0.2175333588025007,0.0,0.5232909860859044,0.3732607380520266,0.5232909860859044,520,0.52,132,0.5232909860859044,0,529,222.70508166969165,0.14545728643216219,0.1418388406279783,0.0,0.3165829145728643,0.271356783919598,0.3165829145728643,513,0.513,527,0.3165829145728643,0,527,145.3341708542727,0
2,59,2023-06-14,0.4390030356286945,0.3522720457286323,0.0,0.8953506949992012,0.7021888480587953,0.8953506949992012,615,0.615,28,0.8953506949992012,0,629,438.9626937210414,0.2549903206291564,0.2092826419875631,0.0,0.6382335148215366,0.3829401088929219,0.6382335148215366,610,0.61,25,0.6382335148215366,0,629,254.9729280096789,0.17302010050251326,0.14031094183986545,0.0,0.3165829145728643,0.2763819095477386,0.3165829145728643,604,0.604,627,0.3165829145728643,0,629,172.89698492462372,0
2,60,2023-06-14,0.48897859082920414,0.3212626719423433,0.0,0.7265537625818821,0.7036267774404857,0.7265537625818821,704,0.704,346,0.7265537625818821,0,709,488.9499920115042,0.2955456745311544,0.19671235444506593,0.0,0.469751966122202,0.4068360556563823,0.469751966122202,700,0.7,216,0.469751966122202,0,709,295.53009679370746,0.19681407035176093,0.13088503254825584,0.0,0.3165829145728643,0.2864321608040201,0.3165829145728643,694,0.694,707,0.3165829145728643,0,709,196.69095477387145,0
2,61,2023-06-14,0.3202747243968675,0.2993746181353779,0.0,0.6360440965010385,0.4764339351334078,0.6360440965010385,544,0.544,406,0.6360440965010385,0,549,320.26102412526,0.2229703569267996,0.20897203199992834,0.0,0.4969751966122202,0.3717483363581367,0.4969751966122202,540,0.54,136,0.4969751966122202,0,549,222.95765275257145,0.1508693467336698,0.1413254802446463,0.0,0.3165829145728643,0.271356783919598,0.3165829145728643,533,0.533,547,0.3165829145728643,0,547,150.74623115578035,0
2,62,2023-06-14,0.3261173510145398,0.31858499118571093,0.0,0.6826969164403259,0.4725195718165841,0.6826969164403259,523,0.523,377,0.6826969164403259,0,529,326.0986179900943,0.2039921355111914,0.20015694172965762,0.0,0.5232909860859044,0.3097398669086509,0.5232909860859044,520,0.52,134,0.5232909860859044,0,529,203.9809437386562,0.1454371859296496,0.1415227974726673,0.0,0.3165829145728643,0.26884422110552764,0.3165829145728643,514,0.514,527,0.3165829145728643,0,529,145.3140703517601,0
2,63,2023-06-14,0.38009969643713015,0.3160550171791982,0.0,0.6831762262342227,0.4983224157213612,0.6831762262342227,603,0.603,217,0.6831762262342227,0,609,380.0796053682694,0.2754313369630981,0.23160964460393182,0.0,0.5807622504537205,0.4119782214156079,0.5807622504537205,600,0.6,134,0.5807622504537205,0,609,275.41999395039335,0.1683919597989968,0.13932163296192046,0.0,0.3165829145728643,0.2763819095477386,0.3165829145728643,594,0.594,607,0.3165829145728643,0,609,168.2688442211073,0
2,64,2023-06-14,0.2637231187090585,0.28245797693522634,0.0,0.6104809074932098,0.0,0.6104809074932098,474,0.474,300,0.6104809074932098,0,479,263.7075810832396,0.1686261343012713,0.1828257211381685,0.0,0.4637023593466424,0.0,0.4637023593466424,470,0.47,167,0.4637023593466424,0,479,168.61615245009054,0.1375979899497493,0.14891577004473508,0.0,0.3266331658291457,0.0,0.3266331658291457,464,0.464,308,0.3266331658291457,0,479,137.47487437185984,0
2,65,2023-06-14,0.31334853810512997,0.3053565904141201,0.0,0.6493050007988497,0.4685253235341108,0.6493050007988497,524,0.524,189,0.6493050007988497,0,529,313.3371145550418,0.19330762250453715,0.18953784741262472,0.0,0.4488808227465214,0.30127041742286753,0.4488808227465214,520,0.52,139,0.4488808227465214,0,529,193.30232909860896,0.0,0.0,0.0,0.0,0.0,0.0,0,0.0,0,0.0,-1,-1,0.0,0
2,66,2023-06-14,0.36414794695638225,0.301995667963366,0.0,0.6516216648026841,0.4855408212174468,0.6516216648026841,603,0.603,385,0.6516216648026841,0,609,364.1352053043609,0.26520296430732,0.22219962866782295,0.0,0.5444646098003629,0.3947368421052631,0.5444646098003629,600,0.6,145,0.5444646098003629,0,609,265.19767090139084,0.0,0.0,0.0,0.0,0.0,0.0,0,0.0,0,0.0,-1,-1,0.0,0
2,67,2023-06-14,0.2971031314906528,0.30088402939611564,0.0,0.6614475155775683,0.131490653459019,0.6614475155775683,504,0.504,224,0.6614475155775683,0,509,297.08883208180265,0.19921597096188823,0.20497093295777077,0.0,0.5562613430127041,0.0096793708408953,0.5562613430127041,500,0.5,128,0.5562613430127041,0,509,199.2029643073198,0.15128140703517695,0.15406808789520557,0.0,0.3266331658291457,0.0,0.3266331658291457,494,0.494,230,0.3266331658291457,0,509,151.1582914572875,0
2,68,2023-06-14,0.2769449592586659,0.2973444089092497,0.0,0.6433935133407893,0.0,0.6433935133407893,474,0.474,266,0.6433935133407893,0,479,276.92982105767726,0.18202692075015134,0.19665715877120235,0.0,0.454930429522081,0.0,0.454930429522081,470,0.47,186,0.454930429522081,0,479,182.017090139141,0.1308040201005036,0.14071653744498916,0.0,0.3165829145728643,0.0,0.3165829145728643,464,0.464,477,0.3165829145728643,0,479,130.68090452261413,0
2,69,2023-06-14,0.32460808435852306,0.31696328605919144,0.0,0.6812589870586355,0.4755552005112637,0.6812589870586355,523,0.523,405,0.6812589870586355,0,529,324.5880731746289,0.19965698729582612,0.19492767900902108,0.0,0.4788263762855414,0.3185117967332123,0.4788263762855414,520,0.52,135,0.4788263762855414,0,529,199.64579552329153,0.14556783919598126,0.14165319992775102,0.0,0.3165829145728643,0.271356783919598,0.3165829145728643,514,0.514,527,0.3165829145728643,0,529,145.44472361809179,0
2,70,2023-06-14,0.28813356766256637,0.3146193895906005,0.0,0.8168237737657773,0.0,0.8168237737657773,465,0.465,28,0.8168237737657773,0,479,288.1127576290144,0.19113793103448315,0.2159094370103648,0.0,0.7047791893526921,0.0,0.7047791893526921,460,0.46,14,0.7047791893526921,0,479,191.12416817906842,0.0,0.0,0.0,0.0,0.0,0.0,0,0.0,0,0.0,-1,-1,0.0,0
2,71,2023-06-14,0.36689934494328247,0.30369364238091834,0.0,0.6578526921233424,0.4972839111679182,0.6578526921233424,604,0.604,132,0.6578526921233424,0,609,366.88125099856325,0.2507976406533577,0.21299560877271054,0.0,0.5090744101633394,0.3124621899576527,0.5090744101633394,600,0.6,179,0.5090744101633394,0,609,250.78569267997588,0.16918592964824186,0.14011414394702096,0.0,0.3165829145728643,0.271356783919598,0.3165829145728643,594,0.594,607,0.3165829145728643,0,609,169.06281407035223,0
2,72,2023-06-14,0.28817854289822603,0.31479549539349094,0.0,0.819699632529158,0.0,0.819699632529158,465,0.465,16,0.819699632529158,0,479,288.1576529797089,0.1945592861464,0.22004539798224795,0.0,0.7407743496672716,0.0,0.7407743496672716,460,0.46,13,0.7407743496672716,0,479,194.546279491833,0.0,0.0,0.0,0.0,0.0,0.0,0,0.0,0,0.0,-1,-1,0.0,0
2,73,2023-06-14,0.5004618149864184,0.3299212053276758,0.0,0.752835916280556,0.7233583639559035,0.752835916280556,704,0.704,216,0.752835916280556,0,709,500.43525323534016,0.34560859044162173,0.23091421200945889,0.0,0.5865093768905021,0.4646098003629764,0.5865093768905021,700,0.7,56,0.5865093768905021,0,709,345.5937689050207,0.19696482412060518,0.13095303685354198,0.0,0.3165829145728643,0.2864321608040201,0.3165829145728643,694,0.694,707,0.3165829145728643,0,709,196.8417085427155,0
2,74,2023-06-14,0.28809761942802276,0.31464553324766464,0.0,0.8218565266016936,0.0,0.8218565266016936,465,0.465,27,0.8218565266016936,0,479,288.07509186771085,0.19724984875983073,0.22186192870238008,0.0,0.7078039927404719,0.0,0.7078039927404719,460,0.46,17,0.7078039927404719,0,479,197.23608590441626,0.0,0.0,0.0,0.0,0.0,0.0,0,0.0,0,0.0,-1,-1,0.0,0
2,75,2023-06-14,0.49778582840709384,0.327545031129373,0.0,0.7425307557117751,0.7221600894711615,0.7425307557117751,704,0.704,630,0.7425307557117751,0,709,497.7567103371121,0.3013575317604345,0.20130678929645016,0.0,0.4879007864488808,0.411070780399274,0.4879007864488808,700,0.7,200,0.4879007864488808,0,709,301.3431639443435,0.1967336683417109,0.13076353097405363,0.0,0.3165829145728643,0.2864321608040201,0.3165829145728643,694,0.694,707,0.3165829145728643,0,709,196.61055276382143,0
2,76,2023-06-14,0.3067924588592429,0.3110000393280598,0.0,0.6718325611119987,0.1330084678063588,0.6718325611119987,504,0.504,415,0.6718325611119987,0,509,306.7779996804605,0.21470568663036885,0.2178303370711165,0.0,0.5263157894736842,0.0081669691470054,0.5263157894736842,500,0.5,135,0.5263157894736842,0,509,214.69540229885033,0.1400100502512575,0.14190771099356742,0.0,0.3165829145728643,0.0,0.3165829145728643,494,0.494,507,0.3165829145728643,0,509,139.88693467336805,0
2,77,2023-06-14,0.5039302604249862,0.3313973020920208,0.0,0.7513979868988656,0.7278319220322735,0.7513979868988656,704,0.704,342,0.7513979868988656,0,709,503.9008228151445,0.2986137326073812,0.20000271688607005,0.0,0.4788263762855414,0.4128856624319419,0.4788263762855414,700,0.7,226,0.4788263762855414,0,709,298.598759830611,0.1970804020100526,0.13100966456251462,0.0,0.3165829145728643,0.2864321608040201,0.3165829145728643,694,0.694,707,0.3165829145728643,0,709,196.95728643216313,0
2,78,2023-06-14,0.482304201949196,0.31681412340763543,0.0,0.7160089471161527,0.6935612717686531,0.7160089471161527,704,0.704,126,0.7160089471161527,0,709,482.2845502476418,0.28941802782818943,0.1939004478519521,0.0,0.4637023593466424,0.4016938898971567,0.4637023593466424,700,0.7,246,0.4637023593466424,0,709,289.4062310949793,0.0,0.0,0.0,0.0,0.0,0.0,0,0.0,0,0.0,-1,-1,0.0,0
2,79,2023-06-14,0.30941076849336946,0.30122328941093834,0.0,0.6592107365393833,0.4717606646429141,0.6592107365393833,524,0.524,287,0.6592107365393833,0,529,309.3965889119682,0.19943738656987328,0.199662892327538,0.0,0.5444646098003629,0.3094373865698729,0.5444646098003629,520,0.52,133,0.5444646098003629,0,529,199.42574107683075,0.15578894472361918,0.15241745281372354,0.0,0.3266331658291457,0.2663316582914573,0.3266331658291457,514,0.514,293,0.3266331658291457,0,529,155.6658291457297,0
2,80,2023-06-14,0.3133726633647558,0.30539578620193764,0.0,0.6513820099057357,0.4700431378814507,0.6513820099057357,524,0.524,299,0.6513820099057357,0,529,313.35992171273347,0.19208227465214794,0.18949883646222837,0.0,0.4637023593466424,0.3049001814882032,0.4637023593466424,520,0.52,135,0.4637023593466424,0,529,192.07683000604987,0.0,0.0,0.0,0.0,0.0,0.0,0,0.0,0,0.0,-1,-1,0.0,0
2,81,2023-06-14,0.3182113756191083,0.30963296919401867,0.0,0.6715929062150503,0.48781754273845657,0.6715929062150503,524,0.524,229,0.6715929062150503,0,529,318.19815465729283,0.19946158499697472,0.19722002464185262,0.0,0.5232909860859044,0.3405928614640048,0.5232909860859044,520,0.52,155,0.5232909860859044,0,529,199.45039322444026,0.15676884422110668,0.15356788778643837,0.0,0.3266331658291457,0.2663316582914573,0.3266331658291457,514,0.514,236,0.3266331658291457,0,529,156.64572864321724,0
2,82,2023-06-14,0.3644045374660478,0.3020060128985416,0.0,0.6497843105927464,0.4841028918357565,0.6497843105927464,604,0.604,182,0.6497843105927464,0,609,364.39307397347955,0.23978372655777352,0.20087551714397778,0.0,0.484875983061101,0.3587416817906836,0.484875983061101,600,0.6,165,0.484875983061101,0,609,239.77707199032056,0.0,0.0,0.0,0.0,0.0,0.0,0,0.0,0,0.0,-1,-1,0.0,0
2,83,2023-06-14,0.31500966608084274,0.29398073256833446,0.0,0.6330084678063589,0.4766735900303563,0.6330084678063589,544,0.544,143,0.6330084678063589,0,549,314.99604569419927,0.21585904416212923,0.2027290213523521,0.0,0.514216575922565,0.352692075015124,0.514216575922565,540,0.54,133,0.514216575922565,0,549,215.84603750756185,0.16689949748743846,0.15716803473237628,0.0,0.3266331658291457,0.271356783919598,0.3266331658291457,533,0.533,151,0.3266331658291457,0,547,166.776381909549,0
2,84,2023-06-14,0.4180071896469078,0.33634388007742155,0.0,0.8915961016136763,0.6678383128295254,0.8915961016136763,615,0.615,43,0.8915961016136763,0,629,417.96700750918666,0.2865163339382939,0.23348448479845715,0.0,0.6833030852994555,0.4422262552934059,0.6833030852994555,610,0.61,40,0.6833030852994555,0,629,286.4989413188138,0.17262311557789023,0.14007127298673225,0.0,0.3165829145728643,0.271356783919598,0.3165829145728643,604,0.604,627,0.3165829145728643,0,629,172.50000000000045,1
2,85,2023-06-14,0.3020708579645308,0.3069750742575065,0.0,0.6633647547531555,0.12613836076050486,0.6633647547531555,504,0.504,302,0.6633647547531555,0,509,302.0565585556795,0.21234785238959467,0.21608291107650368,0.0,0.5199637023593466,0.00801572897761645,0.5199637023593466,500,0.5,36,0.5199637023593466,0,509,212.33666061705972,0.13967839195980025,0.14182667160184326,0.0,0.3165829145728643,0.0,0.3165829145728643,494,0.494,507,0.3165829145728643,0,509,139.5552763819108,0
2,86,2023-06-14,0.43650862757629066,0.35047943977126855,0.0,0.8883208180220482,0.6897267934174788,0.8883208180220482,615,0.615,27,0.8883208180220482,0,629,436.46684773925483,0.266032667876588,0.21835596755994555,0.0,0.617059891107078,0.382335148215366,0.617059891107078,610,0.61,27,0.617059891107078,0,629,266.0145190562615,0.1738944723618092,0.14109358843318165,0.0,0.3165829145728643,0.271356783919598,0.3165829145728643,604,0.604,627,0.3165829145728643,0,629,173.77135678391957,0
2,87,2023-06-14,0.32255583959098877,0.28844852055426345,0.0,0.6226234222719285,0.4932097779197955,0.6226234222719285,564,0.564,144,0.6226234222719285,0,569,322.54241891675935,0.2606857229280097,0.23539921577881323,0.0,0.5747126436781609,0.4101633393829401,0.5747126436781609,560,0.56,140,0.5747126436781609,0,569,260.67453115547505,0.1587336683417084,0.14297963873044095,0.0,0.3165829145728643,0.2663316582914573,0.3165829145728643,553,0.553,567,0.3165829145728643,0,567,158.6105527638188,0
2,88,2023-06-14,0.43837889439207417,0.3518228725546847,0.0,0.889998402300687,0.6980348298450232,0.889998402300687,615,0.615,49,0.889998402300687,0,629,438.3370346700742,0.2629646098003633,0.21513843970617988,0.0,0.5928614640048396,0.3787053841500302,0.5928614640048396,610,0.61,42,0.5928614640048396,0,629,262.94721718088334,0.1739798994974874,0.14117679877698117,0.0,0.3165829145728643,0.271356783919598,0.3165829145728643,604,0.604,627,0.3165829145728643,0,629,173.85678391959783,0
2,89,2023-06-14,0.44279916919635587,0.3551467804857486,0.0,0.8918357565106247,0.7099376897267934,0.8918357565106247,615,0.615,43,0.8918357565106247,0,629,442.7572295893916,0.26292347247428893,0.21435526673322408,0.0,0.5865093768905021,0.3865698729582577,0.5865093768905021,610,0.61,47,0.5865093768905021,0,629,262.90623109497875,0.17151758793970007,0.13911491716481525,0.0,0.3165829145728643,0.271356783919598,0.3165829145728643,604,0.604,627,0.3165829145728643,0,629,171.39447236181059,0
2,90,2023-06-14,0.31229940885125396,0.3162249924437147,0.0,0.6839750758907174,0.15150183735420988,0.6839750758907174,504,0.504,152,0.6839750758907174,0,509,312.2846700750922,0.20859951603145818,0.21252054917145757,0.0,0.5090744101633394,0.00892316999395035,0.5090744101633394,500,0.5,139,0.5090744101633394,0,509,208.587568058076,0.15325125628140812,0.1562277526698604,0.0,0.3266331658291457,0.0,0.3266331658291457,494,0.494,152,0.3266331658291457,0,509,153.12814070351865,0
2,91,2023-06-14,0.3134539862597854,0.31799768394291456,0.0,0.6842147307876658,0.1461894871385205,0.6842147307876658,504,0.504,344,0.6842147307876658,0,509,313.4406055280397,0.21295220810647333,0.2171463319313631,0.0,0.5263157894736842,0.0081669691470054,0.5263157894736842,500,0.5,137,0.5263157894736842,0,509,212.9419237749547,0.13977889447236305,0.14156788914042498,0.0,0.3165829145728643,0.0,0.3165829145728643,494,0.494,507,0.3165829145728643,0,509,139.65577889447357,0
2,92,2023-06-14,0.30522966927624223,0.309473608686892,0.0,0.668956702348618,0.14291420354689244,0.668956702348618,504,0.504,363,0.668956702348618,0,509,305.2152500399423,0.21015940713853576,0.2138522906815232,0.0,0.5290381125226861,0.0081669691470054,0.5290381125226861,500,0.5,136,0.5290381125226861,0,509,210.14912280701773,0.13979899497487563,0.14161652809353553,0.0,0.3165829145728643,0.0,0.3165829145728643,494,0.494,507,0.3165829145728643,0,509,139.67587939698615,0
2,93,2023-06-14,0.30237841508228197,0.3066613666078261,0.0,0.6580124620546414,0.14243489375299564,0.6580124620546414,504,0.504,363,0.6580124620546414,0,509,302.36419555839655,0.2085314579552334,0.21257128202840758,0.0,0.5232909860859044,0.0081669691470054,0.5232909860859044,500,0.5,136,0.5232909860859044,0,509,208.52026618269775,0.1399698492462324,0.14177220530846435,0.0,0.3165829145728643,0.0,0.3165829145728643,494,0.494,507,0.3165829145728643,0,509,139.84673366834292,0
2,94,2023-06-14,0.30240142195238867,0.30651224143011185,0.0,0.6582521169515897,0.14583000479309788,0.6582521169515897,504,0.504,300,0.6582521169515897,0,509,302.38724237098637,0.20999455535390227,0.21561505160716074,0.0,0.5323653962492438,0.0083182093163944,0.5323653962492438,500,0.5,140,0.5323653962492438,0,509,209.9841197822142,0.13973869346733792,0.14152480479393126,0.0,0.3165829145728643,0.0,0.3165829145728643,494,0.494,507,0.3165829145728643,0,509,139.61557788944845,0
2,95,2023-06-14,0.36438927943761035,0.30194213950175747,0.0,0.6479469563828087,0.4821057676945199,0.6479469563828087,604,0.604,203,0.6479469563828087,0,609,364.3752596261381,0.23103266787658772,0.1968505316311719,0.0,0.4637023593466424,0.29673321234119776,0.4637023593466424,600,0.6,177,0.4637023593466424,0,609,231.0272232304902,0.0,0.0,0.0,0.0,0.0,0.0,0,0.0,0,0.0,-1,-1,0.0,0
2,96,2023-06-14,0.3234213931937998,0.2897312924963995,0.0,0.6153538903978272,0.4797092187250359,0.6153538903978272,564,0.564,131,0.6153538903978272,0,569,323.4080923470197,0.259803992740472,0.2345024319438336,0.0,0.5683605565638233,0.4122807017543859,0.5683605565638233,560,0.56,141,0.5683605565638233,0,569,259.7929522081061,0.15763316582914638,0.14193403412742642,0.0,0.3165829145728643,0.271356783919598,0.3165829145728643,553,0.553,567,0.3165829145728643,0,567,157.51005025125684,0
2,97,2023-06-14,0.4524064547052238,0.3628158011507732,0.0,0.8918357565106247,0.7274324972040263,0.8918357565106247,615,0.615,34,0.8918357565106247,0,629,452.3645150982576,0.26094827586206903,0.21215612760193212,0.0,0.5747126436781609,0.3920145190562613,0.5747126436781609,610,0.61,48,0.5747126436781609,0,629,260.9302782819116,0.1718592964824139,0.13927722897678602,0.0,0.3165829145728643,0.2814070351758794,0.3165829145728643,604,0.604,627,0.3165829145728643,0,629,171.73618090452445,0
2,98,2023-06-14,0.2611235021568941,0.27999287649518056,0.0,0.5992171273366352,0.0,0.5992171273366352,474,0.474,381,0.5992171273366352,0,479,261.1082041859719,0.18815577737447087,0.20350166278734239,0.0,0.5030248033877798,0.0,0.5030248033877798,470,0.47,148,0.5030248033877798,0,479,188.14398064125837,0.13316080402010005,0.14342257871390834,0.0,0.3165829145728643,0.0,0.3165829145728643,464,0.464,477,0.3165829145728643,0,479,133.03768844221054,0
2,99,2023-06-14,0.45423470202907756,0.33506317242695755,0.0,0.8895190925067902,0.6836555360281195,0.8895190925067902,655,0.655,49,0.8895190925067902,0,659,454.19284230707854,0.2513130671506356,0.19424263872837674,0.0,0.6291591046581972,0.3254688445251059,0.6291591046581972,650,0.65,49,0.6291591046581972,0,659,251.29582577132524,0.18617587939698524,0.1386678476628786,0.0,0.3165829145728643,0.2864321608040201,0.3165829145728643,644,0.644,657,0.3165829145728643,0,659,186.05276381909542,0
2,100,2023-06-14,0.30998514139639033,0.3018674734109183,0.0,0.640437769611759,0.4696437130532034,0.640437769611759,524,0.524,343,0.640437769611759,0,529,309.97008308036453,0.22169509981851152,0.21809494017635186,0.0,0.5562613430127041,0.3578342407743496,0.5562613430127041,520,0.52,129,0.5562613430127041,0,529,221.68315184513028,0.14663316582914687,0.14274077877751745,0.0,0.3165829145728643,0.271356783919598,0.3165829145728643,514,0.514,527,0.3165829145728643,0,529,146.51005025125738,0
2,101,2023-06-14,0.5634221920434604,0.3268383881716432,0.0,0.9182776801405976,0.7418117910209299,0.9182776801405976,755,0.755,26,0.9182776801405976,0,769,563.3808116312522,0.3656578947368433,0.2275071846165393,0.0,0.8614640048396854,0.4274047186932849,0.8614640048396854,750,0.75,23,0.8614640048396854,0,769,365.6409558378709,0.2158090452261311,0.13280971479120282,0.0,1.0,0.2864321608040201,1.0,744,0.744,195,1.0,0,769,215.6859296482415,0
2,102,2023-06-14,0.3091327688129084,0.2880446996708264,0.0,0.6153538903978272,0.4797092187250359,0.6153538903978272,544,0.544,247,0.6153538903978272,0,549,309.1182696916434,0.23040381125226841,0.2177249826264071,0.0,0.5444646098003629,0.3584392014519056,0.5444646098003629,540,0.54,137,0.5444646098003629,0,549,230.3921657592257,0.15119597989949896,0.1413424345193746,0.0,0.3165829145728643,0.271356783919598,0.3165829145728643,534,0.534,547,0.3165829145728643,0,549,151.07286432160947,0
2,103,2023-06-14,0.5026846940405837,0.30837916598252774,0.0,0.8927943760984183,0.6757469244288224,0.8927943760984183,734,0.734,42,0.8927943760984183,0,749,502.64443201789436,0.35217755595886485,0.24138399184581544,0.0,1.0,0.4134906231094978,1.0,730,0.73,36,1.0,0,749,352.1598608590446,0.2053115577889473,0.1269819070261674,0.0,0.3165829145728643,0.2864321608040201,0.3165829145728643,724,0.724,747,0.3165829145728643,0,749,205.18844221105783,0
2,104,2023-06-14,0.38640469723597937,0.3208908367268118,0.0,0.7030675826809395,0.5017574692442882,0.7030675826809395,604,0.604,560,0.7030675826809395,0,609,386.38404697235995,0.2355946763460374,0.20171305861514116,0.0,0.4519056261343013,0.2613430127041742,0.4519056261343013,600,0.6,247,0.4519056261343013,0,609,235.58318209316386,0.16748241206030334,0.13889257783652934,0.0,0.3165829145728643,0.2763819095477386,0.3165829145728643,593,0.593,607,0.3165829145728643,0,607,167.3592964824139,0
2,105,2023-06-14,0.5119556638440639,0.3374845323060925,0.0,0.7751238216967566,0.7402140917079405,0.7751238216967566,704,0.704,367,0.7751238216967566,0,709,511.9267854289827,0.30085722928009645,0.2030135290223216,0.0,0.4969751966122202,0.4068360556563823,0.4969751966122202,700,0.7,274,0.4969751966122202,0,709,300.8425589836663,0.19660804020100744,0.1307011291341454,0.0,0.3165829145728643,0.2864321608040201,0.3165829145728643,694,0.694,707,0.3165829145728643,0,709,196.48492462311796,0
2,106,2023-06-14,0.4605099856207054,0.33205608327618796,0.0,0.7332640996964371,0.6958779357724876,0.7332640996964371,664,0.664,482,0.7332640996964371,0,679,460.4798290461718,0.2621467029643073,0.19349508095269208,0.0,0.4939503932244404,0.3557168784029038,0.4939503932244404,660,0.66,172,0.4939503932244404,0,679,262.1302177858441,0.18523618090452465,0.13495666557563293,0.0,0.3165829145728643,0.2864321608040201,0.3165829145728643,654,0.654,677,0.3165829145728643,0,679,185.11306532663517,0
2,107,2023-06-14,0.5032323054801064,0.3315240044913666,0.0,0.7557117750439367,0.7290301965170155,0.7557117750439367,704,0.704,197,0.7557117750439367,0,709,503.202668157851,0.3321349062310947,0.22476355358013697,0.0,0.5653357531760436,0.4367816091954023,0.5653357531760436,700,0.7,204,0.5653357531760436,0,709,332.12053841500295,0.19649246231156017,0.13063177210130042,0.0,0.3165829145728643,0.2864321608040201,0.3165829145728643,694,0.694,707,0.3165829145728643,0,709,196.36934673367065,0
2,108,2023-06-14,0.474352372583477,0.3145785972993313,0.0,0.722239974436811,0.693880811631251,0.722239974436811,704,0.704,239,0.722239974436811,0,709,474.3283272088199,0.32863914095583757,0.2193386365037715,0.0,0.5353901996370236,0.44812462189957647,0.5353901996370236,700,0.7,346,0.5353901996370236,0,709,328.62658802177805,0.19612060301507772,0.13035675825253829,0.0,0.3165829145728643,0.2763819095477386,0.3165829145728643,694,0.694,707,0.3165829145728643,0,709,195.99748743718825,0
2,109,2023-06-14,0.5002164882569085,0.3288990937496427,0.0,0.7482824732385365,0.7189646908451829,0.7482824732385365,704,0.704,472,0.7482824732385365,0,709,500.19008627576216,0.2958832425892301,0.19828802779643503,0.0,0.4818511796733212,0.4041137326073805,0.4818511796733212,700,0.7,472,0.4818511796733212,0,709,295.8672111312752,0.19588442211055496,0.13025302427222965,0.0,0.3165829145728643,0.2763819095477386,0.3165829145728643,694,0.694,707,0.3165829145728643,0,709,195.76130653266546,0
2,110,2023-06-14,0.49586459498322183,0.3259601955733939,0.0,0.7410928263300847,0.7148106726314107,0.7410928263300847,704,0.704,164,0.7410928263300847,0,709,495.8354369707612,0.29494222625529354,0.1990596995081131,0.0,0.4939503932244404,0.4044162129461585,0.4939503932244404,700,0.7,330,0.4939503932244404,0,709,294.9277071990335,0.198562814070352,0.13217855355903643,0.0,0.3165829145728643,0.2763819095477386,0.3165829145728643,694,0.694,707,0.3165829145728643,0,709,198.43969849246247,0
2,111,2023-06-14,0.31223613995845995,0.317286881831579,0.0,0.6890078287266337,0.14586994727592267,0.6890078287266337,504,0.504,272,0.6890078287266337,0,509,312.222639399265,0.21011010284331505,0.21472179174595965,0.0,0.514216575922565,0.00907441016333935,0.514216575922565,500,0.5,152,0.514216575922565,0,509,210.10012099213537,0.1397939698492475,0.1415834152118243,0.0,0.3165829145728643,0.0,0.3165829145728643,494,0.494,507,0.3165829145728643,0,509,139.67085427135802,0
2,112,2023-06-14,0.43164746764658735,0.34657258048881034,0.0,0.8804122064227512,0.6870905895510465,0.8804122064227512,615,0.615,30,0.8804122064227512,0,619,431.6095222879052,0.2679249848759831,0.21857288729583632,0.0,0.5381125226860254,0.3989715668481549,0.5381125226860254,610,0.61,34,0.5381125226860254,0,619,267.9060798548088,0.17293467336683477,0.14030980486904693,0.0,0.3165829145728643,0.271356783919598,0.3165829145728643,604,0.604,617,0.3165829145728643,0,619,172.8115577889452,0
2,113,2023-06-14,0.30519076529796996,0.30986705904038203,0.0,0.6963572455663845,0.1433535708579645,0.6963572455663845,504,0.504,272,0.6963572455663845,0,509,305.17714491132733,0.1949355716878404,0.20184908229656226,0.0,0.5172413793103449,0.00801572897761645,0.5172413793103449,500,0.5,218,0.5172413793103449,0,509,194.92453115547582,0.14907537688442318,0.15186844552720413,0.0,0.3266331658291457,0.0,0.3266331658291457,494,0.494,277,0.3266331658291457,0,509,148.9522613065337,0
2,114,2023-06-14,0.4216989135644686,0.3390485318781993,0.0,0.8911167918197795,0.6674388880012782,0.8911167918197795,615,0.615,25,0.8911167918197795,0,619,421.6587314267451,0.2734594676346037,0.22235139675296478,0.0,0.5683605565638233,0.4101633393829401,0.5683605565638233,610,0.61,48,0.5683605565638233,0,619,273.44177253478466,0.17381407035175822,0.1429140851047245,0.0,1.0,0.2663316582914573,1.0,604,0.604,196,1.0,0,619,173.69095477386864,0
2,115,2023-06-14,0.2611206262981304,0.28000994586824846,0.0,0.5960217287106566,0.0,0.5960217287106566,474,0.474,178,0.5960217287106566,0,479,261.106606486659,0.1810066545674531,0.19424008944735854,0.0,0.4519056261343013,0.0,0.4519056261343013,470,0.47,18,0.4519056261343013,0,479,180.99334543254716,0.13061306532663416,0.14054351419341357,0.0,0.3165829145728643,0.0,0.3165829145728643,464,0.464,477,0.3165829145728643,0,479,130.48994974874466,0
2,116,2023-06-14,0.2693269691644028,0.28979572146097576,0.0,0.6307716887681738,0.0,0.6307716887681738,474,0.474,308,0.6307716887681738,0,479,269.31215050327506,0.18602450090744113,0.19984745664542256,0.0,0.4337568058076225,0.0,0.4337568058076225,470,0.47,268,0.4337568058076225,0,479,186.01179673321224,0.13091457286432268,0.14089786434350796,0.0,0.3165829145728643,0.0,0.3165829145728643,464,0.464,477,0.3165829145728643,0,479,130.7914572864332,0
2,117,2023-06-14,0.34366176705543927,0.3081526317273937,0.0,0.6572934973637962,0.5026362038664324,0.6572934973637962,564,0.564,341,0.6572934973637962,0,569,343.6489055759702,0.27357199032062984,0.2486599054046584,0.0,0.6079854809437386,0.4122807017543859,0.6079854809437386,560,0.56,155,0.6079854809437386,0,569,273.56019358741685,0.15637688442211214,0.14070736166679945,0.0,0.3165829145728643,0.271356783919598,0.3165829145728643,553,0.553,567,0.3165829145728643,0,567,156.25376884422266,0
2,118,2023-06-14,0.514142035468919,0.2897419012897315,0.0,0.7140917079405655,0.6720722160089471,0.7140917079405655,764,0.764,194,0.7140917079405655,0,769,514.1126378015656,0.32343133696309617,0.19185707760685386,0.0,0.5353901996370236,0.4092558983666062,0.5353901996370236,760,0.76,294,0.5353901996370236,0,769,323.4166666666661,0.21602512562814072,0.12413147461187433,0.0,0.3165829145728643,0.2864321608040201,0.3165829145728643,753,0.753,767,0.3165829145728643,0,767,215.90201005025125,0
2,119,2023-06-14,0.3446909250679019,0.3092588820184789,0.0,0.6632049848218565,0.5019971241412367,0.6632049848218565,564,0.564,261,0.6632049848218565,0,569,344.67662565905044,0.2726624319419239,0.24815279708573262,0.0,0.6137326073805203,0.4189352692075015,0.6137326073805203,560,0.56,168,0.6137326073805203,0,569,272.65290381125226,0.15651758793970005,0.14082939371232323,0.0,0.3165829145728643,0.271356783919598,0.3165829145728643,553,0.553,567,0.3165829145728643,0,567,156.3944723618106,0
2,120,2023-06-14,0.2758310432976515,0.2975860610294681,0.0,0.6494647707301486,0.0,0.6494647707301486,474,0.474,346,0.6494647707301486,0,479,275.81706342866283,0.22448185117967323,0.2417275188541828,0.0,0.5683605565638233,0.0,0.5683605565638233,470,0.47,133,0.5683605565638233,0,479,224.47081064730787,0.13052763819095592,0.14046968860157164,0.0,0.3165829145728643,0.0,0.3165829145728643,464,0.464,477,0.3165829145728643,0,479,130.4045226130664,0
2,121,2023-06-14,0.5684661287745654,0.3288752823977017,0.0,0.8885604729189966,0.7526761463492571,0.8885604729189966,755,0.755,25,0.8885604729189966,0,779,568.4243489375311,0.31710193587416863,0.1965196049907387,0.0,0.5716878402903811,0.3584392014519056,0.5716878402903811,750,0.75,48,0.5716878402903811,0,779,317.0840895341807,0.2273618090452279,0.13523629583330873,0.0,0.3266331658291457,0.2964824120603015,0.3266331658291457,743,0.743,390,0.3266331658291457,0,777,227.23869346733846,0
2,122,2023-06-14,0.3050645470522451,0.28433041415730886,0.0,0.5992171273366352,0.4741971560952229,0.5992171273366352,544,0.544,137,0.5992171273366352,0,549,305.0551206262978,0.22530943738657025,0.21328363591759542,0.0,0.5414398064125832,0.3608590441621294,0.5414398064125832,540,0.54,137,0.5414398064125832,0,549,225.30096793708418,0.0,0.0,0.0,0.0,0.0,0.0,0,0.0,0,0.0,-1,-1,0.0,0
2,123,2023-06-14,0.28155496085636744,0.2841315249433415,0.0,0.6169515897108164,0.13720242850295572,0.6169515897108164,504,0.504,199,0.6169515897108164,0,509,281.5452548330402,0.1818808227465213,0.18493502885907284,0.0,0.4637023593466424,0.0072595281306715,0.4637023593466424,500,0.5,132,0.4637023593466424,0,509,181.8726557773741,0.0,0.0,0.0,0.0,0.0,0.0,0,0.0,0,0.0,-1,-1,0.0,0
2,124,2023-06-14,0.3446554561431546,0.3091894185218737,0.0,0.6703946317303083,0.5033951110401023,0.6703946317303083,564,0.564,194,0.6703946317303083,0,569,344.64099696437154,0.27761917725347834,0.2524342646693366,0.0,0.632183908045977,0.4189352692075015,0.632183908045977,560,0.56,174,0.632183908045977,0,569,277.60934664246844,0.15663819095477544,0.14092980359087556,0.0,0.3165829145728643,0.271356783919598,0.3165829145728643,553,0.553,567,0.3165829145728643,0,567,156.515075376886,0
2,125,2023-06-14,0.2819369707621015,0.30265659630964126,0.0,0.6448314427224796,0.0,0.6448314427224796,474,0.474,380,0.6448314427224796,0,479,281.92055440166223,0.1850535390199637,0.20167993250302027,0.0,0.5172413793103449,0.0,0.5172413793103449,470,0.47,140,0.5172413793103449,0,479,185.04340592861448,0.13110552763819203,0.14101203612981578,0.0,0.3165829145728643,0.0,0.3165829145728643,464,0.464,477,0.3165829145728643,0,479,130.98241206030255,0
2,126,2023-06-14,0.281631330883527,0.28412927731816817,0.0,0.6034510305160569,0.1407573094743569,0.6034510305160569,504,0.504,358,0.6034510305160569,0,509,281.6207061830957,0.18265426497277715,0.18431175341738698,0.0,0.4246823956442831,0.00741076830006045,0.4246823956442831,500,0.5,141,0.4246823956442831,0,509,182.64594676346067,0.0,0.0,0.0,0.0,0.0,0.0,0,0.0,0,0.0,-1,-1,0.0,0
2,127,2023-06-14,0.29900063907972413,0.3023822469548554,0.0,0.6433935133407893,0.13748202588272884,0.6433935133407893,504,0.504,160,0.6433935133407893,0,509,298.98550087873406,0.21587386569872932,0.22040815191353344,0.0,0.5444646098003629,0.0084694494857834,0.5444646098003629,500,0.5,27,0.5444646098003629,0,509,215.8643375680581,0.13936683417085552,0.1411780622886724,0.0,0.3165829145728643,0.0,0.3165829145728643,494,0.494,507,0.3165829145728643,0,509,139.24371859296602,0
2,128,2023-06-14,0.2701266176705546,0.28997028893153315,0.0,0.6205464131650423,0.0,0.6205464131650423,474,0.474,221,0.6205464131650423,0,479,270.1108004473552,0.17884875983061096,0.19415188777078446,0.0,0.4428312159709618,0.0,0.4428312159709618,470,0.47,147,0.4428312159709618,0,479,178.83832425892322,0.13021608040201113,0.14037123641626012,0.0,0.3165829145728643,0.0,0.3165829145728643,463,0.463,477,0.3165829145728643,0,477,130.09296482412165,0
2,129,2023-06-14,0.2918741811791018,0.2953062154083271,0.0,0.6437130532033871,0.14766735900303557,0.6437130532033871,504,0.504,508,0.6437130532033871,0,509,291.86032113756164,0.21816515426497243,0.2261859410768366,0.0,0.5353901996370236,0.0083182093163944,0.5353901996370236,500,0.5,185,0.5353901996370236,0,509,218.15366001209927,0.14092462311557735,0.14296001652239373,0.0,0.3165829145728643,0.0,0.3165829145728643,494,0.494,507,0.3165829145728643,0,509,140.80150753768785,0
2,130,2023-06-14,0.2930438568461415,0.29673652091360075,0.0,0.6290142195238856,0.13496564946477072,0.6290142195238856,504,0.504,295,0.6290142195238856,0,509,293.0289982425305,0.21723351482153633,0.22154677901217415,0.0,0.5444646098003629,0.0084694494857834,0.5444646098003629,500,0.5,128,0.5444646098003629,0,509,217.22186932849354,0.1396984924623128,0.14154593471753124,0.0,0.3165829145728643,0.0,0.3165829145728643,494,0.494,507,0.3165829145728643,0,509,139.57537688442335,1
2,131,2023-06-14,0.29690565585556683,0.30064914062585385,0.0,0.6642434893752995,0.15106247004313783,0.6642434893752995,504,0.504,181,0.6642434893752995,0,509,296.89135644671654,0.21814277071990354,0.22654939048230205,0.0,0.5595886267392619,0.0087719298245614,0.5595886267392619,500,0.5,184,0.5595886267392619,0,509,218.1308227465215,0.14148743718592915,0.14345529382962635,0.0,0.3165829145728643,0.0,0.3165829145728643,494,0.494,507,0.3165829145728643,0,509,141.36432160803957,0
2,132,2023-06-14,0.28068046013740217,0.301648938779439,0.0,0.6508228151461894,0.0,0.6508228151461894,474,0.474,471,0.6508228151461894,0,479,280.6651621664806,0.20554658197217116,0.22175951985053105,0.0,0.5290381125226861,0.0,0.5290381125226861,470,0.47,144,0.5290381125226861,0,479,205.53629764065283,0.1318090452261313,0.14183225470618022,0.0,0.3165829145728643,0.0,0.3165829145728643,464,0.464,477,0.3165829145728643,0,479,131.68592964824182,0
2,133,2023-06-14,0.24138440645470544,0.28573733503808807,0.0,0.6288544495925866,0.0,0.6288544495925866,424,0.424,140,0.6288544495925866,0,429,241.36962773605967,0.16527918935269237,0.1991016034162293,0.0,0.4969751966122202,0.0,0.4969751966122202,420,0.42,147,0.4969751966122202,0,429,165.26754385964912,0.11734673366834178,0.13984357601218084,0.0,0.3165829145728643,0.0,0.3165829145728643,414,0.414,427,0.3165829145728643,0,429,117.22361809045236,0
2,134,2023-06-14,0.27559889758747413,0.29569118022673974,0.0,0.6336475475315546,0.0,0.6336475475315546,474,0.474,342,0.6336475475315546,0,479,275.585237258348,0.18116333938293983,0.19577807382410448,0.0,0.4579552329098608,0.0,0.4579552329098608,470,0.47,155,0.4579552329098608,0,479,181.15350877193023,0.13126633165829252,0.14122758790357176,0.0,0.3165829145728643,0.0,0.3165829145728643,464,0.464,477,0.3165829145728643,0,479,131.14321608040308,0
2,135,2023-06-14,0.2983328007668937,0.32150971084142066,0.0,0.7067422911008149,0.0,0.7067422911008149,474,0.474,258,0.7067422911008149,0,479,298.31750279597316,0.19223563218390818,0.21009614192297243,0.0,0.5562613430127041,0.0,0.5562613430127041,470,0.47,128,0.5562613430127041,0,479,192.2259528130665,0.13933165829145824,0.15075297076840505,0.0,0.3266331658291457,0.0,0.3266331658291457,464,0.464,264,0.3266331658291457,0,479,139.20854271356876,0
3,0,2023-06-21,0.5035665441763848,0.33157435616617037,0.0,0.7521169515897108,0.7285508867231187,0.7521169515897108,704,0.704,397,0.7521169515897108,0,709,503.5400223677899,0.3075326678765873,0.2060273206890555,0.0,0.5090744101633394,0.4068360556563823,0.5090744101633394,700,0.7,177,0.5090744101633394,0,709,307.51663641863234,0.19811055276382042,0.13204269174253885,0.0,0.3165829145728643,0.2864321608040201,0.3165829145728643,694,0.694,707,0.3165829145728643,0,709,197.9874371859309,0
3,1,2023-06-21,0.48910872343824807,0.3218645486597259,0.0,0.7306278958300048,0.7077009106886084,0.7306278958300048,704,0.704,282,0.7306278958300048,0,709,489.0800846780637,0.3060907441016322,0.20454010593432886,0.0,0.4818511796733212,0.4249848759830611,0.4818511796733212,700,0.7,379,0.4818511796733212,0,709,306.0747126436773,0.19769346733668478,0.13183642088846342,0.0,0.3165829145728643,0.2864321608040201,0.3165829145728643,694,0.694,707,0.3165829145728643,0,709,197.57035175879514,0
3,2,2023-06-21,0.5049010225275607,0.3327759963401202,0.0,0.7583479789103691,0.7315865154177984,0.7583479789103691,704,0.704,474,0.7583479789103691,0,709,504.87278319220457,0.3111503327283715,0.20736382084177946,0.0,0.5030248033877798,0.425892316999395,0.5030248033877798,700,0.7,157,0.5030248033877798,0,709,311.1355111917722,0.19686432160804265,0.13114990880026797,0.0,0.3165829145728643,0.2864321608040201,0.3165829145728643,694,0.694,707,0.3165829145728643,0,709,196.74120603015317,0
3,3,2023-06-21,0.32041899664483164,0.31278010623100555,0.0,0.6690365873142674,0.4696437130532034,0.6690365873142674,523,0.523,398,0.6690365873142674,0,529,320.3993449432825,0.1995955837870533,0.19699555590346168,0.0,0.5353901996370236,0.323049001814882,0.5353901996370236,520,0.52,135,0.5353901996370236,0,529,199.5851482153657,0.14586934673366972,0.14196164146978757,0.0,0.3165829145728643,0.271356783919598,0.3165829145728643,514,0.514,527,0.3165829145728643,0,529,145.74623115578024,0
3,4,2023-06-21,0.3157201629653297,0.30784803664158206,0.0,0.6558555679821058,0.4706822176066464,0.6558555679821058,523,0.523,356,0.6558555679821058,0,529,315.7009106886089,0.1941820931639442,0.1910659871510795,0.0,0.4969751966122202,0.29733817301875376,0.4969751966122202,520,0.52,146,0.4969751966122202,0,529,194.17044767090135,0.1455376884422124,0.1416221408788238,0.0,0.3165829145728643,0.271356783919598,0.3165829145728643,514,0.514,527,0.3165829145728643,0,529,145.41457286432293,0
3,5,2023-06-21,0.29193417478830297,0.29459706136640834,0.0,0.6390797251957182,0.13029237897427698,0.6390797251957182,504,0.504,138,0.6390797251957182,0,509,291.91915641476186,0.19860133091348967,0.20693907242527138,0.0,0.5747126436781609,0.0111917725347852,0.5747126436781609,500,0.5,131,0.5747126436781609,0,509,198.59013914095493,0.14861809045226212,0.15170323910760153,0.0,0.3266331658291457,0.0,0.3266331658291457,493,0.493,292,0.3266331658291457,0,507,148.4949748743727,0
3,6,2023-06-21,0.2977732864674866,0.30173650093627213,0.0,0.645071097619428,0.12773606007349408,0.645071097619428,504,0.504,480,0.645071097619428,0,509,297.75938648346346,0.20481548699334515,0.20986610107021428,0.0,0.5353901996370236,0.0072595281306715,0.5353901996370236,500,0.5,136,0.5353901996370236,0,509,204.80399274047147,0.1425829145728637,0.14454449796209373,0.0,0.3165829145728643,0.0,0.3165829145728643,494,0.494,507,0.3165829145728643,0,509,142.45979899497425,0
3,7,2023-06-21,0.5018233743409469,0.33033422956821157,0.0,0.8874420833999042,0.6925227672152101,0.8874420833999042,705,0.705,17,0.8874420833999042,0,719,501.7868669116466,0.2885072595281317,0.19396305079629889,0.0,0.5807622504537205,0.382335148215366,0.5807622504537205,700,0.7,47,0.5807622504537205,0,719,288.4879007864489,0.20036683417085366,0.1337031797083922,0.0,0.3165829145728643,0.2864321608040201,0.3165829145728643,694,0.694,717,0.3165829145728643,0,719,200.24371859296394,0
3,8,2023-06-21,0.3102251957181641,0.28931343432659523,0.0,0.6393193800926665,0.4763540501677584,0.6393193800926665,544,0.544,213,0.6393193800926665,0,549,310.21017734462237,0.2116675741076834,0.20038939453952984,0.0,0.5263157894736842,0.3278886872353297,0.5263157894736842,540,0.54,160,0.5263157894736842,0,549,211.65623109497938,0.16448241206030276,0.1546877147145458,0.0,0.3266331658291457,0.271356783919598,0.3266331658291457,534,0.534,219,0.3266331658291457,0,549,164.35929648241333,0
3,9,2023-06-21,0.30712022687330265,0.3106309831326005,0.0,0.6612877456462694,0.14391276561751076,0.6612877456462694,504,0.504,140,0.6612877456462694,0,509,307.10468924748324,0.21085027223230457,0.21494172761649338,0.0,0.5444646098003629,0.0084694494857834,0.5444646098003629,500,0.5,130,0.5444646098003629,0,509,210.8407441016333,0.14039195979899524,0.14231987561928214,0.0,0.3165829145728643,0.0,0.3165829145728643,494,0.494,507,0.3165829145728643,0,509,140.26884422110575,0
3,10,2023-06-21,0.5058483783351966,0.3324603717954597,0.0,0.8862438089151622,0.7055440166160728,0.8862438089151622,705,0.705,26,0.8862438089151622,0,719,505.80667838312803,0.30076376285541556,0.20104896566999142,0.0,0.5414398064125832,0.4010889292196007,0.5414398064125832,700,0.7,49,0.5414398064125832,0,719,300.7457652752576,0.2002160804020093,0.13363020869527475,0.0,0.3165829145728643,0.2864321608040201,0.3165829145728643,694,0.694,717,0.3165829145728643,0,719,200.09296482411975,0
3,11,2023-06-21,0.30108435852372645,0.28073097011352294,0.0,0.6066464291420355,0.4662885444959259,0.6066464291420355,544,0.544,159,0.6066464291420355,0,549,301.0689007828729,0.21408832425892335,0.20116887311068302,0.0,0.5030248033877798,0.352389594676346,0.5030248033877798,540,0.54,156,0.5030248033877798,0,549,214.07652752571119,0.16598994974874498,0.15618935840478118,0.0,0.3266331658291457,0.2663316582914573,0.3266331658291457,534,0.534,167,0.3266331658291457,0,549,165.86683417085553,0
3,12,2023-06-21,0.31717902220802,0.2957530629162187,0.0,0.6379613356766256,0.4853011663204984,0.6379613356766256,544,0.544,206,0.6379613356766256,0,549,317.1627656175109,0.20543345432546903,0.19355703180302455,0.0,0.5,0.3463399879007864,0.5,540,0.54,130,0.5,0,549,205.42165759225625,0.1646834170854284,0.15496757571013398,0.0,0.3266331658291457,0.2663316582914573,0.3266331658291457,534,0.534,211,0.3266331658291457,0,549,164.56030150753892,0
3,13,2023-06-21,0.48596149544655837,0.3203114872100096,0.0,0.8911167918197795,0.6744687649784311,0.8911167918197795,705,0.705,29,0.8911167918197795,0,709,485.92131330883484,0.29140471869328405,0.20026160718848768,0.0,0.677555958862674,0.3799153055051422,0.677555958862674,700,0.7,22,0.677555958862674,0,709,291.38747731397495,0.2019597989949741,0.13438147133772954,0.0,0.3165829145728643,0.2864321608040201,0.3165829145728643,694,0.694,707,0.3165829145728643,0,709,201.83668341708454,0
3,14,2023-06-21,0.21539143633168267,0.26602799205113437,0.0,0.5973797731266975,0.0,0.5973797731266975,404,0.404,200,0.5973797731266975,0,409,215.37857485221267,0.13850877192982486,0.17517137008344227,0.0,0.5,0.0,0.5,400,0.4,154,0.5,0,409,138.49697519661214,0.11843216080402076,0.14793472926982915,0.0,0.3266331658291457,0.0,0.3266331658291457,394,0.394,205,0.3266331658291457,0,409,118.30904522613132,0
3,15,2023-06-21,0.3132095382648983,0.30538670720986383,0.0,0.6516216648026841,0.4676465889119667,0.6516216648026841,523,0.523,140,0.6516216648026841,0,529,313.19679661287756,0.19333696309739826,0.19086566719023157,0.0,0.4939503932244404,0.3052026618269812,0.4939503932244404,520,0.52,130,0.4939503932244404,0,529,193.33121597096164,0.0,0.0,0.0,0.0,0.0,0.0,0,0.0,0,0.0,-1,-1,0.0,0
3,16,2023-06-21,0.3205088672311865,0.2985860022011846,0.0,0.632688927943761,0.4962454066144751,0.632688927943761,544,0.544,131,0.632688927943761,0,549,320.49400862757557,0.21785995160314567,0.20617799458579633,0.0,0.5414398064125832,0.3439201451905626,0.5414398064125832,540,0.54,131,0.5414398064125832,0,549,217.85042347247406,0.15117587939698593,0.14142108340071405,0.0,0.3165829145728643,0.2663316582914573,0.3165829145728643,534,0.534,547,0.3165829145728643,0,549,151.05276381909644,0
3,17,2023-06-21,0.31341260584757924,0.3054262202026028,0.0,0.6497843105927464,0.4714011822974916,0.6497843105927464,524,0.524,166,0.6497843105927464,0,529,313.3999041380416,0.18406049606775549,0.18029314343303524,0.0,0.4398064125831821,0.28039927404718695,0.4398064125831821,520,0.52,133,0.4398064125831821,0,529,184.05535390199654,0.0,0.0,0.0,0.0,0.0,0.0,0,0.0,0,0.0,-1,-1,0.0,0
3,18,2023-06-21,0.24015913085157334,0.28535068252290535,0.0,0.6288544495925866,0.0,0.6288544495925866,424,0.424,343,0.6288544495925866,0,429,240.14559034989597,0.16815486993345463,0.20059048643467875,0.0,0.5,0.0,0.5,420,0.42,140,0.5,0,429,168.1450393224441,0.1182160804020103,0.1408256267519228,0.0,0.3165829145728643,0.0,0.3165829145728643,414,0.414,427,0.3165829145728643,0,429,118.09296482412087,0
3,19,2023-06-21,0.24088903978271245,0.2863722295611972,0.0,0.6248602013101134,0.0,0.6248602013101134,424,0.424,344,0.6248602013101134,0,429,240.87434094903278,0.1698436176648516,0.20297943257451592,0.0,0.5323653962492438,0.0,0.5323653962492438,420,0.42,130,0.5323653962492438,0,429,169.83318209316388,0.11757788944723684,0.1400903361775771,0.0,0.3165829145728643,0.0,0.3165829145728643,414,0.414,427,0.3165829145728643,0,429,117.45477386934739,0
3,20,2023-06-21,0.27502652180859566,0.3022568763462455,0.0,0.6488256910049529,0.0,0.6488256910049529,463,0.463,153,0.6488256910049529,0,469,275.0125419396074,0.16666938898971556,0.18413608345820284,0.0,0.4667271627344223,0.0,0.4667271627344223,460,0.46,133,0.4667271627344223,0,469,166.66394434361777,0.0,0.0,0.0,0.0,0.0,0.0,0,0.0,0,0.0,-1,-1,0.0,0
3,21,2023-06-21,0.2761818181818182,0.3035711978918211,0.0,0.6616072855088673,0.0,0.6616072855088673,463,0.463,446,0.6616072855088673,0,469,276.16108803323243,0.16267906836055634,0.17846408827961016,0.0,0.4216575922565033,0.0,0.4216575922565033,460,0.46,146,0.4216575922565033,0,469,162.667574107683,0.13065829145728608,0.14351032094195626,0.0,0.3165829145728643,0.0,0.3165829145728643,454,0.454,467,0.3165829145728643,0,469,130.53517587939658,0
3,22,2023-06-21,0.22925067902220697,0.2842294021862373,0.0,0.6411567343026042,0.0,0.6411567343026042,404,0.404,220,0.6411567343026042,0,409,229.2368589231509,0.14336418632788864,0.1817197818145472,0.0,0.5,0.0,0.5,400,0.4,178,0.5,0,409,143.35148215366004,0.11800000000000058,0.14729291067568162,0.0,0.3266331658291457,0.0,0.3266331658291457,394,0.394,226,0.3266331658291457,0,409,117.87688442211115,0
3,23,2023-06-21,0.3186208659530277,0.31090318343434636,0.0,0.6652021089630932,0.4722000319539862,0.6652021089630932,524,0.524,354,0.6652021089630932,0,529,318.6013340789275,0.18995946763460353,0.1855945127231394,0.0,0.4065335753176043,0.2849364791288566,0.4065335753176043,520,0.52,184,0.4065335753176043,0,529,189.94751966122186,0.1459195979899508,0.14206720319973284,0.0,0.3165829145728643,0.2663316582914573,0.3165829145728643,514,0.514,527,0.3165829145728643,0,529,145.79648241206132,0
3,24,2023-06-21,0.24156566544176444,0.30013514180282014,0.0,0.7061830963412685,0.0,0.7061830963412685,404,0.404,169,0.7061830963412685,0,409,241.5518453427074,0.1560928614640048,0.195561550994114,0.0,0.5444646098003629,0.0,0.5444646098003629,400,0.4,152,0.5444646098003629,0,409,156.08121597096192,0.12054271356783978,0.15037438493659427,0.0,0.3266331658291457,0.0,0.3266331658291457,394,0.394,174,0.3266331658291457,0,409,120.41959798995035,0
3,25,2023-06-21,0.3133332800766893,0.30540821157230424,0.0,0.6497843105927464,0.4688448633967087,0.6497843105927464,524,0.524,146,0.6497843105927464,0,529,313.3205783671515,0.1910565638233514,0.18939530760749435,0.0,0.4788263762855414,0.2810042347247429,0.4788263762855414,520,0.52,146,0.4788263762855414,0,529,191.05096793708398,0.0,0.0,0.0,0.0,0.0,0.0,0,0.0,0,0.0,-1,-1,0.0,0
3,26,2023-06-21,0.22980260424988164,0.2846504498776249,0.0,0.639559034989615,0.0,0.639559034989615,404,0.404,189,0.639559034989615,0,409,229.7875858763385,0.15522202056866316,0.19547942199443202,0.0,0.5290381125226861,0.0,0.5290381125226861,400,0.4,169,0.5290381125226861,0,409,155.21067755595888,0.11063316582914641,0.13760072619538802,0.0,0.3165829145728643,0.0,0.3165829145728643,394,0.394,407,0.3165829145728643,0,409,110.51005025125697,0
3,27,2023-06-21,0.31332161687170473,0.3054158756983537,0.0,0.6490653459019012,0.4709218725035948,0.6490653459019012,523,0.523,205,0.6490653459019012,0,529,313.3076370027156,0.19001300665456763,0.18977703465099877,0.0,0.4879007864488808,0.2707199032062916,0.4879007864488808,520,0.52,145,0.4879007864488808,0,529,190.007259528131,0.0,0.0,0.0,0.0,0.0,0.0,0,0.0,0,0.0,-1,-1,0.0,0
3,28,2023-06-21,0.2386596101613656,0.28387276041312876,0.0,0.6397188049209139,0.0,0.6397188049209139,424,0.424,333,0.6397188049209139,0,429,238.64451190285885,0.163252268602541,0.1968296691931729,0.0,0.4788263762855414,0.0,0.4788263762855414,420,0.42,133,0.4788263762855414,0,429,163.24198427102257,0.12071859296482418,0.1443459329698633,0.0,0.3266331658291457,0.0,0.3266331658291457,414,0.414,340,0.3266331658291457,0,429,120.59547738693475,0
3,29,2023-06-21,0.32065961016136696,0.31263636541209494,0.0,0.669995206902061,0.4755552005112637,0.669995206902061,523,0.523,461,0.669995206902061,0,529,320.6386004154019,0.19279945553539057,0.18898701108735985,0.0,0.4156079854809437,0.2716273442226255,0.4156079854809437,520,0.52,181,0.4156079854809437,0,529,192.78977616454966,0.1456984924623128,0.14181043095740525,0.0,0.3165829145728643,0.2663316582914573,0.3165829145728643,514,0.514,527,0.3165829145728643,0,529,145.57537688442332,0
3,30,2023-06-21,0.4744315385844387,0.2967540684408216,0.0,0.6877296692762422,0.6580923470202907,0.6877296692762422,724,0.724,649,0.6877296692762422,0,729,474.4059354529472,0.2943811252268612,0.1876123365919592,0.0,0.4667271627344223,0.3914095583787054,0.4667271627344223,720,0.72,299,0.4667271627344223,0,729,294.3664549304294,0.20210552763819317,0.12839220948160926,0.0,0.3165829145728643,0.2864321608040201,0.3165829145728643,714,0.714,727,0.3165829145728643,0,729,201.9824120603037,0
3,31,2023-06-21,0.3030925866751875,0.3062699877186868,0.0,0.6739894551845342,0.1479469563828087,0.6739894551845342,504,0.504,339,0.6739894551845342,0,509,303.0780875539229,0.21684361766485222,0.22450303110520384,0.0,0.5505142165759226,0.0086206896551724,0.5505142165759226,500,0.5,205,0.5505142165759226,0,509,216.83393829401123,0.1459798994974885,0.14864466856905076,0.0,0.3266331658291457,0.0,0.3266331658291457,494,0.494,344,0.3266331658291457,0,509,145.85678391959902,0
3,32,2023-06-21,0.44338632369388004,0.3561710298278801,0.0,0.885524844224317,0.6875698993449433,0.885524844224317,615,0.615,36,0.885524844224317,0,629,443.34813868030034,0.2625453720508176,0.2163188510482128,0.0,0.647307924984876,0.3729582577132486,0.647307924984876,610,0.61,33,0.647307924984876,0,629,262.5264670296432,0.17302512562814068,0.14045665494157197,0.0,0.3165829145728643,0.2663316582914573,0.3165829145728643,604,0.604,627,0.3165829145728643,0,629,172.902010050251,0
3,33,2023-06-21,0.2907866272567481,0.2701521821975992,0.0,0.5687010704585397,0.4702029078127496,0.5687010704585397,544,0.544,131,0.5687010704585397,0,549,290.7709698034809,0.22512552934059243,0.21070613065561222,0.0,0.4579552329098608,0.3641863278886872,0.4579552329098608,540,0.54,161,0.4579552329098608,0,549,225.1156987295826,0.14984924623115728,0.1401624197187563,0.0,0.3165829145728643,0.2663316582914573,0.3165829145728643,534,0.534,547,0.3165829145728643,0,549,149.7261306532678,0
3,34,2023-06-21,0.36702380571976445,0.30443406610073437,0.0,0.6589710816424349,0.4832241572136124,0.6589710816424349,603,0.603,599,0.6589710816424349,0,609,367.00443361559314,0.24832214156079865,0.20949775310101534,0.0,0.5030248033877798,0.3248638838475499,0.5030248033877798,600,0.6,199,0.5030248033877798,0,609,248.3103448275865,0.1703417085427137,0.14107574561510838,0.0,0.3165829145728643,0.2763819095477386,0.3165829145728643,594,0.594,607,0.3165829145728643,0,609,170.21859296482378,0
3,35,2023-06-21,0.3642215210097445,0.30191383988539494,0.0,0.6511423550087874,0.48386323693880806,0.6511423550087874,604,0.604,184,0.6511423550087874,0,609,364.2087793577254,0.24204779189352718,0.20371576676055161,0.0,0.514216575922565,0.35178463399879006,0.514216575922565,600,0.6,155,0.514216575922565,0,609,242.0417422867513,0.0,0.0,0.0,0.0,0.0,0.0,0,0.0,0,0.0,-1,-1,0.0,0
3,36,2023-06-21,0.3240548010864348,0.29062824868692605,0.0,0.6189487138520531,0.4781115194120466,0.6189487138520531,564,0.564,178,0.6189487138520531,0,569,324.04753155456154,0.2636854204476717,0.23827139913547393,0.0,0.5747126436781609,0.4213551119177253,0.5747126436781609,560,0.56,161,0.5747126436781609,0,569,263.67649727767736,0.0,0.0,0.0,0.0,0.0,0.0,0,0.0,0,0.0,-1,-1,0.0,0
3,37,2023-06-21,0.4722356606486637,0.29520868204467055,0.0,0.6834158811311711,0.656574532672951,0.6834158811311711,724,0.724,258,0.6834158811311711,0,729,472.20618309634176,0.291108892921961,0.1858622126010418,0.0,0.4667271627344223,0.3859649122807017,0.4667271627344223,720,0.72,268,0.4667271627344223,0,729,291.09422262552937,0.20144723618090693,0.1279904781059741,0.0,0.3165829145728643,0.2814070351758794,0.3165829145728643,714,0.714,727,0.3165829145728643,0,729,201.32412060301746,0
3,38,2023-06-21,0.43950103850455347,0.3529203314288678,0.0,0.8860041540182138,0.6879693241731906,0.8860041540182138,615,0.615,45,0.8860041540182138,0,629,439.457621025722,0.2686781609195399,0.22017042064439066,0.0,0.6412583182093164,0.3833938294010889,0.6412583182093164,610,0.61,38,0.6412583182093164,0,629,268.66061705989205,0.1725829145728646,0.14009556958360345,0.0,0.3165829145728643,0.2663316582914573,0.3165829145728643,604,0.604,627,0.3165829145728643,0,629,172.45979899497507,0
3,39,2023-06-21,0.23821704745166922,0.282802354402089,0.0,0.6219843425467327,0.0,0.6219843425467327,424,0.424,360,0.6219843425467327,0,429,238.20366671992315,0.1542383545069571,0.18498905105490804,0.0,0.4488808227465214,0.0,0.4488808227465214,420,0.42,143,0.4488808227465214,0,429,154.22867513611638,0.11705527638190959,0.13954056037836318,0.0,0.3165829145728643,0.0,0.3165829145728643,414,0.414,427,0.3165829145728643,0,429,116.93216080402016,0
3,40,2023-06-21,0.28643137881450675,0.28897707294276664,0.0,0.6162326250199712,0.15581562549928102,0.6162326250199712,504,0.504,151,0.6162326250199712,0,509,286.41811791020893,0.1944331518451296,0.20162365631927656,0.0,0.4637023593466424,0.0081669691470054,0.4637023593466424,500,0.5,214,0.4637023593466424,0,509,194.42135511191796,0.14036683417085435,0.1423034051230614,0.0,0.3165829145728643,0.0,0.3165829145728643,494,0.494,507,0.3165829145728643,0,509,140.24371859296485,0
3,41,2023-06-21,0.2254323374340939,0.2789951954093854,0.0,0.6171912446077649,0.0,0.6171912446077649,404,0.404,406,0.6171912446077649,0,409,225.41783831282896,0.1494888082274652,0.18611909560033835,0.0,0.4519056261343013,0.0,0.4519056261343013,400,0.4,143,0.4519056261343013,0,409,149.47731397459174,0.11158793969849265,0.13863096363067465,0.0,0.3165829145728643,0.0,0.3165829145728643,394,0.394,407,0.3165829145728643,0,409,111.46482412060324,0
3,42,2023-06-21,0.22442562709697994,0.2776323809131268,0.0,0.608803323214571,0.0,0.608803323214571,404,0.404,408,0.608803323214571,0,409,224.41132768812892,0.14773230490018138,0.18418556840549344,0.0,0.454930429522081,0.0,0.454930429522081,400,0.4,144,0.454930429522081,0,409,147.72247428917132,0.1117286432160804,0.13880241551487535,0.0,0.3165829145728643,0.0,0.3165829145728643,394,0.394,407,0.3165829145728643,0,409,111.60552763819099,0
3,43,2023-06-21,0.4521775043936741,0.29669485105855237,0.0,0.6721521009745965,0.6403578846461097,0.6721521009745965,704,0.704,524,0.6721521009745965,0,709,452.1484262661768,0.2884364791288569,0.1925828273333503,0.0,0.4727767695099819,0.39382940108892917,0.4727767695099819,700,0.7,254,0.4727767695099819,0,709,288.421657592256,0.19791457286432274,0.1317107163836055,0.0,0.3165829145728643,0.2814070351758794,0.3165829145728643,694,0.694,707,0.3165829145728643,0,709,197.7914572864332,0
3,44,2023-06-21,0.46003978271289275,0.301740938020846,0.0,0.6781434733983064,0.6568940725355488,0.6781434733983064,704,0.704,200,0.6781434733983064,0,709,460.011862917398,0.29254325468844566,0.19538753156203112,0.0,0.4727767695099819,0.3983666061705989,0.4727767695099819,700,0.7,230,0.4727767695099819,0,709,292.52843315184464,0.19679396984924857,0.1308118245460814,0.0,0.3165829145728643,0.2864321608040201,0.3165829145728643,694,0.694,707,0.3165829145728643,0,709,196.6708542713591,0
3,45,2023-06-21,0.3079203546892471,0.3128919628350793,0.0,0.6774245087074613,0.13676306119188364,0.6774245087074613,504,0.504,343,0.6774245087074613,0,509,307.90046333280094,0.20139806412583092,0.20952090724401506,0.0,0.4758015728977616,0.0083182093163944,0.4758015728977616,500,0.5,313,0.4758015728977616,0,509,201.38687235329675,0.13932160804020216,0.14117181357286301,0.0,0.3165829145728643,0.0,0.3165829145728643,494,0.494,507,0.3165829145728643,0,509,139.1984924623127,0
3,46,2023-06-21,0.3174020610321164,0.3241580874465859,0.0,0.7167279118069979,0.13907972519571815,0.7167279118069979,504,0.504,250,0.7167279118069979,0,509,317.3824093305641,0.19681941923774998,0.2061141481063723,0.0,0.4788263762855414,0.0084694494857834,0.4788263762855414,500,0.5,327,0.4788263762855414,0,509,196.808227465215,0.13843216080402132,0.14025230019290713,0.0,0.3165829145728643,0.0,0.3165829145728643,494,0.494,507,0.3165829145728643,0,509,138.30904522613181,0
3,47,2023-06-21,0.5030545614315384,0.33126665571881125,0.0,0.7561910848378335,0.7265537625818821,0.7561910848378335,704,0.704,568,0.7561910848378335,0,709,503.02787985301075,0.2939957652752567,0.19687536336840736,0.0,0.4727767695099819,0.3983666061705989,0.4727767695099819,700,0.7,261,0.4727767695099819,0,709,293.9809437386566,0.19668844221105766,0.13073626268000685,0.0,0.3165829145728643,0.2864321608040201,0.3165829145728643,694,0.694,707,0.3165829145728643,0,709,196.56532663316816,0
3,48,2023-06-21,0.26120466528199376,0.2798301414955219,0.0,0.6210257229589391,0.0,0.6210257229589391,474,0.474,142,0.6210257229589391,0,479,261.1912845502474,0.20755384150030265,0.2273677053067222,0.0,0.6110102843315185,0.0,0.6110102843315185,470,0.47,32,0.6110102843315185,0,479,207.54068360556562,0.13237688442211096,0.1427494249490158,0.0,0.3165829145728643,0.0,0.3165829145728643,463,0.463,477,0.3165829145728643,0,477,132.2537688442215,0
3,49,2023-06-21,0.2983730627895823,0.3165352194142369,0.0,0.9093305639878576,0.0,0.9093305639878576,486,0.486,59,0.9093305639878576,0,499,298.3516935612722,0.18769449485783413,0.2111545699981333,0.0,0.8194192377495463,0.0,0.8194192377495463,480,0.48,10,0.8194192377495463,0,499,187.6769509981858,0.0,0.0,0.0,0.0,0.0,0.0,0,0.0,0,0.0,-1,-1,0.0,0
3,50,2023-06-21,0.2839647707301482,0.3120027348270618,0.0,0.8598018852851893,0.0,0.8598018852851893,465,0.465,23,0.8598018852851893,0,479,283.9428822495602,0.18923139745916498,0.21388503081733806,0.0,0.7105263157894737,0.0,0.7105263157894737,460,0.46,13,0.7105263157894737,0,479,189.21612220205688,0.0,0.0,0.0,0.0,0.0,0.0,0,0.0,0,0.0,-1,-1,0.0,0
3,51,2023-06-21,0.28414778718645173,0.3122558355531276,0.0,0.8613995845981787,0.0,0.8613995845981787,466,0.466,25,0.8613995845981787,0,479,284.12585876338085,0.18513067150635235,0.20956079273519443,0.0,0.7138535995160314,0.0,0.7138535995160314,460,0.46,15,0.7138535995160314,0,479,185.11539624924356,0.0,0.0,0.0,0.0,0.0,0.0,0,0.0,0,0.0,-1,-1,0.0,0
3,52,2023-06-21,0.3288223358363943,0.32059757188125476,0.0,0.7084997603451031,0.4964850615114236,0.7084997603451031,524,0.524,215,0.7084997603451031,0,529,328.80979389678873,0.2094791288566242,0.20713843187529027,0.0,0.5471869328493648,0.352087114337568,0.5471869328493648,520,0.52,155,0.5471869328493648,0,529,209.46733212341184,0.1575628140703529,0.1545291884861534,0.0,0.3266331658291457,0.271356783919598,0.3266331658291457,513,0.513,220,0.3266331658291457,0,527,157.43969849246346,0
3,53,2023-06-21,0.43459027001118394,0.34935541483606714,0.0,0.8883208180220482,0.6688768173829686,0.8883208180220482,615,0.615,45,0.8883208180220482,0,629,434.5484901741487,0.268446763460376,0.21891655912878463,0.0,0.632183908045977,0.4065335753176043,0.632183908045977,610,0.61,39,0.632183908045977,0,629,268.4295220810647,0.17090452261306643,0.13867798143827598,0.0,0.3165829145728643,0.2663316582914573,0.3165829145728643,604,0.604,627,0.3165829145728643,0,629,170.78140703517698,0
3,54,2023-06-21,0.3997665761303717,0.3227562557407176,0.0,0.8874420833999042,0.6263780156574532,0.8874420833999042,615,0.615,42,0.8874420833999042,0,629,399.7248362358201,0.2537516636418629,0.20692938229679048,0.0,0.5928614640048396,0.3787053841500302,0.5928614640048396,610,0.61,49,0.5928614640048396,0,629,253.73427102238378,0.1712562814070365,0.13891755984075704,0.0,0.3165829145728643,0.271356783919598,0.3165829145728643,604,0.604,627,0.3165829145728643,0,629,171.13316582914706,0
3,55,2023-06-21,0.4275923470202897,0.34384268410176455,0.0,0.8892794376098418,0.6625659050966608,0.8892794376098418,615,0.615,45,0.8892794376098418,0,629,427.5505272407725,0.2624001814882034,0.21354151756172396,0.0,0.5989110707803993,0.3944343617664851,0.5989110707803993,610,0.61,45,0.5989110707803993,0,629,262.38263762855445,0.17131155778894566,0.13900924642502005,0.0,0.3165829145728643,0.2663316582914573,0.3165829145728643,604,0.604,627,0.3165829145728643,0,629,171.1884422110562,0
3,56,2023-06-21,0.42519499920115134,0.34179573282577763,0.0,0.8829685253235341,0.6648026841348458,0.8829685253235341,615,0.615,42,0.8829685253235341,0,629,425.153459019011,0.2612761645493049,0.21305215065492675,0.0,0.6291591046581972,0.397156684815487,0.6291591046581972,610,0.61,42,0.6291591046581972,0,629,261.2589231699932,0.17119095477387064,0.13887873713674043,0.0,0.3165829145728643,0.2663316582914573,0.3165829145728643,604,0.604,627,0.3165829145728643,0,629,171.06783919598118,0
3,57,2023-06-21,0.4285726154337747,0.34417321383861266,0.0,0.8958300047930979,0.6850135804441604,0.8958300047930979,615,0.615,47,0.8958300047930979,0,629,428.5304761143951,0.25464398064125815,0.20715294469598666,0.0,0.6137326073805203,0.3923169993950393,0.6137326073805203,610,0.61,47,0.6137326073805203,0,629,254.6259830611009,0.17276381909547822,0.14011178515955647,0.0,0.3165829145728643,0.2763819095477386,0.3165829145728643,604,0.604,627,0.3165829145728643,0,629,172.64070351758878,0
3,58,2023-06-21,0.30347891036906843,0.2955500397872115,0.0,0.6311711135964212,0.4616152740054321,0.6311711135964212,524,0.524,135,0.6311711135964212,0,529,303.4653299249076,0.22684875983061115,0.2220842148702062,0.0,0.5535390199637024,0.3774954627949183,0.5535390199637024,520,0.52,132,0.5535390199637024,0,529,226.83696309739878,0.15988442211055393,0.1568845115229979,0.0,0.3266331658291457,0.2663316582914573,0.3266331658291457,513,0.513,146,0.3266331658291457,0,527,159.76130653266446,0
3,59,2023-06-21,0.43941803802524226,0.35264008822525517,0.0,0.8965489694839431,0.7066624061351654,0.8965489694839431,615,0.615,24,0.8965489694839431,0,629,439.37761623262503,0.25819630973986757,0.2119805583290072,0.0,0.6684815486993345,0.3932244404113733,0.6684815486993345,610,0.61,21,0.6684815486993345,0,629,258.17937084089544,0.17110552763819267,0.1386996120552727,0.0,0.3165829145728643,0.271356783919598,0.3165829145728643,604,0.604,627,0.3165829145728643,0,629,170.98241206030323,0
3,60,2023-06-21,0.4937324652500382,0.32490951880442603,0.0,0.7373382329445598,0.714171592906215,0.7373382329445598,704,0.704,631,0.7373382329445598,0,709,493.7050247643405,0.2969649122807004,0.19777200932397754,0.0,0.4818511796733212,0.4098608590441621,0.4818511796733212,700,0.7,221,0.4818511796733212,0,709,296.9506957047778,0.1968693467336707,0.13086817182573482,0.0,0.3165829145728643,0.2864321608040201,0.3165829145728643,694,0.694,707,0.3165829145728643,0,709,196.7462311557812,0
3,61,2023-06-21,0.3137935772487625,0.2931850228668554,0.0,0.6393193800926665,0.4731586515417798,0.6393193800926665,544,0.544,313,0.6393193800926665,0,549,313.7797571497039,0.20871415607985405,0.20292323546715538,0.0,0.5199637023593466,0.2958257713248639,0.5199637023593466,540,0.54,134,0.5199637023593466,0,549,208.70296430731918,0.15969346733668469,0.15056320946178517,0.0,0.3266331658291457,0.2663316582914573,0.3266331658291457,533,0.533,319,0.3266331658291457,0,547,159.57035175879523,0
3,62,2023-06-21,0.32428071576929185,0.31685179209079656,0.0,0.6829365713372744,0.4713212973318421,0.6829365713372744,523,0.523,332,0.6829365713372744,0,529,324.2619827448472,0.2032050816696911,0.19899056416756744,0.0,0.514216575922565,0.322444041137326,0.514216575922565,520,0.52,129,0.514216575922565,0,529,203.1929824561401,0.14573869346733803,0.14184034606067342,0.0,0.3165829145728643,0.2663316582914573,0.3165829145728643,514,0.514,527,0.3165829145728643,0,529,145.6155778894486,0
3,63,2023-06-21,0.37925922671353074,0.31527231687970103,0.0,0.680300367470842,0.4994807477232785,0.680300367470842,603,0.603,307,0.680300367470842,0,609,379.2391755871548,0.2737280701754395,0.22982315648094997,0.0,0.5774349667271628,0.41454930429522074,0.5774349667271628,600,0.6,137,0.5774349667271628,0,609,273.7168784029039,0.1683819095477405,0.13931275474722987,0.0,0.3165829145728643,0.2763819095477386,0.3165829145728643,594,0.594,607,0.3165829145728643,0,609,168.258793969851,0
3,64,2023-06-21,0.26884925706981977,0.2884565495671489,0.0,0.61791020929861,0.0,0.61791020929861,474,0.474,201,0.61791020929861,0,479,268.8347180060711,0.15962462189957677,0.17188670720234128,0.0,0.4125831820931639,0.0,0.4125831820931639,470,0.47,138,0.4125831820931639,0,479,159.61418632788886,0.14118592964824211,0.15289672742521906,0.0,0.3266331658291457,0.0,0.3266331658291457,464,0.464,207,0.3266331658291457,0,479,141.06281407035266,0
3,65,2023-06-21,0.31333791340469724,0.3053903805286954,0.0,0.6497843105927464,0.4688448633967087,0.6497843105927464,524,0.524,166,0.6497843105927464,0,529,313.32644991212715,0.19347368421052624,0.19008816542144652,0.0,0.4579552329098608,0.30913490623109496,0.4579552329098608,520,0.52,140,0.4579552329098608,0,529,193.46839080459776,0.0,0.0,0.0,0.0,0.0,0.0,0,0.0,0,0.0,-1,-1,0.0,0
3,66,2023-06-21,0.3641806199073329,0.30197888463424993,0.0,0.6530595941843745,0.484023006870107,0.6530595941843745,604,0.604,532,0.6530595941843745,0,609,364.1691164722805,0.2594848759830613,0.21729374618293953,0.0,0.5232909860859044,0.3835450695704779,0.5232909860859044,600,0.6,139,0.5232909860859044,0,609,259.4798850574721,0.0,0.0,0.0,0.0,0.0,0.0,0,0.0,0,0.0,-1,-1,0.0,0
3,67,2023-06-21,0.30814075730947527,0.31258880282860857,0.0,0.6703147467646589,0.1366831762262342,0.6703147467646589,504,0.504,210,0.6703147467646589,0,509,308.12761623262526,0.20756352087114296,0.21068875177134752,0.0,0.5505142165759226,0.0086206896551724,0.5505142165759226,500,0.5,129,0.5505142165759226,0,509,207.5517241379313,0.15380402010050362,0.15662572155011756,0.0,0.3266331658291457,0.0,0.3266331658291457,494,0.494,156,0.3266331658291457,0,509,153.68090452261416,0
3,68,2023-06-21,0.27052388560472923,0.2904703852805173,0.0,0.6331682377376577,0.0,0.6331682377376577,474,0.474,300,0.6331682377376577,0,479,270.5077488416678,0.16776860254083434,0.18307652766314456,0.0,0.4458560193587417,0.0,0.4458560193587417,470,0.47,146,0.4458560193587417,0,479,167.75725952813025,0.1379597989949758,0.14921897827416186,0.0,0.3266331658291457,0.0,0.3266331658291457,464,0.464,305,0.3266331658291457,0,479,137.83668341708633,0
3,69,2023-06-21,0.31982209618149904,0.31207824307348614,0.0,0.6659210736539384,0.4719603770570378,0.6659210736539384,523,0.523,234,0.6659210736539384,0,529,319.8011263780151,0.20084240774349701,0.1963161013529815,0.0,0.4879007864488808,0.322746521476104,0.4879007864488808,520,0.52,134,0.4879007864488808,0,529,200.83091349062352,0.14545728643216216,0.14154210654449187,0.0,0.3165829145728643,0.271356783919598,0.3165829145728643,514,0.514,527,0.3165829145728643,0,529,145.33417085427268,0
3,70,2023-06-21,0.28828694679661354,0.3147966176662254,0.0,0.8168237737657773,0.0,0.8168237737657773,465,0.465,20,0.8168237737657773,0,479,288.2661367630612,0.19177283726557762,0.21579900474176983,0.0,0.6866303690260133,0.0,0.6866303690260133,460,0.46,13,0.6866303690260133,0,479,191.75937689050218,0.0,0.0,0.0,0.0,0.0,0.0,0,0.0,0,0.0,-1,-1,0.0,0
3,71,2023-06-21,0.3728354369707621,0.3098653879145482,0.0,0.6716727911806998,0.48334398466208656,0.6716727911806998,604,0.604,594,0.6716727911806998,0,609,372.8183415881137,0.2509558378705391,0.21188438780347377,0.0,0.4939503932244404,0.31503327283726557,0.4939503932244404,600,0.6,203,0.4939503932244404,0,609,250.94419237749602,0.16775879396985105,0.1388340035197415,0.0,0.3165829145728643,0.2763819095477386,0.3165829145728643,594,0.594,607,0.3165829145728643,0,609,167.63567839196156,0
3,72,2023-06-21,0.28845007189646804,0.31486531472437645,0.0,0.8397507589071737,0.0,0.8397507589071737,466,0.466,59,0.8397507589071737,0,479,288.4287026681572,0.18457985480943714,0.21050963571938971,0.0,0.7286751361161524,0.0,0.7286751361161524,460,0.46,13,0.7286751361161524,0,479,184.56699939503903,0.0,0.0,0.0,0.0,0.0,0.0,0,0.0,0,0.0,-1,-1,0.0,0
3,73,2023-06-21,0.49761231826170377,0.3277999597592562,0.0,0.7492410928263301,0.7199233104329765,0.7492410928263301,704,0.704,129,0.7492410928263301,0,709,497.5858763380725,0.34838173018753854,0.23339079193538576,0.0,0.6019358741681791,0.4624924379915305,0.6019358741681791,700,0.7,139,0.6019358741681791,0,709,348.3676648517841,0.19868844221105633,0.1321516781342025,0.0,0.3165829145728643,0.2864321608040201,0.3165829145728643,694,0.694,707,0.3165829145728643,0,709,198.56532663316636,0
3,74,2023-06-21,0.2881369228311229,0.3146550351562018,0.0,0.8163444639718805,0.0,0.8163444639718805,465,0.465,36,0.8163444639718805,0,479,288.1161527400538,0.19100030248033906,0.21576050400890057,0.0,0.6866303690260133,0.0,0.6866303690260133,460,0.46,13,0.6866303690260133,0,479,190.9868421052637,0.0,0.0,0.0,0.0,0.0,0.0,0,0.0,0,0.0,-1,-1,0.0,0
3,75,2023-06-21,0.4875198913564455,0.3204612287662938,0.0,0.7239175587154497,0.704026202268733,0.7239175587154497,704,0.704,227,0.7239175587154497,0,709,487.4915321936399,0.29957683000604807,0.19983240182812206,0.0,0.4818511796733212,0.4098608590441621,0.4818511796733212,700,0.7,184,0.4818511796733212,0,709,299.5626134301259,0.19664321608040436,0.1307056887487532,0.0,0.3165829145728643,0.2864321608040201,0.3165829145728643,694,0.694,707,0.3165829145728643,0,709,196.5201005025149,0
3,76,2023-06-21,0.30644344144432,0.3101424255289264,0.0,0.6675187729669276,0.1360840389838632,0.6675187729669276,504,0.504,314,0.6675187729669276,0,509,306.4290621505041,0.2106182698124621,0.2145081718077117,0.0,0.5290381125226861,0.0081669691470054,0.5290381125226861,500,0.5,128,0.5290381125226861,0,509,210.60692679975813,0.13976884422110677,0.14165412940135186,0.0,0.3165829145728643,0.0,0.3165829145728643,494,0.494,507,0.3165829145728643,0,509,139.6457286432173,0
3,77,2023-06-21,0.4959036587314281,0.3262848995197818,0.0,0.7384566224636523,0.7182457261543378,0.7384566224636523,704,0.704,461,0.7384566224636523,0,709,495.87470043137887,0.29750423472474186,0.19883214519543507,0.0,0.4818511796733212,0.4098608590441621,0.4818511796733212,700,0.7,204,0.4818511796733212,0,709,297.4900181488192,0.19692462311558026,0.1308908408247603,0.0,0.3165829145728643,0.2864321608040201,0.3165829145728643,694,0.694,707,0.3165829145728643,0,709,196.80150753769078,0
3,78,2023-06-21,0.48220154976833973,0.3168306214346477,0.0,0.7127336635245247,0.6930819619747564,0.7127336635245247,704,0.704,195,0.7127336635245247,0,709,482.1819380092674,0.2915281306715059,0.19533226602034595,0.0,0.4727767695099819,0.40305505142165754,0.4727767695099819,700,0.7,205,0.4727767695099819,0,709,291.51709013914046,0.0,0.0,0.0,0.0,0.0,0.0,0,0.0,0,0.0,-1,-1,0.0,0
3,79,2023-06-21,0.3011863716248595,0.2928276989745147,0.0,0.6273366352452469,0.47048250519252277,0.6273366352452469,524,0.524,136,0.6273366352452469,0,529,301.1727911806992,0.20585087719298342,0.20676813863199048,0.0,0.5471869328493648,0.2961282516636419,0.5471869328493648,520,0.52,136,0.5471869328493648,0,529,205.83908045977088,0.15314572864321724,0.14979657797277865,0.0,0.3266331658291457,0.2663316582914573,0.3266331658291457,514,0.514,354,0.3266331658291457,0,529,153.0226130653278,0
3,80,2023-06-21,0.3133750599137246,0.3053879010193347,0.0,0.6478670714171593,0.4700431378814507,0.6478670714171593,524,0.524,154,0.6478670714171593,0,529,313.36111998721873,0.1921802782819115,0.1892710049800351,0.0,0.454930429522081,0.3079249848759831,0.454930429522081,520,0.52,154,0.454930429522081,0,529,192.1749848759829,0.0,0.0,0.0,0.0,0.0,0.0,0,0.0,0,0.0,-1,-1,0.0,0
3,81,2023-06-21,0.31667686531394795,0.3087562208372988,0.0,0.6795814027799968,0.4743569260265218,0.6795814027799968,524,0.524,187,0.6795814027799968,0,529,316.6622463652347,0.21215728977616402,0.20713887397425793,0.0,0.5263157894736842,0.367211131276467,0.5263157894736842,520,0.52,167,0.5263157894736842,0,529,212.14398064125746,0.15925125628140818,0.15581937543406726,0.0,0.3266331658291457,0.271356783919598,0.3266331658291457,514,0.514,191,0.3266331658291457,0,529,159.12814070351877,0
3,82,2023-06-21,0.3642816743888807,0.30198342217591456,0.0,0.6513820099057357,0.482824732385365,0.6513820099057357,604,0.604,295,0.6513820099057357,0,609,364.27021089630983,0.24140229885057468,0.20321644910782594,0.0,0.5060496067755595,0.3466424682395644,0.5060496067755595,600,0.6,165,0.5060496067755595,0,609,241.39640048396876,0.0,0.0,0.0,0.0,0.0,0.0,0,0.0,0,0.0,-1,-1,0.0,0
3,83,2023-06-21,0.3112148106726307,0.2903937119168246,0.0,0.6163923949512702,0.4761942802364595,0.6163923949512702,544,0.544,167,0.6163923949512702,0,549,311.20154976833373,0.22240078644888076,0.20903823388397852,0.0,0.5263157894736842,0.3611615245009074,0.5263157894736842,540,0.54,131,0.5263157894736842,0,549,222.38944343617666,0.1507085427135693,0.14118679736329165,0.0,0.3165829145728643,0.271356783919598,0.3165829145728643,533,0.533,547,0.3165829145728643,0,547,150.58542713567982,0
3,84,2023-06-21,0.4175864355328317,0.3359875988855791,0.0,0.8935133407892635,0.6656814187569899,0.8935133407892635,615,0.615,49,0.8935133407892635,0,629,417.5479309793894,0.28694252873563103,0.233866111272403,0.0,0.6957047791893527,0.4473684210526316,0.6957047791893527,610,0.61,43,0.6957047791893527,0,629,286.9248336358129,0.17254271356783987,0.13999580668089653,0.0,0.3165829145728643,0.271356783919598,0.3165829145728643,604,0.604,627,0.3165829145728643,0,629,172.41959798995032,1
3,85,2023-06-21,0.28780763700271544,0.2918444156944663,0.0,0.633727432497204,0.12174468764978424,0.633727432497204,504,0.504,299,0.633727432497204,0,509,287.79521489055674,0.1995078644888098,0.20842393085256056,0.0,0.5626134301270418,0.0087719298245614,0.5626134301270418,500,0.5,32,0.5626134301270418,0,509,199.49470659407245,0.15343216080402117,0.15637032412097926,0.0,0.3266331658291457,0.0,0.3266331658291457,494,0.494,153,0.3266331658291457,0,509,153.3090452261317,0
3,86,2023-06-21,0.4380718964690822,0.351565636100407,0.0,0.8832081802204825,0.697915002396549,0.8832081802204825,615,0.615,36,0.8832081802204825,0,629,438.0303562869471,0.2589292196007248,0.21485515852166812,0.0,0.6412583182093164,0.35692679975801567,0.6412583182093164,610,0.61,33,0.6412583182093164,0,629,258.91167574107703,0.17764824120603004,0.14451357035191553,0.0,0.3266331658291457,0.271356783919598,0.3266331658291457,604,0.604,538,0.3266331658291457,0,629,177.5251256281406,0
3,87,2023-06-21,0.3253102732065813,0.29107358930136257,0.0,0.6153538903978272,0.4917718485381051,0.6153538903978272,564,0.564,138,0.6153538903978272,0,569,325.29697235980103,0.2613768905021176,0.2361007232508129,0.0,0.5595886267392619,0.4101633393829401,0.5595886267392619,560,0.56,148,0.5595886267392619,0,569,261.3649425287353,0.15762311557788972,0.14197650197462805,0.0,0.3165829145728643,0.2663316582914573,0.3165829145728643,553,0.553,567,0.3165829145728643,0,567,157.4999999999999,0
3,88,2023-06-21,0.43840613516535837,0.35166964932339906,0.0,0.8872024285029557,0.7027480428183416,0.8872024285029557,615,0.615,44,0.8872024285029557,0,629,438.3643952708109,0.26333061101028443,0.21519741054484007,0.0,0.5837870538415003,0.382032667876588,0.5837870538415003,610,0.61,44,0.5837870538415003,0,629,263.31352087114357,0.17360804020100493,0.14083928266942994,0.0,0.3165829145728643,0.2763819095477386,0.3165829145728643,604,0.604,627,0.3165829145728643,0,629,173.48492462311532,0
3,89,2023-06-21,0.4360820418597223,0.3499252389689093,0.0,0.8925547212014698,0.7000319539862598,0.8925547212014698,615,0.615,47,0.8925547212014698,0,629,436.04006231027336,0.2647401693889903,0.21602892985343386,0.0,0.6079854809437386,0.3859649122807017,0.6079854809437386,610,0.61,47,0.6079854809437386,0,629,264.722323049002,0.172472361809046,0.13993962739579452,0.0,0.3165829145728643,0.271356783919598,0.3165829145728643,604,0.604,627,0.3165829145728643,0,629,172.34924623115637,0
3,90,2023-06-21,0.300265937050648,0.30383669946560515,0.0,0.6458699472759226,0.14107684933695475,0.6458699472759226,504,0.504,216,0.6458699472759226,0,509,300.2519571816588,0.2093324258923172,0.21395261691100073,0.0,0.5323653962492438,0.0083182093163944,0.5323653962492438,500,0.5,136,0.5323653962492438,0,509,209.32199032062945,0.13945728643216204,0.1413233383145718,0.0,0.3165829145728643,0.0,0.3165829145728643,494,0.494,507,0.3165829145728643,0,509,139.33417085427257,0
3,91,2023-06-21,0.30709274644511797,0.3107411199921395,0.0,0.6687170474516696,0.1415961016136763,0.6687170474516696,504,0.504,148,0.6687170474516696,0,509,307.07832720881936,0.21180217785843938,0.21553440724581296,0.0,0.5535390199637024,0.0096793708408953,0.5535390199637024,500,0.5,128,0.5535390199637024,0,509,211.79249848759827,0.15375879396985032,0.15661135942537271,0.0,0.3266331658291457,0.0,0.3266331658291457,494,0.494,153,0.3266331658291457,0,509,153.63567839196085,0
3,92,2023-06-21,0.3025260424988018,0.30646473054412793,0.0,0.6648825691004953,0.14207541140757307,0.6648825691004953,504,0.504,165,0.6648825691004953,0,509,302.5117031474673,0.20511191772534795,0.20881512850548292,0.0,0.5381125226860254,0.0083182093163944,0.5381125226860254,500,0.5,135,0.5381125226860254,0,509,205.10148215366002,0.15339698492462417,0.15619682339987434,0.0,0.3266331658291457,0.0,0.3266331658291457,494,0.494,169,0.3266331658291457,0,509,153.2738693467347,0
3,93,2023-06-21,0.3002612238376737,0.304133819775959,0.0,0.6505831602492411,0.14031794216328486,0.6505831602492411,504,0.504,368,0.6505831602492411,0,509,300.2472040262029,0.20866182698124625,0.2129176158275853,0.0,0.5263157894736842,0.0081669691470054,0.5263157894736842,500,0.5,135,0.5263157894736842,0,509,208.650483968542,0.13994974874371985,0.14175072432538696,0.0,0.3165829145728643,0.0,0.3165829145728643,494,0.494,507,0.3165829145728643,0,509,139.8266331658304,0
3,94,2023-06-21,0.2964383288065189,0.30021758202489224,0.0,0.6558555679821058,0.13884007029876974,0.6558555679821058,504,0.504,172,0.6558555679821058,0,509,296.42418916759885,0.20615124016938907,0.21007098089332701,0.0,0.5263157894736842,0.0081669691470054,0.5263157894736842,500,0.5,138,0.5263157894736842,0,509,206.14095583787065,0.15296482412060408,0.1557891389077608,0.0,0.3266331658291457,0.0,0.3266331658291457,494,0.494,178,0.3266331658291457,0,509,152.8417085427146,0
3,95,2023-06-21,0.36441819779517515,0.30195567956235053,0.0,0.6521009745965809,0.4833040421792619,0.6521009745965809,604,0.604,294,0.6521009745965809,0,609,364.4041380412207,0.2365326678765882,0.20027480446107696,0.0,0.4667271627344223,0.2921960072595281,0.4667271627344223,600,0.6,204,0.4667271627344223,0,609,236.52722323049068,0.0,0.0,0.0,0.0,0.0,0.0,0,0.0,0,0.0,-1,-1,0.0,0
3,96,2023-06-21,0.317982425307556,0.2848404416208996,0.0,0.6099217127336636,0.4759546253395111,0.6099217127336636,564,0.564,566,0.6099217127336636,0,569,317.9692842307077,0.26296491228070207,0.23758510500001484,0.0,0.5774349667271628,0.41454930429522074,0.5774349667271628,560,0.56,149,0.5774349667271628,0,569,262.95372050816695,0.158969849246231,0.14321976324278243,0.0,0.3165829145728643,0.2663316582914573,0.3165829145728643,553,0.553,567,0.3165829145728643,0,567,158.84673366834141,0
3,97,2023-06-21,0.46427017095382833,0.37210128780757706,0.0,0.8969483943121904,0.745087074612558,0.8969483943121904,615,0.615,48,0.8969483943121904,0,629,464.22958939127767,0.2659857834240774,0.2160361838303928,0.0,0.5595886267392619,0.4080459770114942,0.5595886267392619,610,0.61,48,0.5595886267392619,0,629,265.96823956442813,0.17173366834171036,0.13917224685652527,0.0,0.3165829145728643,0.2814070351758794,0.3165829145728643,604,0.604,627,0.3165829145728643,0,629,171.61055276382092,0
3,98,2023-06-21,0.25884126857325335,0.277754046491406,0.0,0.5973797731266975,0.0,0.5973797731266975,474,0.474,378,0.5973797731266975,0,479,258.82605048729806,0.1938003629764066,0.20947003617118287,0.0,0.5232909860859044,0.0,0.5232909860859044,470,0.47,135,0.5232909860859044,0,479,193.78917120387166,0.13245226130653276,0.14263957279124087,0.0,0.3165829145728643,0.0,0.3165829145728643,464,0.464,477,0.3165829145728643,0,479,132.32914572864328,0
3,99,2023-06-21,0.4465979389678834,0.3296375209018999,0.0,0.8864834638121105,0.6709538264898546,0.8864834638121105,655,0.655,39,0.8864834638121105,0,659,446.55623901581845,0.2405021173623684,0.19115501693233838,0.0,0.6530550514216575,0.3097398669086509,0.6530550514216575,650,0.65,39,0.6530550514216575,0,659,240.4842710223826,0.19962814070351922,0.14955966985150052,0.0,0.3266331658291457,0.2964824120603015,0.3266331658291457,644,0.644,261,0.3266331658291457,0,659,199.5050251256298,0
3,100,2023-06-21,0.3054437609841836,0.2974862806958707,0.0,0.6346860520849976,0.4629333759386483,0.6346860520849976,524,0.524,216,0.6346860520849976,0,529,305.4301006550557,0.22706261343012726,0.22363297349547095,0.0,0.5595886267392619,0.3684210526315789,0.5595886267392619,520,0.52,130,0.5595886267392619,0,529,227.052782819117,0.14530653266331778,0.14143929515978682,0.0,0.3165829145728643,0.2663316582914573,0.3165829145728643,514,0.514,527,0.3165829145728643,0,529,145.1834170854283,0
3,101,2023-06-21,0.5550029557437285,0.3217982655720423,0.0,0.920594344144432,0.7292698514139639,0.920594344144432,755,0.755,24,0.920594344144432,0,769,554.9614555040746,0.3669419237749566,0.22130391248051812,0.0,0.6866303690260133,0.4467634603750756,0.6866303690260133,750,0.75,21,0.6866303690260133,0,769,366.92453115547426,0.21315577889447296,0.12573314968083532,0.0,0.3165829145728643,0.2864321608040201,0.3165829145728643,744,0.744,767,0.3165829145728643,0,769,213.03266331658304,0
3,102,2023-06-21,0.3097017095382645,0.28882883154981726,0.0,0.6147946956382809,0.477312669755552,0.6147946956382809,544,0.544,255,0.6147946956382809,0,549,309.68725035948216,0.23224047186932856,0.2190872417996685,0.0,0.5290381125226861,0.3714458560193587,0.5290381125226861,540,0.54,135,0.5290381125226861,0,549,232.22701149425325,0.15123618090452406,0.14138088781910907,0.0,0.3165829145728643,0.271356783919598,0.3165829145728643,534,0.534,547,0.3165829145728643,0,549,151.1130653266346,0
3,103,2023-06-21,0.5128522926985118,0.31413754299684327,0.0,0.8876018533312031,0.689247483623582,0.8876018533312031,734,0.734,20,0.8876018533312031,0,749,512.8122703307239,0.3479863883847543,0.22811468118853073,0.0,0.8617664851784634,0.425892316999395,0.8617664851784634,730,0.73,47,0.8617664851784634,0,749,347.9696007259523,0.22488944723618304,0.14027285050598995,0.0,0.3266331658291457,0.2864321608040201,0.3266331658291457,724,0.724,266,0.3266331658291457,0,749,224.7663316582936,0
3,104,2023-06-21,0.37975107844703565,0.3157222066366018,0.0,0.6862118549289024,0.486259785908292,0.6862118549289024,604,0.604,452,0.6862118549289024,0,609,379.7308276082443,0.2364754990925594,0.20201255148331715,0.0,0.454930429522081,0.2686025408348457,0.454930429522081,600,0.6,279,0.454930429522081,0,609,236.46400483968495,0.16753266331658473,0.13891051393085155,0.0,0.3165829145728643,0.2763819095477386,0.3165829145728643,593,0.593,607,0.3165829145728643,0,607,167.40954773869527,0
3,105,2023-06-21,0.5111934813868049,0.33710785347358074,0.0,0.7748841667998083,0.7384566224636523,0.7748841667998083,704,0.704,337,0.7748841667998083,0,709,511.166160728552,0.3031464004839684,0.2055224343727671,0.0,0.514216575922565,0.4010889292196007,0.514216575922565,700,0.7,247,0.514216575922565,0,709,303.1312764670299,0.19686432160804263,0.13085961903097484,0.0,0.3165829145728643,0.2864321608040201,0.3165829145728643,694,0.694,707,0.3165829145728643,0,709,196.74120603015314,0
3,106,2023-06-21,0.4517180859562276,0.32550691341015076,0.0,0.7121744687649785,0.687010704585397,0.7121744687649785,664,0.664,364,0.7121744687649785,0,679,451.68876817383017,0.2646209921355107,0.1956977856514067,0.0,0.4969751966122202,0.3581367211131276,0.4969751966122202,660,0.66,184,0.4969751966122202,0,679,264.6063218390802,0.1857587939698509,0.13537830614840715,0.0,0.3165829145728643,0.2864321608040201,0.3165829145728643,654,0.654,677,0.3165829145728643,0,679,185.63567839196122,0
3,107,2023-06-21,0.4946672791180695,0.32612271348030014,0.0,0.7487617830324333,0.7150103850455345,0.7487617830324333,704,0.704,329,0.7487617830324333,0,709,494.6393992650582,0.33767725347852245,0.22806068335167584,0.0,0.5747126436781609,0.4482758620689655,0.5747126436781609,700,0.7,266,0.5747126436781609,0,709,337.6627344222623,0.19672361809045463,0.13081957872475675,0.0,0.3165829145728643,0.2864321608040201,0.3165829145728643,694,0.694,707,0.3165829145728643,0,709,196.60050251256513,0
3,108,2023-06-21,0.46596205464131846,0.308893633372776,0.0,0.704026202268733,0.6818980667838312,0.704026202268733,704,0.704,460,0.704026202268733,0,709,465.9372104169997,0.3450066545674528,0.230823492422279,0.0,0.5807622504537205,0.4712643678160919,0.5807622504537205,700,0.7,134,0.5807622504537205,0,709,344.9942528735629,0.21874371859296687,0.14655140294176447,0.0,0.3266331658291457,0.3266331658291457,0.3266331658291457,694,0.694,150,0.3266331658291457,0,709,218.62060301507736,0
3,109,2023-06-21,0.4857967726473885,0.31928365140118437,0.0,0.7270330723757789,0.69851413963892,0.7270330723757789,704,0.704,250,0.7270330723757789,0,709,485.77112957341376,0.3007023593466418,0.20123138556379894,0.0,0.4879007864488808,0.4071385359951603,0.4879007864488808,700,0.7,350,0.4879007864488808,0,709,300.68799153055085,0.1962211055276402,0.13049291435534707,0.0,0.3165829145728643,0.2763819095477386,0.3165829145728643,694,0.694,707,0.3165829145728643,0,709,196.09798994975057,0
3,110,2023-06-21,0.5038034829845012,0.3316191972379686,0.0,0.7669755552005113,0.727911806997923,0.7669755552005113,704,0.704,261,0.7669755552005113,0,709,503.7749241092818,0.29731185722927983,0.200883504258101,0.0,0.4939503932244404,0.4004839685420447,0.4939503932244404,700,0.7,301,0.4939503932244404,0,709,297.2973381730193,0.19627638190954982,0.13049754142500844,0.0,0.3165829145728643,0.2763819095477386,0.3165829145728643,694,0.694,707,0.3165829145728643,0,709,196.15326633166035,0
3,111,2023-06-21,0.30522551525802766,0.3092337308198522,0.0,0.6636842946157533,0.14179581402779995,0.6636842946157533,504,0.504,148,0.6636842946157533,0,509,305.212533951111,0.20901240169388993,0.21379865205348292,0.0,0.5414398064125832,0.00952813067150635,0.5414398064125832,500,0.5,138,0.5414398064125832,0,509,209.00287356321843,0.1539798994974885,0.15676812154655212,0.0,0.3266331658291457,0.0,0.3266331658291457,494,0.494,154,0.3266331658291457,0,509,153.85678391959902,0
3,112,2023-06-21,0.4350764499121243,0.3491414299103873,0.0,0.8872024285029557,0.6957980508068381,0.8872024285029557,615,0.615,40,0.8872024285029557,0,619,435.0381850135818,0.2606167574107676,0.21177831795973914,0.0,0.5444646098003629,0.3947368421052631,0.5444646098003629,610,0.61,37,0.5444646098003629,0,619,260.59754990925586,0.17250251256281482,0.14023778051927652,0.0,0.3165829145728643,0.271356783919598,0.3165829145728643,604,0.604,617,0.3165829145728643,0,619,172.3793969849252,0
3,113,2023-06-21,0.2931926026521805,0.29656387084242897,0.0,0.6498641955583959,0.13888001278159445,0.6498641955583959,504,0.504,256,0.6498641955583959,0,509,293.1798610001597,0.19352964307320045,0.2012693742673482,0.0,0.5353901996370236,0.0083182093163944,0.5353901996370236,500,0.5,147,0.5353901996370236,0,509,193.51814882032681,0.14971356783919695,0.15255325932898334,0.0,0.3266331658291457,0.0,0.3266331658291457,494,0.494,261,0.3266331658291457,0,509,149.5904522613075,0
3,114,2023-06-21,0.4311714331362818,0.3461457766036661,0.0,0.8913564467167279,0.6921233423869628,0.8913564467167279,615,0.615,28,0.8913564467167279,0,619,431.1312509985618,0.24685904416212995,0.20416990529894244,0.0,0.5290381125226861,0.3173018753781004,0.5290381125226861,610,0.61,38,0.5290381125226861,0,619,246.8415003024801,0.17777889447236275,0.14493939072649387,0.0,0.3266331658291457,0.271356783919598,0.3266331658291457,604,0.604,466,0.3266331658291457,0,619,177.65577889447334,0
3,115,2023-06-21,0.2529037386163918,0.27072602291922704,0.0,0.5786866911647228,0.0,0.5786866911647228,474,0.474,136,0.5786866911647228,0,479,252.89007828726582,0.18376194797338186,0.19727512512441653,0.0,0.4519056261343013,0.0,0.4519056261343013,470,0.47,143,0.4519056261343013,0,479,183.75045372050863,0.14332663316582864,0.17524606112506327,0.0,1.0,0.0,1.0,464,0.464,158,1.0,0,479,143.2035175879391,0
3,116,2023-06-21,0.2568578846461093,0.2752239772487093,0.0,0.5872343824892156,0.0,0.5872343824892156,474,0.474,256,0.5872343824892156,0,479,256.84402460456886,0.18761373260738037,0.2016175803755223,0.0,0.4667271627344223,0.0,0.4667271627344223,470,0.47,146,0.4667271627344223,0,479,187.60375075620084,0.13176381909547774,0.14188895452884162,0.0,0.3165829145728643,0.0,0.3165829145728643,464,0.464,477,0.3165829145728643,0,479,131.64070351758824,0
3,117,2023-06-21,0.33459793896788714,0.3001812155166018,0.0,0.6396389199552645,0.4916120786068062,0.6396389199552645,564,0.564,488,0.6396389199552645,0,569,334.58539702828,0.2725105868118562,0.247375675518117,0.0,0.6200846944948578,0.4131881427707199,0.6200846944948578,560,0.56,138,0.6200846944948578,0,569,272.49969751966114,0.15792462311557884,0.1421770180514718,0.0,0.3165829145728643,0.271356783919598,0.3165829145728643,553,0.553,567,0.3165829145728643,0,567,157.8015075376894,0
3,118,2023-06-21,0.509974277041058,0.2873726618577501,0.0,0.7024285029557438,0.6692762422112158,0.7024285029557438,764,0.764,386,0.7024285029557438,0,769,509.945238856047,0.3278811252268609,0.1944090215929963,0.0,0.5653357531760436,0.4168179068360556,0.5653357531760436,760,0.76,380,0.5653357531760436,0,769,327.86675741076897,0.21568341708542732,0.12393948079251706,0.0,0.3165829145728643,0.2864321608040201,0.3165829145728643,753,0.753,767,0.3165829145728643,0,767,215.56030150753784,0
3,119,2023-06-21,0.3395667039463174,0.3041328720242031,0.0,0.6465090270011183,0.5019971241412367,0.6465090270011183,564,0.564,179,0.6465090270011183,0,569,339.5527640198114,0.2676639443436172,0.24315268552150157,0.0,0.6228070175438597,0.4128856624319419,0.6228070175438597,560,0.56,139,0.6228070175438597,0,569,267.6530550514219,0.156698492462313,0.14100250994364827,0.0,0.3165829145728643,0.271356783919598,0.3165829145728643,553,0.553,567,0.3165829145728643,0,567,156.57537688442352,0
3,121,2023-06-21,0.5622518772966912,0.3254553167951974,0.0,0.8974277041060872,0.7355807637002716,0.8974277041060872,755,0.755,49,0.8974277041060872,0,779,562.2096580923467,0.3059134906231075,0.19430485853588492,0.0,0.5928614640048396,0.3463399879007864,0.5928614640048396,750,0.75,219,0.5928614640048396,0,779,305.89609800362797,0.22801507537688653,0.1356975954212011,0.0,0.3266331658291457,0.2864321608040201,0.3266331658291457,743,0.743,355,0.3266331658291457,0,777,227.89195979899708,0
3,122,2023-06-21,0.30495638280875426,0.284312634562743,0.0,0.6179900942642594,0.4725994567822336,0.6179900942642594,544,0.544,255,0.6179900942642594,0,549,304.9467167279115,0.21842347247428862,0.2095698590077271,0.0,0.5626134301270418,0.3439201451905626,0.5626134301270418,540,0.54,149,0.5626134301270418,0,549,218.41696914700452,0.0,0.0,0.0,0.0,0.0,0.0,0,0.0,0,0.0,-1,-1,0.0,0
4,0,2023-06-21,0.48778047611439496,0.32085780693602933,0.0,0.7325451350055919,0.7009106886084039,0.7325451350055919,704,0.704,139,0.7325451350055919,0,709,487.7546333280069,0.3195299455535379,0.21385634151138783,0.0,0.5471869328493648,0.4249848759830611,0.5471869328493648,700,0.7,149,0.5471869328493648,0,709,319.5149727767683,0.19814070351758922,0.13178434833775368,0.0,0.3165829145728643,0.2864321608040201,0.3165829145728643,694,0.694,707,0.3165829145728643,0,709,198.01758793969947,0
4,1,2023-06-21,0.474704904936887,0.31208160057902107,0.0,0.7174468764978431,0.6808595622303882,0.7174468764978431,704,0.704,673,0.7174468764978431,0,709,474.67678542898125,0.3135635208711425,0.20923495589361746,0.0,0.484875983061101,0.4370840895341802,0.484875983061101,700,0.7,233,0.484875983061101,0,709,313.54930429522005,0.19922613065326616,0.132728273651089,0.0,0.3165829145728643,0.2864321608040201,0.3165829145728643,694,0.694,707,0.3165829145728643,0,709,199.1030150753766,0
4,2,2023-06-21,0.4902979709218713,0.3227121099232095,0.0,0.7323054801086436,0.7092986100015977,0.7323054801086436,704,0.704,378,0.7323054801086436,0,709,490.2706902061023,0.3154461584996971,0.21057982861982089,0.0,0.5263157894736842,0.4249848759830611,0.5263157894736842,700,0.7,144,0.5263157894736842,0,709,315.4317906836065,0.19736683417085663,0.13119445549218114,0.0,0.3165829145728643,0.2864321608040201,0.3165829145728643,694,0.694,707,0.3165829145728643,0,709,197.24371859296718,0
4,3,2023-06-21,0.31224556638440676,0.30424221868188084,0.0,0.6554561431538585,0.4696437130532034,0.6554561431538585,523,0.523,132,0.6554561431538585,0,529,312.22623422271965,0.2038535995160318,0.20384947002558382,0.0,0.5683605565638233,0.3188142770719903,0.5683605565638233,520,0.52,132,0.5683605565638233,0,529,203.84255898366658,0.14696482412060313,0.14310685105514237,0.0,0.3165829145728643,0.2663316582914573,0.3165829145728643,514,0.514,527,0.3165829145728643,0,529,146.8417085427136,0
4,4,2023-06-21,0.31864515098258606,0.310870732203374,0.0,0.6755072695318741,0.4715609522287905,0.6755072695318741,523,0.523,203,0.6755072695318741,0,529,318.6252995686212,0.1925822746521472,0.19054469919133812,0.0,0.4969751966122202,0.2905323653962492,0.4969751966122202,520,0.52,143,0.4969751966122202,0,529,192.57062915910464,0.14546733668341844,0.14154961828634102,0.0,0.3165829145728643,0.271356783919598,0.3165829145728643,514,0.514,527,0.3165829145728643,0,529,145.34422110552896,0
4,5,2023-06-21,0.296860760504872,0.29978612723090947,0.0,0.6434733983064387,0.13296852532353404,0.6434733983064387,504,0.504,140,0.6434733983064387,0,509,296.8455823613991,0.211917120387175,0.21566037687397446,0.0,0.5595886267392619,0.0098306110102843,0.5595886267392619,500,0.5,130,0.5595886267392619,0,509,211.903962492438,0.1404271356783926,0.14262967091271989,0.0,0.3165829145728643,0.0,0.3165829145728643,493,0.493,507,0.3165829145728643,0,507,140.30402010050315,0
4,6,2023-06-21,0.3085132609042979,0.31324939229114307,0.0,0.6832561111998722,0.1299328966288544,0.6832561111998722,504,0.504,274,0.6832561111998722,0,509,308.4998801725519,0.21678947368421053,0.2212964448570082,0.0,0.5414398064125832,0.0084694494857834,0.5414398064125832,500,0.5,134,0.5414398064125832,0,509,216.77994555353905,0.1396482412060314,0.1414420585000436,0.0,0.3165829145728643,0.0,0.3165829145728643,494,0.494,507,0.3165829145728643,0,509,139.52512562814192,0
4,7,2023-06-21,0.47867582680939463,0.3154600590633498,0.0,0.889998402300687,0.6666400383447835,0.889998402300687,705,0.705,26,0.889998402300687,0,719,478.6391995526438,0.30749485783424085,0.2060844223575596,0.0,0.5774349667271628,0.4098608590441621,0.5774349667271628,700,0.7,49,0.5774349667271628,0,719,307.4756503327282,0.1995477386934676,0.13314116582075636,0.0,0.3165829145728643,0.2864321608040201,0.3165829145728643,694,0.694,717,0.3165829145728643,0,719,199.424623115578,0
4,8,2023-06-21,0.31090996964371204,0.2902957512465312,0.0,0.6244607764818662,0.4714411247803163,0.6244607764818662,544,0.544,298,0.6244607764818662,0,549,310.8953107525162,0.20881336963097546,0.19976181763591902,0.0,0.5199637023593466,0.338475499092559,0.5199637023593466,540,0.54,161,0.5199637023593466,0,549,208.80021173623868,0.1608341708542726,0.15132888322527646,0.0,0.3266331658291457,0.2663316582914573,0.3266331658291457,534,0.534,303,0.3266331658291457,0,549,160.71105527638312,0
4,9,2023-06-21,0.30773973478191485,0.3113702466373507,0.0,0.6679980827608244,0.14143633168237735,0.6679980827608244,504,0.504,146,0.6679980827608244,0,509,307.72535548809765,0.2137202056866304,0.21734099567574006,0.0,0.5471869328493648,0.0084694494857834,0.5471869328493648,500,0.5,130,0.5471869328493648,0,509,213.71067755595868,0.13956783919598115,0.1413648246064753,0.0,0.3165829145728643,0.0,0.3165829145728643,494,0.494,507,0.3165829145728643,0,509,139.44472361809164,0
4,10,2023-06-21,0.4951437130532012,0.32559581032156437,0.0,0.8883208180220482,0.6932417319060553,0.8883208180220482,705,0.705,17,0.8883208180220482,0,719,495.10193321616794,0.31421415607985403,0.21019983209920737,0.0,0.5444646098003629,0.4225650332728373,0.5444646098003629,700,0.7,49,0.5444646098003629,0,719,314.1960072595275,0.19844723618090535,0.13240304137183198,0.0,0.3165829145728643,0.2864321608040201,0.3165829145728643,694,0.694,717,0.3165829145728643,0,719,198.32412060301547,0
4,11,2023-06-21,0.31381618469403993,0.29301481537420654,0.0,0.6290941044895351,0.47611439527081,0.6290941044895351,544,0.544,210,0.6290941044895351,0,549,313.8014059753949,0.21781276467029645,0.20616931573520136,0.0,0.5199637023593466,0.3324258923169993,0.5199637023593466,540,0.54,180,0.5199637023593466,0,549,217.80157289776164,0.15095979899497636,0.14114229136032863,0.0,0.3165829145728643,0.271356783919598,0.3165829145728643,534,0.534,547,0.3165829145728643,0,549,150.83668341708685,0
4,12,2023-06-21,0.3179630132609029,0.2966825201590192,0.0,0.638200990573574,0.4805080683815306,0.638200990573574,544,0.544,159,0.638200990573574,0,549,317.9480348298436,0.21601421657592246,0.2041365102734972,0.0,0.5199637023593466,0.338475499092559,0.5199637023593466,540,0.54,139,0.5199637023593466,0,549,216.00408348457296,0.15119597989949896,0.1413424345193746,0.0,0.3165829145728643,0.271356783919598,0.3165829145728643,534,0.534,547,0.3165829145728643,0,549,151.07286432160947,0
4,13,2023-06-21,0.4724090909090886,0.3119495724167795,0.0,0.9019012621824573,0.6578526921233424,0.9019012621824573,705,0.705,44,0.9019012621824573,0,709,472.36842946157446,0.30323653962492386,0.20882426919121083,0.0,0.7407743496672716,0.3980641258318209,0.7407743496672716,700,0.7,21,0.7407743496672716,0,709,303.2191470054444,0.20078894472361838,0.13361233108816184,0.0,0.3165829145728643,0.2864321608040201,0.3165829145728643,694,0.694,707,0.3165829145728643,0,709,200.6658291457287,0
4,14,2023-06-21,0.2375415401821379,0.29498857596408606,0.0,0.6886084038983863,0.0,0.6886084038983863,404,0.404,212,0.6886084038983863,0,409,237.5280396229431,0.14493768905021165,0.18304822094649642,0.0,0.4969751966122202,0.0,0.4969751966122202,400,0.4,193,0.4969751966122202,0,409,144.92604355716904,0.118693467336684,0.14807499412034705,0.0,0.3266331658291457,0.0,0.3266331658291457,394,0.394,217,0.3266331658291457,0,409,118.57035175879456,0
4,15,2023-06-21,0.31323789742770414,0.30541537419166037,0.0,0.6509027001118389,0.46716727911807,0.6509027001118389,523,0.523,521,0.6509027001118389,0,529,313.2251557756832,0.19694162129461573,0.19389469126426284,0.0,0.5060496067755595,0.3166969147005444,0.5060496067755595,520,0.52,134,0.5060496067755595,0,529,196.93572292800968,0.0,0.0,0.0,0.0,0.0,0.0,0,0.0,0,0.0,-1,-1,0.0,0
4,16,2023-06-21,0.3323820897907017,0.3111838133548513,0.0,0.6718325611119987,0.4821057676945199,0.6718325611119987,544,0.544,289,0.6718325611119987,0,549,332.36763061191914,0.22821022383545078,0.21537691967278688,0.0,0.5232909860859044,0.36615245009074404,0.5232909860859044,540,0.54,150,0.5232909860859044,0,549,228.2000907441011,0.15121608040201154,0.14136237843684682,0.0,0.3165829145728643,0.271356783919598,0.3165829145728643,534,0.534,547,0.3165829145728643,0,549,151.09296482412205,0
4,17,2023-06-21,0.31329341747883055,0.3053504780160864,0.0,0.65074293018054,0.4694839431219044,0.65074293018054,524,0.524,147,0.65074293018054,0,529,313.2806758268096,0.18977465214761072,0.1855695517239242,0.0,0.4667271627344223,0.294010889292196,0.4667271627344223,520,0.52,131,0.4667271627344223,0,529,189.76920750151237,0.0,0.0,0.0,0.0,0.0,0.0,0,0.0,0,0.0,-1,-1,0.0,0
4,18,2023-06-21,0.2459654896948381,0.2919769188936986,0.0,0.6362837513979869,0.0,0.6362837513979869,424,0.424,219,0.6362837513979869,0,429,245.95178942323037,0.1716451905626133,0.204359873102022,0.0,0.4727767695099819,0.0,0.4727767695099819,420,0.42,132,0.4727767695099819,0,429,171.63415003024804,0.12786934673366904,0.15307468733441126,0.0,0.3266331658291457,0.0,0.3266331658291457,414,0.414,147,0.3266331658291457,0,429,127.74623115577958,0
4,19,2023-06-21,0.25342618629174024,0.30145427601063257,0.0,0.6617670554401661,0.0,0.6617670554401661,424,0.424,147,0.6617670554401661,0,429,253.41064866592177,0.17279764065335784,0.20724803396499028,0.0,0.5535390199637024,0.0,0.5535390199637024,420,0.42,130,0.5535390199637024,0,429,172.78796128251676,0.12764321608040272,0.15275953767803685,0.0,0.3266331658291457,0.0,0.3266331658291457,414,0.414,158,0.3266331658291457,0,429,127.52010050251329,0
4,20,2023-06-21,0.27499504713213,0.30226894654908065,0.0,0.6497843105927464,0.0,0.6497843105927464,463,0.463,152,0.6497843105927464,0,469,274.9810672631412,0.17187053841500272,0.19017922485134311,0.0,0.4969751966122202,0.0,0.4969751966122202,460,0.46,133,0.4969751966122202,0,469,171.86479128856624,0.0,0.0,0.0,0.0,0.0,0.0,0,0.0,0,0.0,-1,-1,0.0,0
4,21,2023-06-21,0.27412326250199687,0.3015110557479813,0.0,0.656574532672951,0.0,0.656574532672951,463,0.463,304,0.656574532672951,0,469,274.10269212334254,0.1662562008469449,0.182113918728994,0.0,0.4125831820931639,0.0,0.4125831820931639,460,0.46,138,0.4125831820931639,0,469,166.2457652752571,0.129236180904523,0.14198878843063342,0.0,0.3165829145728643,0.0,0.3165829145728643,454,0.454,467,0.3165829145728643,0,469,129.11306532663352,0
4,22,2023-06-21,0.23771576929221883,0.2950508600235662,0.0,0.6715929062150503,0.0,0.6715929062150503,404,0.404,205,0.6715929062150503,0,409,237.70123022847127,0.15169933454325457,0.1919767109324291,0.0,0.514216575922565,0.0,0.514216575922565,400,0.4,175,0.514216575922565,0,409,151.68723532970367,0.11111557788944793,0.13790756286936567,0.0,0.3165829145728643,0.0,0.3165829145728643,394,0.394,407,0.3165829145728643,0,409,110.99246231155848,0
4,23,2023-06-21,0.3097816743888796,0.3020432299263106,0.0,0.6505831602492411,0.46564946477073016,0.6505831602492411,523,0.523,413,0.6505831602492411,0,529,309.7625419396072,0.19758166969146937,0.19266622052170693,0.0,0.4186327888687235,0.30323653962492436,0.4186327888687235,520,0.52,226,0.4186327888687235,0,529,197.57017543859604,0.14530653266331758,0.14155065726090926,0.0,0.3165829145728643,0.2663316582914573,0.3165829145728643,514,0.514,527,0.3165829145728643,0,529,145.18341708542812,0
4,24,2023-06-21,0.24286755072695335,0.30200241434324687,0.0,0.6874101294136443,0.0,0.6874101294136443,404,0.404,216,0.6874101294136443,0,409,242.85409011024169,0.15826588021778576,0.19926934910660882,0.0,0.5263157894736842,0.0,0.5263157894736842,400,0.4,142,0.5263157894736842,0,409,158.25559588626737,0.11110552763819165,0.13788855904602768,0.0,0.3165829145728643,0.0,0.3165829145728643,394,0.394,407,0.3165829145728643,0,409,110.9824120603022,0
4,25,2023-06-21,0.31337090589551114,0.3053690832866364,0.0,0.6477073014858603,0.4717207221600895,0.6477073014858603,524,0.524,319,0.6477073014858603,0,529,313.3594424029401,0.19177646702964307,0.18961018309684843,0.0,0.4519056261343013,0.2711736237144585,0.4519056261343013,520,0.52,153,0.4519056261343013,0,529,191.7711736237146,0.0,0.0,0.0,0.0,0.0,0.0,0,0.0,0,0.0,-1,-1,0.0,0
4,26,2023-06-21,0.23341843745007076,0.2894109972550424,0.0,0.6481067263141077,0.0,0.6481067263141077,404,0.404,216,0.6481067263141077,0,409,233.40449752356616,0.1546654567453117,0.19510444969437432,0.0,0.5090744101633394,0.0,0.5090744101633394,400,0.4,166,0.5090744101633394,0,409,154.65350877192986,0.11099497487437254,0.13776583820420277,0.0,0.3165829145728643,0.0,0.3165829145728643,394,0.394,407,0.3165829145728643,0,409,110.87185929648311,0
4,27,2023-06-21,0.3133904777120943,0.3053337027807083,0.0,0.65074293018054,0.4720402620226873,0.65074293018054,524,0.524,260,0.65074293018054,0,529,313.37645790062294,0.19150998185117965,0.1910787703752516,0.0,0.4727767695099819,0.2716273442226255,0.4727767695099819,520,0.52,170,0.4727767695099819,0,529,191.50453720508136,0.0,0.0,0.0,0.0,0.0,0.0,0,0.0,0,0.0,-1,-1,0.0,0
4,28,2023-06-21,0.24050591148745787,0.28552863957971036,0.0,0.6231027320658252,0.0,0.6231027320658252,424,0.424,140,0.6231027320658252,0,429,240.4912126537784,0.16858953418027814,0.20095035010379525,0.0,0.4667271627344223,0.0,0.4667271627344223,420,0.42,183,0.4667271627344223,0,429,168.57955232909876,0.1277185929648248,0.15290086949400564,0.0,0.3266331658291457,0.0,0.3266331658291457,414,0.414,149,0.3266331658291457,0,429,127.59547738693536,0
4,29,2023-06-21,0.3104845023166651,0.30272126091437757,0.0,0.6508228151461894,0.4670873941524205,0.6508228151461894,523,0.523,281,0.6508228151461894,0,529,310.46536986739113,0.19282123411978253,0.18812382022599913,0.0,0.4216575922565033,0.2921960072595281,0.4216575922565033,520,0.52,138,0.4216575922565033,0,529,192.81140350877158,0.15519597989949846,0.15205191034581597,0.0,0.3266331658291457,0.2663316582914573,0.3266331658291457,514,0.514,282,0.3266331658291457,0,529,155.07286432160902,0
4,30,2023-06-21,0.46043105927464456,0.28836381286836005,0.0,0.6793417478830485,0.6286946796612878,0.6793417478830485,724,0.724,683,0.6793417478830485,0,729,460.40577568301643,0.30342528735632235,0.1924233092689618,0.0,0.4667271627344223,0.4098608590441621,0.4667271627344223,720,0.72,270,0.4667271627344223,0,729,303.40607985480943,0.20208040201005167,0.12824670007607178,0.0,0.3165829145728643,0.2864321608040201,0.3165829145728643,714,0.714,727,0.3165829145728643,0,729,201.95728643216222,0
4,31,2023-06-21,0.30748745806039346,0.31121299072684966,0.0,0.6696756670394631,0.1470282792778399,0.6696756670394631,504,0.504,264,0.6696756670394631,0,509,307.4730388240936,0.23420477918935287,0.24023368070231796,0.0,0.5683605565638233,0.0087719298245614,0.5683605565638233,500,0.5,244,0.5683605565638233,0,509,234.19373865698714,0.1398442211055289,0.14164578237082381,0.0,0.3165829145728643,0.0,0.3165829145728643,494,0.494,507,0.3165829145728643,0,509,139.7211055276394,0
4,32,2023-06-21,0.43957940565585424,0.3530280669184197,0.0,0.8872024285029557,0.6923629972839112,0.8872024285029557,615,0.615,16,0.8872024285029557,0,629,439.5411407573098,0.26381609195402345,0.21663078179568368,0.0,0.6079854809437386,0.3790078644888082,0.6079854809437386,610,0.61,46,0.6079854809437386,0,629,263.79703569268025,0.1726984924623119,0.14011941854449161,0.0,0.3165829145728643,0.271356783919598,0.3165829145728643,604,0.604,627,0.3165829145728643,0,629,172.57537688442238,0
4,33,2023-06-21,0.3101763860041538,0.2894290720915691,0.0,0.6212653778558875,0.4725994567822336,0.6212653778558875,544,0.544,312,0.6212653778558875,0,549,310.16056878095554,0.23066545674531155,0.21800094481063464,0.0,0.4969751966122202,0.3324258923169993,0.4969751966122202,540,0.54,302,0.4969751966122202,0,549,230.65577737447038,0.1508442211055291,0.14106196946846664,0.0,0.3165829145728643,0.2663316582914573,0.3165829145728643,534,0.534,547,0.3165829145728643,0,549,150.72110552763965,0
4,34,2023-06-21,0.3614994408052397,0.2997453001015129,0.0,0.6527400543217766,0.4812270330723758,0.6527400543217766,603,0.603,522,0.6527400543217766,0,609,361.4802684134847,0.2523523895946767,0.21314784063852607,0.0,0.5381125226860254,0.3312159709618875,0.5381125226860254,600,0.6,169,0.5381125226860254,0,609,252.3408953418028,0.1700402010050251,0.14090597028625707,0.0,0.3165829145728643,0.271356783919598,0.3165829145728643,594,0.594,607,0.3165829145728643,0,609,169.9170854271354,0
4,35,2023-06-21,0.3643576449912132,0.30192049687003086,0.0,0.649544655695798,0.4839431219044576,0.649544655695798,604,0.604,606,0.649544655695798,0,609,364.3449432816751,0.2467673926194791,0.20850372982728368,0.0,0.4818511796733212,0.3130671506352087,0.4818511796733212,600,0.6,179,0.4818511796733212,0,609,246.76179673321255,0.0,0.0,0.0,0.0,0.0,0.0,0,0.0,0,0.0,-1,-1,0.0,0
4,36,2023-06-21,0.32407029876977245,0.29064314959458937,0.0,0.6171113596421154,0.47795174948074765,0.6171113596421154,564,0.564,310,0.6171113596421154,0,569,324.06306918038,0.26022111312764656,0.235213624805026,0.0,0.5562613430127041,0.4122807017543859,0.5562613430127041,560,0.56,160,0.5562613430127041,0,569,260.2124924379913,0.0,0.0,0.0,0.0,0.0,0.0,0,0.0,0,0.0,-1,-1,0.0,0
4,37,2023-06-21,0.45597611439527136,0.28545152081609837,0.0,0.6680779677264739,0.6261383607605049,0.6680779677264739,724,0.724,711,0.6680779677264739,0,729,455.9473158651547,0.29770568663036895,0.18901890189004417,0.0,0.4579552329098608,0.4038112522686025,0.4579552329098608,720,0.72,211,0.4579552329098608,0,729,297.69131881427705,0.20234673366834285,0.12844379476615075,0.0,0.3165829145728643,0.2864321608040201,0.3165829145728643,714,0.714,727,0.3165829145728643,0,729,202.2236180904534,0
4,38,2023-06-21,0.4373484582201606,0.35104347255504686,0.0,0.8824892155296373,0.6921233423869628,0.8824892155296373,615,0.615,20,0.8824892155296373,0,629,437.3069579805089,0.26657683000604937,0.21778973688944317,0.0,0.5865093768905021,0.3865698729582577,0.5865093768905021,610,0.61,47,0.5865093768905021,0,629,266.5595886267394,0.17258291457286457,0.14009701155683346,0.0,0.3165829145728643,0.2663316582914573,0.3165829145728643,604,0.604,627,0.3165829145728643,0,629,172.45979899497502,0
4,39,2023-06-21,0.24222423709857763,0.28792600987512723,0.0,0.6293337593864835,0.0,0.6293337593864835,424,0.424,307,0.6293337593864835,0,429,242.21069659690033,0.15709558378705382,0.18983420784906704,0.0,0.4428312159709618,0.0,0.4428312159709618,420,0.42,190,0.4428312159709618,0,429,157.08514821536616,0.11597989949748823,0.13812000005718658,0.0,0.3165829145728643,0.0,0.3165829145728643,414,0.414,427,0.3165829145728643,0,429,115.85678391959878,0
4,40,2023-06-21,0.30730292378974267,0.3120480998023633,0.0,0.6799009426425947,0.15593545294775518,0.6799009426425947,504,0.504,348,0.6799009426425947,0,509,307.2896229429625,0.20183877797943114,0.211251716644283,0.0,0.5,0.0087719298245614,0.5,500,0.5,328,0.5,0,509,201.82698124621896,0.13952763819095607,0.14133287494730273,0.0,0.3165829145728643,0.0,0.3165829145728643,494,0.494,507,0.3165829145728643,0,509,139.40452261306658,0
4,41,2023-06-21,0.23485253235341105,0.29138681590482696,0.0,0.6435532832720882,0.0,0.6435532832720882,404,0.404,188,0.6435532832720882,0,409,234.83987058635643,0.15259830611010297,0.19164793488369203,0.0,0.469751966122202,0.0,0.469751966122202,400,0.4,179,0.469751966122202,0,409,152.58817301875382,0.11112060301507608,0.13791147902208697,0.0,0.3165829145728643,0.0,0.3165829145728643,394,0.394,407,0.3165829145728643,0,409,110.99748743718662,0
4,42,2023-06-21,0.23974836235820474,0.29773589273460305,0.0,0.661048090749321,0.0,0.661048090749321,404,0.404,309,0.661048090749321,0,409,239.73414283431902,0.1514013914095585,0.19091212987631298,0.0,0.4788263762855414,0.0,0.4788263762855414,400,0.4,179,0.4788263762855414,0,409,151.39110707804002,0.1109899497487444,0.1377573307292271,0.0,0.3165829145728643,0.0,0.3165829145728643,394,0.394,407,0.3165829145728643,0,409,110.86683417085496,0
4,43,2023-06-21,0.4456953986259775,0.2927473437284154,0.0,0.6656814187569899,0.631650423390318,0.6656814187569899,704,0.704,438,0.6656814187569899,0,709,445.66660009586013,0.2933224440411361,0.1954495076653536,0.0,0.469751966122202,0.4050211736237145,0.469751966122202,700,0.7,262,0.469751966122202,0,709,293.30777374470705,0.19741708542713676,0.13144581842621622,0.0,0.3165829145728643,0.2864321608040201,0.3165829145728643,694,0.694,707,0.3165829145728643,0,709,197.29396984924722,0
4,44,2023-06-21,0.46229980827608075,0.3034011484088772,0.0,0.6901262182457262,0.6603291260584758,0.6901262182457262,704,0.704,199,0.6901262182457262,0,709,462.271409170794,0.29230550514216647,0.1948831525189115,0.0,0.4788263762855414,0.4016938898971567,0.4788263762855414,700,0.7,219,0.4788263762855414,0,709,292.28962492437984,0.19655778894472598,0.1306748894940192,0.0,0.3165829145728643,0.2864321608040201,0.3165829145728643,694,0.694,707,0.3165829145728643,0,709,196.43467336683648,0
4,45,2023-06-21,0.30094711615273956,0.30577785159709636,0.0,0.6664003834478351,0.1306518613196996,0.6664003834478351,503,0.503,494,0.6664003834478351,0,509,300.92754433615573,0.2039963702359352,0.21114925470303778,0.0,0.4788263762855414,0.0102843315184513,0.4788263762855414,500,0.5,254,0.4788263762855414,0,509,203.9860859044161,0.13839195979899588,0.14029124813103672,0.0,0.3165829145728643,0.0,0.3165829145728643,494,0.494,507,0.3165829145728643,0,509,138.26884422110643,0
4,46,2023-06-21,0.30515681418756996,0.3105286895286887,0.0,0.6731107205623902,0.1346061671193481,0.6731107205623902,504,0.504,483,0.6731107205623902,0,509,305.1370426585719,0.19660102843315205,0.20469947755891213,0.0,0.4667271627344223,0.0081669691470054,0.4667271627344223,500,0.5,283,0.4667271627344223,0,509,196.58908045977023,0.1383115577889459,0.1401328542418197,0.0,0.3165829145728643,0.0,0.3165829145728643,494,0.494,507,0.3165829145728643,0,509,138.18844221105644,0
4,47,2023-06-21,0.49229110081482613,0.3240701908283455,0.0,0.7406135165361879,0.6997922990893114,0.7406135165361879,704,0.704,492,0.7406135165361879,0,709,492.26485860361,0.2997450090744096,0.19990566883816616,0.0,0.4758015728977616,0.4195402298850574,0.4758015728977616,700,0.7,282,0.4758015728977616,0,709,299.72912885662384,0.19666331658291678,0.13081720522661971,0.0,0.3165829145728643,0.2864321608040201,0.3165829145728643,694,0.694,707,0.3165829145728643,0,709,196.54020100502728,0
4,48,2023-06-21,0.27218165841188613,0.29271310408801476,0.0,0.6388400702987698,0.0,0.6388400702987698,474,0.474,167,0.6388400702987698,0,479,272.1691564147625,0.20497428917120314,0.22588741054631992,0.0,0.6412583182093164,0.0,0.6412583182093164,470,0.47,30,0.6412583182093164,0,479,204.96173623714512,0.1429597989949758,0.15495970366470815,0.0,0.3266331658291457,0.0,0.3266331658291457,463,0.463,170,0.3266331658291457,0,477,142.83668341708633,0
4,49,2023-06-21,0.2981392394951276,0.3164282000869252,0.0,0.9067742450870746,0.0,0.9067742450870746,486,0.486,19,0.9067742450870746,0,499,298.1161527400542,0.1976076830006051,0.21742475533936925,0.0,0.8136721113127646,0.0,0.8136721113127646,480,0.48,12,0.8136721113127646,0,499,197.59180278281897,0.0,0.0,0.0,0.0,0.0,0.0,0,0.0,0,0.0,-1,-1,0.0,0
4,50,2023-06-21,0.2838868030036746,0.31200955169410644,0.0,0.8598018852851893,0.0,0.8598018852851893,465,0.465,23,0.8598018852851893,0,479,283.8649145230866,0.19259891107078064,0.2178315951843285,0.0,0.7226255293405929,0.0,0.7226255293405929,460,0.46,13,0.7226255293405929,0,479,192.58333333333343,0.0,0.0,0.0,0.0,0.0,0.0,0,0.0,0,0.0,-1,-1,0.0,0
4,51,2023-06-21,0.2841123981466678,0.31220622605002646,0.0,0.8637162486020131,0.0,0.8637162486020131,465,0.465,50,0.8637162486020131,0,479,284.09038983862945,0.18672111312764628,0.21083012886022579,0.0,0.7014519056261344,0.0,0.7014519056261344,460,0.46,16,0.7014519056261344,0,479,186.7075015124011,0.0,0.0,0.0,0.0,0.0,0.0,0,0.0,0,0.0,-1,-1,0.0,0
4,52,2023-06-21,0.33036315705384167,0.3220821636586623,0.0,0.6899664483144272,0.4951270170953826,0.6899664483144272,524,0.524,253,0.6899664483144272,0,529,330.3510145390643,0.22513793103448249,0.21976069278024676,0.0,0.5263157894736842,0.3838475499092559,0.5263157894736842,520,0.52,143,0.5263157894736842,0,529,225.12658802177822,0.14518592964824256,0.14155791702560952,0.0,0.3165829145728643,0.271356783919598,0.3165829145728643,513,0.513,527,0.3165829145728643,0,527,145.0628140703531,0
4,53,2023-06-21,0.43384110880332355,0.34869932057831066,0.0,0.8785748522128135,0.6710337114555041,0.8785748522128135,615,0.615,24,0.8785748522128135,0,629,433.7996085636672,0.26648124621899605,0.21692569875964401,0.0,0.5928614640048396,0.4044162129461585,0.5928614640048396,610,0.61,48,0.5928614640048396,0,629,266.4638535995165,0.17075376884422233,0.13854678719520974,0.0,0.3165829145728643,0.2663316582914573,0.3165829145728643,604,0.604,627,0.3165829145728643,0,629,170.63065326633284,0
4,54,2023-06-21,0.4189209138840064,0.3371861560295346,0.0,0.8998242530755711,0.6633647547531555,0.8998242530755711,615,0.615,19,0.8998242530755711,0,629,418.88037226394016,0.25668602540834784,0.20938954893126105,0.0,0.5535390199637024,0.3862673926194797,0.5535390199637024,610,0.61,49,0.5535390199637024,0,629,256.6687840290382,0.17077889447236363,0.1384084879902195,0.0,0.3165829145728643,0.2763819095477386,0.3165829145728643,604,0.604,627,0.3165829145728643,0,629,170.65577889447417,0
4,55,2023-06-21,0.4303157053842447,0.34551701263498674,0.0,0.8920754114075731,0.6856526601693561,0.8920754114075731,615,0.615,25,0.8920754114075731,0,629,430.2737258347985,0.25737447065940716,0.20988392693770866,0.0,0.5444646098003629,0.3862673926194797,0.5444646098003629,610,0.61,49,0.5444646098003629,0,629,257.3563218390804,0.17118592964824242,0.1388159138315219,0.0,0.3165829145728643,0.271356783919598,0.3165829145728643,604,0.604,627,0.3165829145728643,0,629,171.06281407035294,0
4,56,2023-06-21,0.42010640677424516,0.33774101663884754,0.0,0.8811311711135964,0.6703147467646589,0.8811311711135964,615,0.615,44,0.8811311711135964,0,629,420.0649464770747,0.2593203266787661,0.21153222498683288,0.0,0.5928614640048396,0.3880822746521476,0.5928614640048396,610,0.61,44,0.5928614640048396,0,629,259.3029340592865,0.1717386934673379,0.139334965352867,0.0,0.3165829145728643,0.271356783919598,0.3165829145728643,604,0.604,627,0.3165829145728643,0,629,171.61557788944842,0
4,57,2023-06-21,0.43000974596581026,0.34526172864308735,0.0,0.9037386163923948,0.6875698993449433,0.9037386163923948,615,0.615,48,0.9037386163923948,0,629,429.969004633328,0.25591228070175437,0.2085127845252784,0.0,0.6291591046581972,0.3933756805807622,0.6291591046581972,610,0.61,45,0.6291591046581972,0,629,255.89503932244347,0.1721306532663328,0.13957239925925166,0.0,0.3165829145728643,0.2763819095477386,0.3165829145728643,604,0.604,627,0.3165829145728643,0,629,172.00753768844334,0
4,58,2023-06-21,0.30736531394791433,0.29930323943325055,0.0,0.638360760504873,0.470602332640997,0.638360760504873,524,0.524,255,0.638360760504873,0,529,307.35157373382344,0.22449606775559622,0.22003092078651623,0.0,0.5414398064125832,0.367211131276467,0.5414398064125832,520,0.52,132,0.5414398064125832,0,529,224.48442226255298,0.14481909547738828,0.14127631425604664,0.0,0.3165829145728643,0.2663316582914573,0.3165829145728643,513,0.513,527,0.3165829145728643,0,527,144.69597989949884,0
4,59,2023-06-21,0.44552756031314866,0.35737719296095166,0.0,0.8937529956862118,0.7149704425627097,0.8937529956862118,615,0.615,33,0.8937529956862118,0,629,445.48725834797835,0.25792740471869474,0.21154183252756434,0.0,0.6684815486993345,0.3983666061705989,0.6684815486993345,610,0.61,23,0.6684815486993345,0,629,257.9104658197217,0.17161809045226314,0.13909770091463577,0.0,0.3165829145728643,0.2763819095477386,0.3165829145728643,604,0.604,627,0.3165829145728643,0,629,171.49497487437367,0
4,60,2023-06-21,0.4864958459817842,0.3200460731412342,0.0,0.7277520370666241,0.7020290781274964,0.7277520370666241,704,0.704,684,0.7277520370666241,0,709,486.4687649784308,0.29630157289776027,0.1974037718515888,0.0,0.4909255898366606,0.4077434966727162,0.4909255898366606,700,0.7,208,0.4909255898366606,0,709,296.28523895946694,0.19694472361809257,0.13093621622714224,0.0,0.3165829145728643,0.2864321608040201,0.3165829145728643,694,0.694,707,0.3165829145728643,0,709,196.82160804020307,0
4,61,2023-06-21,0.32027033072375743,0.2995696223369756,0.0,0.6397986898865633,0.4760345103051606,0.6397986898865633,544,0.544,286,0.6397986898865633,0,549,320.25651062470104,0.22771778584392013,0.21369145174606513,0.0,0.5030248033877798,0.3741681790683605,0.5030248033877798,540,0.54,146,0.5030248033877798,0,549,227.70598911070837,0.1509296482412075,0.14137686825754572,0.0,0.3165829145728643,0.271356783919598,0.3165829145728643,533,0.533,547,0.3165829145728643,0,547,150.80653266331805,0
4,62,2023-06-21,0.3220277999680462,0.31450342972862005,0.0,0.6755072695318741,0.4715609522287905,0.6755072695318741,523,0.523,331,0.6755072695318741,0,529,322.0092666560157,0.20348306110102854,0.19966726928462364,0.0,0.5199637023593466,0.3221415607985481,0.5199637023593466,520,0.52,131,0.5199637023593466,0,529,203.47186932849337,0.14547738693467474,0.14156141012844928,0.0,0.3165829145728643,0.271356783919598,0.3165829145728643,514,0.514,527,0.3165829145728643,0,529,145.35427135678523,0
4,63,2023-06-21,0.37588033232145496,0.31235542603659583,0.0,0.6771848538105129,0.496564946477073,0.6771848538105129,603,0.603,219,0.6771848538105129,0,609,375.86175906694365,0.27427102238354645,0.23059012303928159,0.0,0.5807622504537205,0.4119782214156079,0.5807622504537205,600,0.6,143,0.5807622504537205,0,609,274.25967937084135,0.1683819095477405,0.13931275474722987,0.0,0.3165829145728643,0.2763819095477386,0.3165829145728643,594,0.594,607,0.3165829145728643,0,609,168.258793969851,0
4,64,2023-06-21,0.25505256430739726,0.27311899314469057,0.0,0.5849976034510305,0.0,0.5849976034510305,474,0.474,236,0.5849976034510305,0,479,255.03766576130332,0.1670774349667264,0.18106890155621244,0.0,0.4488808227465214,0.0,0.4488808227465214,470,0.47,182,0.4488808227465214,0,479,167.06775559588579,0.13985427135678485,0.1514321786466766,0.0,0.3266331658291457,0.0,0.3266331658291457,464,0.464,244,0.3266331658291457,0,479,139.73115577889538,0
4,64,2023-06-21,0.2701229429621341,0.2897889493349255,0.0,0.6152740054321777,0.0,0.6152740054321777,474,0.474,178,0.6152740054321777,0,479,270.1121185492897,0.16111524500907487,0.17418040928567444,0.0,0.4428312159709618,0.0,0.4428312159709618,470,0.47,134,0.4428312159709618,0,479,161.1101028433157,0.0,0.0,0.0,0.0,0.0,0.0,0,0.0,0,0.0,-1,-1,0.0,0
4,65,2023-06-21,0.31328295254832933,0.3053955676112796,0.0,0.6488256910049529,0.4706822176066464,0.6488256910049529,524,0.524,147,0.6488256910049529,0,529,313.27152899824256,0.195715063520871,0.1913006767545608,0.0,0.4519056261343013,0.3218390804597701,0.4519056261343013,520,0.52,134,0.4519056261343013,0,529,195.70795523291,0.0,0.0,0.0,0.0,0.0,0.0,0,0.0,0,0.0,-1,-1,0.0,0
4,66,2023-06-21,0.3641060872343822,0.3019599417612848,0.0,0.6511423550087874,0.4851413963891995,0.6511423550087874,603,0.603,418,0.6511423550087874,0,609,364.0933455823617,0.26796793708408934,0.22433249338095038,0.0,0.5414398064125832,0.3989715668481549,0.5414398064125832,600,0.6,141,0.5414398064125832,0,609,267.96264367816104,0.0,0.0,0.0,0.0,0.0,0.0,0,0.0,0,0.0,-1,-1,0.0,0
4,67,2023-06-21,0.2923518133887196,0.29588854183754865,0.0,0.6510624700431379,0.12761623262501995,0.6510624700431379,504,0.504,183,0.6510624700431379,0,509,292.3377935772483,0.20603720508167037,0.21032809735686422,0.0,0.5595886267392619,0.0087719298245614,0.5595886267392619,500,0.5,130,0.5595886267392619,0,509,206.0252571082877,0.15248241206030258,0.1553399281265838,0.0,0.3266331658291457,0.0,0.3266331658291457,494,0.494,189,0.3266331658291457,0,509,152.3592964824131,0
4,68,2023-06-21,0.2923318421473074,0.3144767249788591,0.0,0.6770250838792139,0.0,0.6770250838792139,474,0.474,275,0.6770250838792139,0,479,292.3159450391438,0.17516333938293974,0.19030974395437616,0.0,0.4428312159709618,0.0,0.4428312159709618,470,0.47,205,0.4428312159709618,0,479,175.15290381125266,0.13075879396985035,0.14065007590622938,0.0,0.3165829145728643,0.0,0.3165829145728643,464,0.464,477,0.3165829145728643,0,479,130.63567839196088,0
4,69,2023-06-21,0.31730595941843776,0.3095205446275564,0.0,0.6628055599936092,0.4717606646429141,0.6628055599936092,523,0.523,240,0.6628055599936092,0,529,317.2864674868193,0.19573411978221458,0.19172751088141296,0.0,0.4909255898366606,0.3188142770719903,0.4909255898366606,520,0.52,134,0.4909255898366606,0,529,195.7226255293407,0.14659296482412118,0.14270705767584443,0.0,0.3165829145728643,0.2663316582914573,0.3165829145728643,514,0.514,527,0.3165829145728643,0,529,146.46984924623158,0
4,70,2023-06-21,0.2880984182776797,0.31465579853614406,0.0,0.8113117111359642,0.0,0.8113117111359642,465,0.465,47,0.8113117111359642,0,479,288.0777680140586,0.19442861464004677,0.21803035465929668,0.0,0.647307924984876,0.0,0.647307924984876,460,0.46,30,0.647307924984876,0,479,194.41606170598826,0.0,0.0,0.0,0.0,0.0,0.0,0,0.0,0,0.0,-1,-1,0.0,0
4,71,2023-06-21,0.3651569739575009,0.30319916557393284,0.0,0.6637641795814028,0.4789902540341907,0.6637641795814028,603,0.603,609,0.6637641795814028,0,609,365.1400782872661,0.2537316999395042,0.2135662967309154,0.0,0.5090744101633394,0.3306110102843315,0.5090744101633394,600,0.6,179,0.5090744101633394,0,609,253.71975196612223,0.1685125628140713,0.1395670944896983,0.0,0.3165829145728643,0.271356783919598,0.3165829145728643,594,0.594,607,0.3165829145728643,0,609,168.3894472361818,0
4,72,2023-06-21,0.288157613037227,0.31473101267646636,0.0,0.8194599776322096,0.0,0.8194599776322096,465,0.465,17,0.8194599776322096,0,479,288.13676306119197,0.19513641863278933,0.22023891756277564,0.0,0.7226255293405929,0.0,0.7226255293405929,460,0.46,14,0.7226255293405929,0,479,195.12371445856064,0.0,0.0,0.0,0.0,0.0,0.0,0,0.0,0,0.0,-1,-1,0.0,0
4,73,2023-06-21,0.503766815785267,0.3321594816771099,0.0,0.7527560313149065,0.7290301965170155,0.7527560313149065,704,0.704,140,0.7527560313149065,0,709,503.74017414922383,0.34891772534785254,0.23362150328141687,0.0,0.6019358741681791,0.4649122807017544,0.6019358741681791,700,0.7,70,0.6019358741681791,0,709,348.9012401693879,0.19704020100502737,0.13097896001829948,0.0,0.3165829145728643,0.2864321608040201,0.3165829145728643,694,0.694,707,0.3165829145728643,0,709,196.91708542713778,0
4,74,2023-06-21,0.28820993768972625,0.3147967871701487,0.0,0.8117111359642115,0.0,0.8117111359642115,465,0.465,27,0.8117111359642115,0,479,288.18916759865755,0.19544010889292202,0.22038033163385634,0.0,0.7047791893526921,0.0,0.7047791893526921,460,0.46,14,0.7047791893526921,0,479,195.42770719903143,0.0,0.0,0.0,0.0,0.0,0.0,0,0.0,0,0.0,-1,-1,0.0,0
4,75,2023-06-21,0.4839688448633947,0.3180727061565682,0.0,0.721041699952069,0.6984342546732705,0.721041699952069,704,0.704,596,0.721041699952069,0,709,483.94060552804143,0.300896551724137,0.20066473777278904,0.0,0.4909255898366606,0.4134906231094978,0.4909255898366606,700,0.7,189,0.4909255898366606,0,709,300.8802177858434,0.1973165829145746,0.13123462117445683,0.0,0.3165829145728643,0.2864321608040201,0.3165829145728643,694,0.694,707,0.3165829145728643,0,709,197.19346733668513,0
4,76,2023-06-21,0.31095718165841163,0.3153456360512287,0.0,0.6741492251158332,0.14331362837513975,0.6741492251158332,504,0.504,337,0.6741492251158332,0,509,310.94392075411395,0.21134089534180275,0.21556585748793286,0.0,0.5323653962492438,0.0083182093163944,0.5323653962492438,500,0.5,147,0.5323653962492438,0,509,211.33045977011525,0.13974874371859422,0.14153557818058274,0.0,0.3165829145728643,0.0,0.3165829145728643,494,0.494,507,0.3165829145728643,0,509,139.62562814070472,0
4,77,2023-06-21,0.48354066144751295,0.3176862557360575,0.0,0.7164882569100496,0.6967566703946317,0.7164882569100496,704,0.704,129,0.7164882569100496,0,709,483.5124620546415,0.29647610405323527,0.19789969210096758,0.0,0.4818511796733212,0.4098608590441621,0.4818511796733212,700,0.7,189,0.4818511796733212,0,709,296.4618874773124,0.19689447236181126,0.13092307626113742,0.0,0.3165829145728643,0.2864321608040201,0.3165829145728643,694,0.694,707,0.3165829145728643,0,709,196.77135678392173,0
4,78,2023-06-21,0.48214594983224646,0.31680940703730254,0.0,0.7122543537306278,0.6953986259785908,0.7122543537306278,704,0.704,177,0.7122543537306278,0,709,482.12633807317667,0.2959506957047799,0.19773026157698761,0.0,0.4788263762855414,0.411070780399274,0.4788263762855414,700,0.7,191,0.4788263762855414,0,709,295.9404113732611,0.0,0.0,0.0,0.0,0.0,0.0,0,0.0,0,0.0,-1,-1,0.0,0
4,79,2023-06-21,0.3066911647227992,0.298313948171325,0.0,0.6367630611918836,0.4719603770570378,0.6367630611918836,524,0.524,138,0.6367630611918836,0,529,306.6774644511899,0.2196460980036297,0.21507495983304775,0.0,0.5444646098003629,0.367211131276467,0.5444646098003629,520,0.52,138,0.5444646098003629,0,529,219.63445251058704,0.1456281407035189,0.1417206238836075,0.0,0.3165829145728643,0.26884422110552764,0.3165829145728643,514,0.514,527,0.3165829145728643,0,529,145.50502512562934,0
4,80,2023-06-21,0.31342163284869834,0.3054509211208807,0.0,0.6500239654896949,0.4715609522287905,0.6500239654896949,524,0.524,501,0.6500239654896949,0,529,313.40889119667656,0.1940807622504535,0.19093677506111076,0.0,0.4519056261343013,0.3112522686025408,0.4519056261343013,520,0.52,141,0.4519056261343013,0,529,194.07546884452537,0.0,0.0,0.0,0.0,0.0,0.0,0,0.0,0,0.0,-1,-1,0.0,0
4,81,2023-06-21,0.31961072056238976,0.3119040460234408,0.0,0.6735101453906375,0.4740773286467487,0.6735101453906375,524,0.524,448,0.6735101453906375,0,529,319.59753954305717,0.21323532970356926,0.21114639865621795,0.0,0.5414398064125832,0.3012704174228675,0.5414398064125832,520,0.52,158,0.5414398064125832,0,529,213.22368421052656,0.1484221105527651,0.1448375723895468,0.0,0.3266331658291457,0.271356783919598,0.3266331658291457,514,0.514,455,0.3266331658291457,0,529,148.29899497487563,0
4,82,2023-06-21,0.36436571337274215,0.30193329839869265,0.0,0.6497843105927464,0.4841028918357565,0.6497843105927464,604,0.604,235,0.6497843105927464,0,609,364.35424988017246,0.23961070780399282,0.2013356205111587,0.0,0.4879007864488808,0.3324258923169993,0.4879007864488808,600,0.6,202,0.4879007864488808,0,609,239.60405323653964,0.0,0.0,0.0,0.0,0.0,0.0,0,0.0,0,0.0,-1,-1,0.0,0
4,83,2023-06-21,0.3280954625339507,0.3070822429449417,0.0,0.654337753634766,0.4798689886563348,0.654337753634766,544,0.544,467,0.654337753634766,0,549,328.08136283751384,0.2189367816091955,0.20505148657439617,0.0,0.484875983061101,0.3644888082274652,0.484875983061101,540,0.54,170,0.484875983061101,0,549,218.92543859649106,0.15089447236181053,0.14134323490275877,0.0,0.3165829145728643,0.271356783919598,0.3165829145728643,533,0.533,547,0.3165829145728643,0,547,150.77135678392108,0
4,84,2023-06-21,0.4144399265058304,0.3335318797477144,0.0,0.8890397827128934,0.6588911966767854,0.8890397827128934,615,0.615,48,0.8890397827128934,0,629,414.3998641955596,0.28874440411373364,0.23499034694849505,0.0,0.6987295825771325,0.4491833030852994,0.6987295825771325,610,0.61,48,0.6987295825771325,0,629,288.7267090139143,0.17344723618090463,0.14075032817884542,0.0,0.3165829145728643,0.271356783919598,0.3165829145728643,604,0.604,627,0.3165829145728643,0,629,173.32412060301507,1
4,85,2023-06-21,0.28922871065665395,0.293216334531444,0.0,0.6311711135964212,0.1237418117910209,0.6311711135964212,504,0.504,162,0.6311711135964212,0,509,289.2151302124933,0.19689322444041235,0.20639276364230855,0.0,0.5471869328493648,0.0084694494857834,0.5471869328493648,500,0.5,36,0.5471869328493648,0,509,196.88142770719963,0.15291457286432267,0.15586373925488597,0.0,0.3266331658291457,0.0,0.3266331658291457,494,0.494,167,0.3266331658291457,0,509,152.79145728643323,0
4,86,2023-06-21,0.43618964690845147,0.35002197343488234,0.0,0.886723118709059,0.6989135644671672,0.886723118709059,615,0.615,47,0.886723118709059,0,629,436.1479469563826,0.2664428312159727,0.21855453096624533,0.0,0.632183908045977,0.3889897156684815,0.632183908045977,610,0.61,37,0.632183908045977,0,629,266.4255898366612,0.17323115577889464,0.14051380525210871,0.0,0.3165829145728643,0.2763819095477386,0.3165829145728643,604,0.604,627,0.3165829145728643,0,629,173.10804020100505,0
4,87,2023-06-21,0.33105623901581643,0.29628734861363276,0.0,0.631650423390318,0.5003994248282473,0.631650423390318,564,0.564,138,0.631650423390318,0,569,331.04385684614124,0.2573756805807619,0.2327893624828578,0.0,0.5626134301270418,0.4013914095583787,0.5626134301270418,560,0.56,138,0.5626134301270418,0,569,257.3625226860252,0.15774371859296515,0.14205881004882112,0.0,0.3165829145728643,0.2663316582914573,0.3165829145728643,553,0.553,567,0.3165829145728643,0,567,157.6206030150754,0
4,88,2023-06-21,0.43802484422431565,0.3513818012212763,0.0,0.8888001278159451,0.7041060872343825,0.8888001278159451,615,0.615,43,0.8888001278159451,0,629,437.9830244448011,0.2644525105868116,0.21653589040842697,0.0,0.6019358741681791,0.382335148215366,0.6019358741681791,610,0.61,49,0.6019358741681791,0,629,264.43481548699384,0.17369849246231164,0.1408676038917978,0.0,0.3165829145728643,0.2763819095477386,0.3165829145728643,604,0.604,627,0.3165829145728643,0,629,173.57537688442181,0
4,89,2023-06-21,0.44385428982265357,0.3559538076013963,0.0,0.8969483943121904,0.7105767694519891,0.8969483943121904,615,0.615,45,0.8969483943121904,0,629,443.81211056079144,0.2643215366001212,0.2151146908815102,0.0,0.5626134301270418,0.3926194797338173,0.5626134301270418,610,0.61,48,0.5626134301270418,0,629,264.3039927404719,0.1707839195979918,0.13843813471549932,0.0,0.3165829145728643,0.2763819095477386,0.3165829145728643,604,0.604,627,0.3165829145728643,0,629,170.66080402010232,0
4,90,2023-06-21,0.30541612078606795,0.3093063506605153,0.0,0.6696756670394631,0.14834638121105603,0.6696756670394631,504,0.504,158,0.6696756670394631,0,509,305.401701549769,0.2079013914095586,0.21210830767773717,0.0,0.5232909860859044,0.0081669691470054,0.5232909860859044,500,0.5,148,0.5232909860859044,0,509,207.89125831820957,0.15365829145728752,0.1564466088661621,0.0,0.3266331658291457,0.0,0.3266331658291457,494,0.494,164,0.3266331658291457,0,509,153.53517587939803,0
4,91,2023-06-21,0.3091366032912604,0.3133570701884982,0.0,0.6744687649784311,0.14011822974916116,0.6744687649784311,504,0.504,166,0.6744687649784311,0,509,309.1233823294459,0.21010828796128306,0.21382918793286257,0.0,0.5381125226860254,0.0083182093163944,0.5381125226860254,500,0.5,136,0.5381125226860254,0,509,210.0978523895947,0.15315577889447343,0.15595997871807654,0.0,0.3266331658291457,0.0,0.3266331658291457,494,0.494,175,0.3266331658291457,0,509,153.03266331658395,0
4,92,2023-06-21,0.3112740853171435,0.31591479624926533,0.0,0.6763061191883688,0.1490653459019012,0.6763061191883688,504,0.504,398,0.6763061191883688,0,509,311.2607844703628,0.2098396854204479,0.21459679461462414,0.0,0.5323653962492438,0.0083182093163944,0.5323653962492438,500,0.5,144,0.5323653962492438,0,509,209.8292498487602,0.13976884422110677,0.14155712035347923,0.0,0.3165829145728643,0.0,0.3165829145728643,494,0.494,507,0.3165829145728643,0,509,139.6457286432173,0
4,93,2023-06-21,0.3137482025882737,0.3186248540914255,0.0,0.6819779517494807,0.1490254034190765,0.6819779517494807,504,0.504,349,0.6819779517494807,0,509,313.7347819140446,0.21018572292800963,0.21496670709981205,0.0,0.514216575922565,0.00907441016333935,0.514216575922565,500,0.5,142,0.514216575922565,0,509,210.17362371445847,0.13993969849246357,0.14173855628558008,0.0,0.3165829145728643,0.0,0.3165829145728643,494,0.494,507,0.3165829145728643,0,509,139.8165829145741,0
4,94,2023-06-21,0.30443465409809845,0.30876697297589334,0.0,0.6636842946157533,0.14758747403738615,0.6636842946157533,504,0.504,184,0.6636842946157533,0,509,304.4203147467646,0.2079618874773142,0.2124896559111573,0.0,0.5263157894736842,0.0081669691470054,0.5263157894736842,500,0.5,157,0.5263157894736842,0,509,207.9505444646098,0.15267336683417193,0.15547498934331866,0.0,0.3266331658291457,0.0,0.3266331658291457,494,0.494,189,0.3266331658291457,0,509,152.55025125628245,0
4,95,2023-06-21,0.3643427863876011,0.3018811799572814,0.0,0.65074293018054,0.4822655376258188,0.65074293018054,604,0.604,485,0.65074293018054,0,609,364.3300447355802,0.2344385964912283,0.19849504195875373,0.0,0.4488808227465214,0.28796128251663633,0.4488808227465214,600,0.6,235,0.4488808227465214,0,609,234.43330308529949,0.0,0.0,0.0,0.0,0.0,0.0,0,0.0,0,0.0,-1,-1,0.0,0
4,96,2023-06-21,0.32816959578207283,0.294289855918417,0.0,0.6270170953826489,0.4819459977632209,0.6270170953826489,564,0.564,290,0.6270170953826489,0,569,328.15609522287855,0.25484089534180243,0.23029345310417948,0.0,0.5505142165759226,0.4013914095583787,0.5505142165759226,560,0.56,133,0.5505142165759226,0,569,254.829098608591,0.1580452261306537,0.1422859329306006,0.0,0.3165829145728643,0.271356783919598,0.3165829145728643,553,0.553,567,0.3165829145728643,0,567,157.92211055276408,0
4,97,2023-06-21,0.45872895031155225,0.367717333023638,0.0,0.9009426425946636,0.7348617990094264,0.9009426425946636,615,0.615,44,0.9009426425946636,0,629,458.6883288065184,0.2660783424077438,0.21631184196963657,0.0,0.5263157894736842,0.4044162129461585,0.5263157894736842,610,0.61,48,0.5263157894736842,0,629,266.0607985480947,0.1717336683417104,0.13917115819178436,0.0,0.3165829145728643,0.2814070351758794,0.3165829145728643,604,0.604,627,0.3165829145728643,0,629,171.61055276382092,0
4,98,2023-06-21,0.27650766895670226,0.29724994477220756,0.0,0.6506630452148906,0.0,0.6506630452148906,474,0.474,201,0.6506630452148906,0,479,276.4923709857798,0.18627283726557753,0.20273953121944957,0.0,0.514216575922565,0.0,0.514216575922565,470,0.47,181,0.514216575922565,0,479,186.2607380520266,0.131175879396986,0.14108913275025,0.0,0.3165829145728643,0.0,0.3165829145728643,464,0.464,477,0.3165829145728643,0,479,131.05276381909655,0
4,99,2023-06-21,0.4476322096181488,0.33036347769766583,0.0,0.8829685253235341,0.6751877296692762,0.8829685253235341,655,0.655,43,0.8829685253235341,0,659,447.59066943601067,0.25533605565637824,0.19729591655320122,0.0,0.6382335148215366,0.3351482153660012,0.6382335148215366,650,0.65,46,0.6382335148215366,0,659,255.31866303690114,0.18550753768844291,0.13818336607760903,0.0,0.3165829145728643,0.2864321608040201,0.3165829145728643,644,0.644,657,0.3165829145728643,0,659,185.38442211055317,0
4,100,2023-06-21,0.31283943121904495,0.3050204217219568,0.0,0.6515417798370347,0.4668477392554721,0.6515417798370347,524,0.524,272,0.6515417798370347,0,529,312.8253315226076,0.22413853599516062,0.22012193558601123,0.0,0.5381125226860254,0.3608590441621294,0.5381125226860254,520,0.52,132,0.5381125226860254,0,529,224.12704174228685,0.1458040201005039,0.1418948822087344,0.0,0.3165829145728643,0.271356783919598,0.3165829145728643,514,0.514,527,0.3165829145728643,0,529,145.68090452261438,0
4,101,2023-06-21,0.5533977472439704,0.32090602100756166,0.0,0.8935133407892635,0.7323054801086436,0.8935133407892635,755,0.755,34,0.8935133407892635,0,769,553.3574852212793,0.3702937084089543,0.22989517332930703,0.0,0.8499697519661222,0.4364791288566243,0.8499697519661222,750,0.75,27,0.8499697519661222,0,769,370.2770719903207,0.21467839195979938,0.12828813658611493,0.0,1.0,0.2864321608040201,1.0,744,0.744,198,1.0,0,769,214.55527638190952,0
4,102,2023-06-21,0.32317950151781444,0.3020422903643047,0.0,0.6494647707301486,0.4813868030036747,0.6494647707301486,544,0.544,282,0.6494647707301486,0,549,323.16552164882586,0.23130157289776168,0.21815929207531917,0.0,0.5381125226860254,0.3714458560193587,0.5381125226860254,540,0.54,182,0.5381125226860254,0,549,231.2900786448882,0.1511859296482427,0.14133263910324062,0.0,0.3165829145728643,0.271356783919598,0.3165829145728643,534,0.534,547,0.3165829145728643,0,549,151.06281407035323,0
4,103,2023-06-21,0.5044623741811808,0.3092854343590692,0.0,0.8935133407892635,0.6797411727112957,0.8935133407892635,734,0.734,30,0.8935133407892635,0,749,504.42211215849085,0.36558953418027734,0.24401851561444987,0.0,0.9159104658197216,0.4434361766485178,0.9159104658197216,730,0.73,30,0.9159104658197216,0,749,365.5715366001204,0.2234723618090473,0.1394670327746998,0.0,0.3266331658291457,0.2964824120603015,0.3266331658291457,724,0.724,306,0.3266331658291457,0,749,223.34924623115782,0
4,104,2023-06-21,0.37236347659370544,0.3090957929064138,0.0,0.6690365873142674,0.4853810512861479,0.6690365873142674,604,0.604,598,0.6690365873142674,0,609,372.3438248921556,0.23662250453720512,0.20168637513576723,0.0,0.4667271627344223,0.2773744706594071,0.4667271627344223,600,0.6,241,0.4667271627344223,0,609,236.61252268602533,0.16726633165829327,0.13869749138434442,0.0,0.3165829145728643,0.2763819095477386,0.3165829145728643,593,0.593,607,0.3165829145728643,0,607,167.1432160804038,0
4,105,2023-06-21,0.49594943281674086,0.3264788995910401,0.0,0.746125579166001,0.7139319380092667,0.746125579166001,704,0.704,548,0.746125579166001,0,709,495.92167279118115,0.3014416212946147,0.2020317021861437,0.0,0.4818511796733212,0.4174228675136116,0.4818511796733212,700,0.7,198,0.4818511796733212,0,709,301.4274047186922,0.19680402010050485,0.13087004667585786,0.0,0.3165829145728643,0.2864321608040201,0.3165829145728643,694,0.694,707,0.3165829145728643,0,709,196.68090452261538,0
4,106,2023-06-21,0.4493288864035843,0.32406370938384427,0.0,0.7138520530436172,0.67462853490973,0.7138520530436172,664,0.664,382,0.7138520530436172,0,679,449.30092666560125,0.2700157289776161,0.19928658687424913,0.0,0.5060496067755595,0.3684210526315789,0.5060496067755595,660,0.66,156,0.5060496067755595,0,679,270.0009074410167,0.18529648241206226,0.13501906841118944,0.0,0.3165829145728643,0.2864321608040201,0.3165829145728643,654,0.654,677,0.3165829145728643,0,679,185.17336683417278,0
4,107,2023-06-21,0.48224612557916685,0.31752435218294534,0.0,0.7258347978910369,0.697315865154178,0.7258347978910369,704,0.704,175,0.7258347978910369,0,709,482.21768653139526,0.33679370840895245,0.2274618782818973,0.0,0.5683605565638233,0.4437386569872958,0.5683605565638233,700,0.7,232,0.5683605565638233,0,709,336.77934059286133,0.1983115577889455,0.13197119440094623,0.0,0.3165829145728643,0.2864321608040201,0.3165829145728643,694,0.694,707,0.3165829145728643,0,709,198.18844221105584,0
4,108,2023-06-21,0.44771385205304365,0.29591853356098846,0.0,0.6817382968525324,0.6523406294935293,0.6817382968525324,703,0.703,135,0.6817382968525324,0,709,447.6898066783822,0.3481049606775562,0.23275727589140047,0.0,0.6079854809437386,0.4767090139140956,0.6079854809437386,700,0.7,145,0.6079854809437386,0,709,348.0919540229885,0.218070351758796,0.1462146793459917,0.0,0.3266331658291457,0.3266331658291457,0.3266331658291457,694,0.694,159,0.3266331658291457,0,709,217.94723618090651,0
4,109,2023-06-21,0.47612390158172496,0.3129727298849718,0.0,0.7162486020131011,0.682537146509027,0.7162486020131011,704,0.704,246,0.7162486020131011,0,709,476.09865793257933,0.3031709013914085,0.20241157425823952,0.0,0.4939503932244404,0.4162129461584997,0.4939503932244404,700,0.7,336,0.4939503932244404,0,709,303.1544162129462,0.19763819095477486,0.1315123572658995,0.0,0.3165829145728643,0.2763819095477386,0.3165829145728643,694,0.694,707,0.3165829145728643,0,709,197.51507537688497,0
4,110,2023-06-21,0.49415154177983533,0.3250896766081754,0.0,0.7389359322575492,0.7128934334558236,0.7389359322575492,704,0.704,284,0.7389359322575492,0,709,494.12402140917146,0.29745735027223147,0.20037340557955943,0.0,0.4939503932244404,0.4104658197217181,0.4939503932244404,700,0.7,334,0.4939503932244404,0,709,297.4408650937696,0.1966532663316598,0.13083269897596425,0.0,0.3165829145728643,0.2763819095477386,0.3165829145728643,694,0.694,707,0.3165829145728643,0,709,196.53015075377004,0
4,111,2023-06-21,0.31802005112637716,0.32338057764289574,0.0,0.6997124141236619,0.14678862438089152,0.6997124141236619,504,0.504,267,0.6997124141236619,0,509,318.0063508547698,0.21151119177253466,0.21756894078480102,0.0,0.5353901996370236,0.0083182093163944,0.5353901996370236,500,0.5,157,0.5353901996370236,0,509,211.49969751966137,0.13974371859296608,0.14152903194097524,0.0,0.3165829145728643,0.0,0.3165829145728643,494,0.494,507,0.3165829145728643,0,509,139.6206030150766,0
4,112,2023-06-21,0.43264706822175925,0.34729705626765806,0.0,0.8876018533312031,0.6926825371465091,0.8876018533312031,615,0.615,16,0.8876018533312031,0,619,432.6105208499758,0.2635680580762256,0.21476122058563038,0.0,0.5381125226860254,0.3926194797338173,0.5381125226860254,610,0.61,40,0.5381125226860254,0,619,263.55021173623726,0.17309547738693495,0.140734300652746,0.0,0.3165829145728643,0.271356783919598,0.3165829145728643,604,0.604,617,0.3165829145728643,0,619,172.9723618090454,0
4,113,2023-06-21,0.30039495127017074,0.3042158768607157,0.0,0.6758268093944719,0.14443201789423227,0.6758268093944719,504,0.504,259,0.6758268093944719,0,509,300.3817303083564,0.19352692075015054,0.20106682073184123,0.0,0.5290381125226861,0.0102843315184513,0.5290381125226861,500,0.5,189,0.5290381125226861,0,509,193.5155777374457,0.14928643216080506,0.15211601738602207,0.0,0.3266331658291457,0.0,0.3266331658291457,494,0.494,264,0.3266331658291457,0,509,149.16331658291557,0
4,114,2023-06-21,0.4259106087234375,0.34213978366345077,0.0,0.8907173669915321,0.6810992171273367,0.8907173669915321,615,0.615,24,0.8907173669915321,0,619,425.87046652819913,0.26416575922564994,0.21477893933235168,0.0,0.5505142165759226,0.397156684815487,0.5505142165759226,610,0.61,38,0.5505142165759226,0,619,264.1485178463403,0.17237185929648255,0.14016270761671684,0.0,0.3165829145728643,0.271356783919598,0.3165829145728643,604,0.604,617,0.3165829145728643,0,619,172.24874371859303,0
4,115,2023-06-21,0.26011679181977976,0.27899027624291434,0.0,0.5927464451190286,0.0,0.5927464451190286,474,0.474,173,0.5927464451190286,0,479,260.1028119507907,0.18123290986085905,0.1945997764918197,0.0,0.4458560193587417,0.0,0.4458560193587417,470,0.47,19,0.4458560193587417,0,479,181.22156684815508,0.13127638190954827,0.14129904695784445,0.0,0.3165829145728643,0.0,0.3165829145728643,464,0.464,477,0.3165829145728643,0,479,131.15326633165876,0
4,116,2023-06-21,0.26315761303722623,0.28267405085001984,0.0,0.6099217127336636,0.0,0.6099217127336636,474,0.474,293,0.6099217127336636,0,479,263.14327368589176,0.18641349062310975,0.20026023207635643,0.0,0.4367816091954023,0.0,0.4367816091954023,470,0.47,166,0.4367816091954023,0,479,186.40154264972762,0.13123618090452344,0.14126347156922095,0.0,0.3165829145728643,0.0,0.3165829145728643,464,0.464,477,0.3165829145728643,0,479,131.11306532663394,0
4,117,2023-06-21,0.3445422591468278,0.31034640149162607,0.0,0.6830164563029237,0.4848218565266017,0.6830164563029237,564,0.564,295,0.6830164563029237,0,569,344.52887841508254,0.2724788263762866,0.24759731044888844,0.0,0.5955837870538415,0.4322444041137326,0.5955837870538415,560,0.56,188,0.5955837870538415,0,569,272.4671808832419,0.16725125628140844,0.1514447240140993,0.0,0.3266331658291457,0.271356783919598,0.3266331658291457,553,0.553,302,0.3266331658291457,0,567,167.128140703519,0
4,118,2023-06-21,0.5210607125738932,0.2939318800768553,0.0,0.7387761623262502,0.6836555360281195,0.7387761623262502,764,0.764,391,0.7387761623262502,0,769,521.0317542738466,0.32998669086509397,0.1976027873541724,0.0,0.5747126436781609,0.4168179068360556,0.5747126436781609,760,0.76,384,0.5747126436781609,0,769,329.9721718088327,0.21380402010050378,0.12282498686977594,0.0,0.3165829145728643,0.2864321608040201,0.3165829145728643,753,0.753,767,0.3165829145728643,0,767,213.6809045226142,0
4,119,2023-06-21,0.3436545774085323,0.30840806030345136,0.0,0.6594503914363317,0.5016775842786387,0.6594503914363317,564,0.564,212,0.6594503914363317,0,569,343.6416759865793,0.27308136721113146,0.24783162148747384,0.0,0.6046581972171808,0.4198427102238354,0.6046581972171808,560,0.56,158,0.6046581972171808,0,569,273.06957047791946,0.15649748743718753,0.1408101310909603,0.0,0.3165829145728643,0.271356783919598,0.3165829145728643,553,0.553,567,0.3165829145728643,0,567,156.37437185929804,0
4,120,2023-06-21,0.2773907173669919,0.29944359488095224,0.0,0.6735101453906375,0.0,0.6735101453906375,474,0.474,416,0.6735101453906375,0,479,277.3775363476595,0.22067090139140935,0.23852097740867562,0.0,0.5626134301270418,0.0,0.5626134301270418,470,0.47,136,0.5626134301270418,0,479,220.66001209921387,0.13302512562814175,0.1435048852112464,0.0,0.3266331658291457,0.0,0.3266331658291457,464,0.464,423,0.3266331658291457,0,479,132.90201005025227,0
4,121,2023-06-21,0.5745156574532692,0.33210539233345787,0.0,0.8911167918197795,0.7583479789103691,0.8911167918197795,755,0.755,24,0.8911167918197795,0,779,574.4737577887839,0.30786600120992275,0.19149671744440705,0.0,0.5716878402903811,0.3563218390804598,0.5716878402903811,750,0.75,221,0.5716878402903811,0,779,307.8481548699343,0.2278341708542734,0.1355592328968974,0.0,0.3266331658291457,0.2964824120603015,0.3266331658291457,743,0.743,367,0.3266331658291457,0,777,227.71105527638397,0
4,122,2023-06-21,0.3051240613516538,0.28433948378010054,0.0,0.6004154018213772,0.4744368109921713,0.6004154018213772,544,0.544,260,0.6004154018213772,0,549,305.11467486818964,0.22217029643073197,0.20993831598448565,0.0,0.5232909860859044,0.3590441621294616,0.5232909860859044,540,0.54,180,0.5232909860859044,0,549,222.16212946158475,0.0,0.0,0.0,0.0,0.0,0.0,0,0.0,0,0.0,-1,-1,0.0,0
4,123,2023-06-21,0.2816682377376573,0.2841652856804188,0.0,0.6001757469244289,0.1411567343026042,0.6001757469244289,504,0.504,255,0.6001757469244289,0,509,281.65765297970955,0.17712885662432024,0.17985257268057311,0.0,0.4337568058076225,0.0068058076225045,0.4337568058076225,500,0.5,145,0.4337568058076225,0,509,177.12038717483395,0.0,0.0,0.0,0.0,0.0,0.0,0,0.0,0,0.0,-1,-1,0.0,0
4,124,2023-06-21,0.34261151941204643,0.30820240822354883,0.0,0.673270490493689,0.4884166799808276,0.673270490493689,564,0.564,200,0.673270490493689,0,569,342.5983383927146,0.2784697519661219,0.2530712352580326,0.0,0.632183908045977,0.426194797338173,0.632183908045977,560,0.56,170,0.632183908045977,0,569,278.45871143375706,0.1566432160804036,0.14093344601675126,0.0,0.3165829145728643,0.271356783919598,0.3165829145728643,553,0.553,567,0.3165829145728643,0,567,156.52010050251414,0
4,125,2023-06-21,0.2675242850295566,0.2867746200759931,0.0,0.6171912446077649,0.0,0.6171912446077649,474,0.474,141,0.6171912446077649,0,479,267.5085876338065,0.1845429522081064,0.2009811301475432,0.0,0.5290381125226861,0.0,0.5290381125226861,470,0.47,135,0.5290381125226861,0,479,184.53266787658794,0.1332211055276381,0.14340319954399114,0.0,0.3165829145728643,0.0,0.3165829145728643,464,0.464,477,0.3165829145728643,0,479,133.09798994974864,0
4,126,2023-06-21,0.2816686371624856,0.28414262604146956,0.0,0.6020131011343665,0.14279437609841825,0.6020131011343665,504,0.504,196,0.6020131011343665,0,509,281.6580124620555,0.18000846944948617,0.1817771133418711,0.0,0.4065335753176043,0.0071082879612825,0.4065335753176043,500,0.5,139,0.4065335753176043,0,509,180.00136116152387,0.0,0.0,0.0,0.0,0.0,0.0,0,0.0,0,0.0,-1,-1,0.0,0
4,127,2023-06-21,0.29733855248442115,0.30077116108281315,0.0,0.6391596101613676,0.1378015657453267,0.6391596101613676,504,0.504,289,0.6391596101613676,0,509,297.32353411088025,0.217721718088324,0.22217677428429652,0.0,0.5444646098003629,0.0084694494857834,0.5444646098003629,500,0.5,26,0.5444646098003629,0,509,217.7121899576529,0.13919597989949872,0.14102099860454378,0.0,0.3165829145728643,0.0,0.3165829145728643,494,0.494,507,0.3165829145728643,0,509,139.07286432160925,0
4,128,2023-06-21,0.27823941524205276,0.2990743375678405,0.0,0.6429940885125419,0.0,0.6429940885125419,474,0.474,338,0.6429940885125419,0,479,278.22431698354353,0.16926799758015793,0.1843697107032942,0.0,0.4337568058076225,0.0,0.4337568058076225,470,0.47,188,0.4337568058076225,0,479,169.25604960677563,0.1360452261306542,0.14728725262043377,0.0,0.3266331658291457,0.0,0.3266331658291457,463,0.463,346,0.3266331658291457,0,477,135.92211055276476,0
4,129,2023-06-21,0.30074716408371827,0.30396389287300674,0.0,0.6575331522607445,0.1546972359801885,0.6575331522607445,504,0.504,154,0.6575331522607445,0,509,300.7329845023168,0.21236388384755012,0.22043221044615582,0.0,0.5090744101633394,0.00892316999395035,0.5090744101633394,500,0.5,198,0.5090744101633394,0,509,212.35087719298238,0.14058291457286393,0.14259226070976933,0.0,0.3165829145728643,0.0,0.3165829145728643,494,0.494,507,0.3165829145728643,0,509,140.45979899497442,0
4,130,2023-06-21,0.29189559034989576,0.295801103286485,0.0,0.6288544495925866,0.1306918038025243,0.6288544495925866,504,0.504,353,0.6288544495925866,0,509,291.88081163125077,0.21987053841500273,0.22435912367865998,0.0,0.5626134301270418,0.0087719298245614,0.5626134301270418,500,0.5,32,0.5626134301270418,0,509,219.8607078039929,0.13992964824120727,0.14182612855585838,0.0,0.3165829145728643,0.0,0.3165829145728643,494,0.494,507,0.3165829145728643,0,509,139.8065326633178,0
4,131,2023-06-21,0.3111509027001115,0.31565468132758967,0.0,0.6855727752037066,0.15589551046493044,0.6855727752037066,504,0.504,208,0.6855727752037066,0,509,311.1361239814668,0.2157332123411976,0.22508595283849334,0.0,0.5381125226860254,0.0083182093163944,0.5381125226860254,500,0.5,255,0.5381125226860254,0,509,215.72171808832445,0.1396834170854284,0.14149399195317247,0.0,0.3165829145728643,0.0,0.3165829145728643,494,0.494,507,0.3165829145728643,0,509,139.56030150753887,0
4,132,2023-06-21,0.27665146189487066,0.29719085674240164,0.0,0.6379613356766256,0.0,0.6379613356766256,474,0.474,176,0.6379613356766256,0,479,276.6364834638115,0.20764428312159705,0.22387807494946604,0.0,0.5353901996370236,0.0,0.5353901996370236,470,0.47,159,0.5353901996370236,0,479,207.63384754990935,0.1317487437185936,0.14174297275881817,0.0,0.3165829145728643,0.0,0.3165829145728643,464,0.464,477,0.3165829145728643,0,479,131.62562814070415,0
4,133,2023-06-21,0.23815793257708878,0.28232958726379365,0.0,0.6148745806039303,0.0,0.6148745806039303,424,0.424,375,0.6148745806039303,0,429,238.14343345582327,0.1652876588021779,0.19912364064457994,0.0,0.4969751966122202,0.0,0.4969751966122202,420,0.42,145,0.4969751966122202,0,429,165.2760133091349,0.11829648241205994,0.14100383590654503,0.0,0.3165829145728643,0.0,0.3165829145728643,414,0.414,427,0.3165829145728643,0,429,118.17336683417048,0
4,134,2023-06-21,0.27353690685412996,0.293310102649853,0.0,0.6253395111040102,0.0,0.6253395111040102,474,0.474,163,0.6253395111040102,0,479,273.523446237418,0.18032486388384766,0.19533423273170641,0.0,0.469751966122202,0.0,0.469751966122202,470,0.47,157,0.469751966122202,0,479,180.31291591046556,0.13147738693467437,0.1414494855797778,0.0,0.3165829145728643,0.0,0.3165829145728643,464,0.464,477,0.3165829145728643,0,479,131.35427135678492,0
4,135,2023-06-21,0.29852843904777143,0.32183778364873333,0.0,0.7001917239175587,0.0,0.7001917239175587,474,0.474,296,0.7001917239175587,0,479,298.5133407892636,0.20290623109497843,0.21981575692746605,0.0,0.5471869328493648,0.0,0.5471869328493648,470,0.47,129,0.5471869328493648,0,479,202.8967029643069,0.13058291457286544,0.14048581542902902,0.0,0.3165829145728643,0.0,0.3165829145728643,464,0.464,477,0.3165829145728643,0,479,130.45979899497593,0
5,0,2023-06-22,0.49609801885284965,0.32636235124069657,0.0,0.7432497204026203,0.714171592906215,0.7432497204026203,704,0.704,384,0.7432497204026203,0,709,496.0718165841176,0.31856533575317725,0.21366882178614124,0.0,0.5414398064125832,0.4201451905626134,0.5414398064125832,700,0.7,144,0.5414398064125832,0,709,318.55051421657686,0.1984020100502524,0.13195980626667247,0.0,0.3165829145728643,0.2864321608040201,0.3165829145728643,694,0.694,707,0.3165829145728643,0,709,198.27889447236277,0
5,1,2023-06-22,0.4774444799488737,0.3137480403114059,0.0,0.7227192842307077,0.6830164563029237,0.7227192842307077,704,0.704,699,0.7227192842307077,0,709,477.4161607285503,0.314674228675136,0.21080476016317737,0.0,0.5060496067755595,0.4343617664851785,0.5060496067755595,700,0.7,376,0.5060496067755595,0,709,314.65940713853576,0.19828140703517644,0.132014768849795,0.0,0.3165829145728643,0.2864321608040201,0.3165829145728643,694,0.694,707,0.3165829145728643,0,709,198.15829145728694,0
5,2,2023-06-22,0.4983216967566709,0.3281988583005962,0.0,0.7470841987537945,0.7207221600894712,0.7470841987537945,704,0.704,407,0.7470841987537945,0,709,498.29389678862384,0.31482970356926904,0.21014316023092083,0.0,0.5199637023593466,0.426194797338173,0.5199637023593466,700,0.7,150,0.5199637023593466,0,709,314.8135208711438,0.19734673366834407,0.13117849742589074,0.0,0.3165829145728643,0.2864321608040201,0.3165829145728643,694,0.694,707,0.3165829145728643,0,709,197.2236180904546,0
5,3,2023-06-22,0.312170554401662,0.3041155227703397,0.0,0.6625659050966608,0.4702827927783991,0.6625659050966608,523,0.523,134,0.6625659050966608,0,529,312.15110241252574,0.202577132486388,0.2019928742431909,0.0,0.5747126436781609,0.3200241984271022,0.5747126436781609,520,0.52,131,0.5747126436781609,0,529,202.56594071385308,0.14686934673366864,0.14299334447175502,0.0,0.3165829145728643,0.2663316582914573,0.3165829145728643,514,0.514,527,0.3165829145728643,0,529,146.74623115577896,0
5,4,2023-06-22,0.315039383288065,0.30719137684530395,0.0,0.6570538424668477,0.4715609522287905,0.6570538424668477,523,0.523,171,0.6570538424668477,0,529,315.02009106886084,0.19205747126436848,0.18920990826320613,0.0,0.5030248033877798,0.3070175438596491,0.5030248033877798,520,0.52,145,0.5030248033877798,0,529,192.04567453115587,0.14546733668341844,0.14155960811056822,0.0,0.3165829145728643,0.2663316582914573,0.3165829145728643,514,0.514,527,0.3165829145728643,0,529,145.34422110552896,0
5,5,2023-06-22,0.2890361080044731,0.2920321751103456,0.0,0.6346860520849976,0.1268972679341747,0.6346860520849976,504,0.504,265,0.6346860520849976,0,509,289.02120945837953,0.19601270417422786,0.20481786736737104,0.0,0.5381125226860254,0.01043557168784025,0.5381125226860254,500,0.5,131,0.5381125226860254,0,509,196.0012099213541,0.149467336683418,0.15259962612267705,0.0,0.3266331658291457,0.0,0.3266331658291457,493,0.493,271,0.3266331658291457,0,507,149.34422110552853,0
5,6,2023-06-22,0.30261135964211594,0.3069744111020231,0.0,0.6648825691004953,0.12773606007349408,0.6648825691004953,504,0.504,298,0.6648825691004953,0,509,302.59702029078085,0.20563006654567473,0.21355891326591334,0.0,0.5535390199637024,0.0086206896551724,0.5535390199637024,500,0.5,132,0.5535390199637024,0,509,205.61826981246244,0.14782914572864428,0.15057722292275583,0.0,0.3266331658291457,0.0,0.3266331658291457,494,0.494,304,0.3266331658291457,0,509,147.7060301507548,0
5,7,2023-06-22,0.486063828087554,0.3200376704691686,0.0,0.8918357565106247,0.6784630132609043,0.8918357565106247,705,0.705,47,0.8918357565106247,0,719,486.0253634765938,0.30066515426497364,0.20105420126843532,0.0,0.5716878402903811,0.4010889292196007,0.5716878402903811,700,0.7,47,0.5716878402903811,0,719,300.6460980036298,0.19962311557788967,0.13319231508672538,0.0,0.3165829145728643,0.2864321608040201,0.3165829145728643,694,0.694,717,0.3165829145728643,0,719,199.5,0
5,8,2023-06-22,0.3044714810672631,0.28434271618156004,0.0,0.6256590509666081,0.4612557916600096,0.6256590509666081,544,0.544,188,0.6256590509666081,0,549,304.45678223358277,0.20554869933454376,0.1944037198215764,0.0,0.514216575922565,0.3405928614640048,0.514216575922565,540,0.54,148,0.514216575922565,0,549,205.536600120992,0.1651055276381922,0.15539223077495692,0.0,0.3266331658291457,0.2663316582914573,0.3266331658291457,534,0.534,192,0.3266331658291457,0,549,164.98241206030275,0
5,9,2023-06-22,0.3054168397507593,0.3087618863571485,0.0,0.6639239495127017,0.14503115513660325,0.6639239495127017,504,0.504,139,0.6639239495127017,0,509,305.4011822974926,0.21460435571687864,0.21840210367966484,0.0,0.5535390199637024,0.0086206896551724,0.5535390199637024,500,0.5,129,0.5535390199637024,0,509,214.59467634603732,0.13933165829145855,0.1411440046002482,0.0,0.3165829145728643,0.0,0.3165829145728643,494,0.494,507,0.3165829145728643,0,509,139.20854271356905,0
5,10,2023-06-22,0.5115492091388381,0.33590438028434805,0.0,0.8907173669915321,0.7195238856047292,0.8907173669915321,705,0.705,22,0.8907173669915321,0,719,511.50730947435596,0.3067023593466417,0.20551662582128247,0.0,0.5090744101633394,0.4107683000604961,0.5090744101633394,700,0.7,49,0.5090744101633394,0,719,306.6843617664849,0.19640201005025346,0.1308640495308382,0.0,0.3165829145728643,0.2864321608040201,0.3165829145728643,694,0.694,717,0.3165829145728643,0,719,196.27889447236382,0
5,11,2023-06-22,0.30230196517015406,0.28239521979210697,0.0,0.6242211215849177,0.4553443042019492,0.6242211215849177,544,0.544,229,0.6242211215849177,0,549,302.2873062789582,0.20919842710223857,0.19751976820183004,0.0,0.5060496067755595,0.3505747126436782,0.5060496067755595,540,0.54,133,0.5060496067755595,0,549,209.18647912885623,0.16382914572864446,0.15417602967078572,0.0,0.3266331658291457,0.2663316582914573,0.3266331658291457,534,0.534,235,0.3266331658291457,0,549,163.706030150755,0
5,12,2023-06-22,0.314443361559354,0.29349419972558166,0.0,0.6324492730468126,0.4761942802364595,0.6324492730468126,544,0.544,327,0.6324492730468126,0,549,314.42850295574374,0.20726950998185129,0.19758894826732884,0.0,0.5172413793103449,0.3263762855414398,0.5172413793103449,540,0.54,133,0.5172413793103449,0,549,207.25937689050224,0.16077386934673438,0.151131851188042,0.0,0.3266331658291457,0.26884422110552764,0.3266331658291457,534,0.534,334,0.3266331658291457,0,549,160.65075376884494,0
5,13,2023-06-22,0.48443808915162123,0.3192979595376368,0.0,0.8915961016136763,0.6783032433296053,0.8915961016136763,705,0.705,34,0.8915961016136763,0,709,484.3979070139,0.2965084694494873,0.20294279332528234,0.0,0.6957047791893527,0.3898971566848155,0.6957047791893527,700,0.7,24,0.6957047791893527,0,709,296.4907743496666,0.19931658291457355,0.132594689116988,0.0,0.3165829145728643,0.2864321608040201,0.3165829145728643,694,0.694,707,0.3165829145728643,0,709,199.1934673366839,0
5,14,2023-06-22,0.2200921872503595,0.2722608088149493,0.0,0.6231027320658252,0.0,0.6231027320658252,404,0.404,199,0.6231027320658252,0,409,220.07876657613042,0.1358666061705985,0.17220728932341572,0.0,0.4909255898366606,0.0,0.4909255898366606,400,0.4,139,0.4909255898366606,0,409,135.85511191772488,0.11871356783919655,0.14826748970636291,0.0,0.3266331658291457,0.0,0.3266331658291457,394,0.394,205,0.3266331658291457,0,409,118.5904522613071,0
5,15,2023-06-22,0.31323893593225727,0.3053978559495481,0.0,0.6511423550087874,0.4673270490493689,0.6511423550087874,523,0.523,143,0.6511423550087874,0,529,313.2261942802369,0.19534815486993307,0.1923005213983026,0.0,0.4969751966122202,0.3130671506352087,0.4969751966122202,520,0.52,130,0.4969751966122202,0,529,195.34240774349672,0.0,0.0,0.0,0.0,0.0,0.0,0,0.0,0,0.0,-1,-1,0.0,0
5,16,2023-06-22,0.3342396548969479,0.31291171774194293,0.0,0.6822974916120786,0.4842626617670554,0.6822974916120786,544,0.544,266,0.6822974916120786,0,549,334.22495606326925,0.2160583787053836,0.20586326475871622,0.0,0.5290381125226861,0.3548094373865699,0.5290381125226861,540,0.54,142,0.5290381125226861,0,549,216.04703569267954,0.162311557788946,0.1526637797274305,0.0,0.3266331658291457,0.271356783919598,0.3266331658291457,534,0.534,272,0.3266331658291457,0,549,162.1884422110565,0
5,17,2023-06-22,0.31341540182137806,0.3054463325914936,0.0,0.6478670714171593,0.4700431378814507,0.6478670714171593,524,0.524,372,0.6478670714171593,0,529,313.40270011183975,0.18703599516031436,0.18296206758737604,0.0,0.4519056261343013,0.29340592861464,0.4519056261343013,520,0.52,136,0.4519056261343013,0,529,187.03070175438603,0.0,0.0,0.0,0.0,0.0,0.0,0,0.0,0,0.0,-1,-1,0.0,0
5,18,2023-06-22,0.25367319060552707,0.3018425118630659,0.0,0.6656015337913405,0.0,0.6656015337913405,424,0.424,305,0.6656015337913405,0,429,253.65885125419405,0.17080187537810027,0.20334621976072395,0.0,0.4667271627344223,0.0,0.4667271627344223,420,0.42,179,0.4667271627344223,0,429,170.7918935269208,0.11638693467336766,0.13887497035999738,0.0,0.3165829145728643,0.0,0.3165829145728643,414,0.414,427,0.3165829145728643,0,429,116.26381909547823,0
5,19,2023-06-22,0.24931522607445447,0.29610006583171966,0.0,0.6467486818980668,0.0,0.6467486818980668,424,0.424,211,0.6467486818980668,0,429,249.30000798849676,0.17304264972776756,0.2075060038684254,0.0,0.5199637023593466,0.0,0.5199637023593466,420,0.42,134,0.5199637023593466,0,429,173.0314579552325,0.11636180904522692,0.13882519270813645,0.0,0.3165829145728643,0.0,0.3165829145728643,414,0.414,427,0.3165829145728643,0,429,116.23869346733747,0
5,20,2023-06-22,0.2749952867870276,0.3022356033975156,0.0,0.649544655695798,0.0,0.649544655695798,463,0.463,153,0.649544655695798,0,469,274.9813069180383,0.168303387779794,0.18608511578236603,0.0,0.4818511796733212,0.0,0.4818511796733212,460,0.46,133,0.4818511796733212,0,469,168.29779189352703,0.0,0.0,0.0,0.0,0.0,0.0,0,0.0,0,0.0,-1,-1,0.0,0
5,21,2023-06-22,0.27720083080364305,0.3045337720854942,0.0,0.6599297012302284,0.0,0.6599297012302284,463,0.463,228,0.6599297012302284,0,469,277.1801405975398,0.1666518451300668,0.1831414122832918,0.0,0.4065335753176043,0.0,0.4065335753176043,460,0.46,138,0.4065335753176043,0,469,166.63989715668458,0.1284422110552772,0.14097661938044495,0.0,0.3165829145728643,0.0,0.3165829145728643,454,0.454,467,0.3165829145728643,0,469,128.31909547738772,0
5,22,2023-06-22,0.22809722000319524,0.2826925622603385,0.0,0.6210257229589391,0.0,0.6210257229589391,404,0.404,192,0.6210257229589391,0,409,228.0826409969643,0.14776920750151226,0.18440151426456972,0.0,0.4667271627344223,0.0,0.4667271627344223,400,0.4,152,0.4667271627344223,0,409,147.75635208711424,0.11143718592964862,0.13870630484612154,0.0,0.3165829145728643,0.0,0.3165829145728643,394,0.394,407,0.3165829145728643,0,409,111.3140703517592,0
5,23,2023-06-22,0.3154992810353097,0.3075553595042961,0.0,0.6554561431538585,0.4722000319539862,0.6554561431538585,523,0.523,175,0.6554561431538585,0,529,315.47994887362245,0.19218421052631549,0.18809337451609312,0.0,0.4277071990320629,0.2928009679370841,0.4277071990320629,520,0.52,182,0.4277071990320629,0,529,192.172565033273,0.14647236180904574,0.14260011202554593,0.0,0.3165829145728643,0.271356783919598,0.3165829145728643,514,0.514,527,0.3165829145728643,0,529,146.34924623115623,0
5,24,2023-06-22,0.24070522447675366,0.29904332443659437,0.0,0.6874101294136443,0.0,0.6874101294136443,404,0.404,196,0.6874101294136443,0,409,240.69040581562564,0.14462250453720477,0.18276536632628393,0.0,0.5232909860859044,0.0,0.5232909860859044,400,0.4,136,0.5232909860859044,0,409,144.60919540229884,0.11943718592964882,0.1489946084549811,0.0,0.3266331658291457,0.0,0.3266331658291457,394,0.394,202,0.3266331658291457,0,409,119.31407035175938,0
5,25,2023-06-22,0.3134042978111527,0.3053822246340337,0.0,0.6490653459019012,0.4709218725035948,0.6490653459019012,524,0.524,224,0.6490653459019012,0,529,313.39159610161363,0.1914104658197218,0.1896580732579003,0.0,0.4667271627344223,0.279340592861464,0.4667271627344223,520,0.52,161,0.4667271627344223,0,529,191.40502117362345,0.0,0.0,0.0,0.0,0.0,0.0,0,0.0,0,0.0,-1,-1,0.0,0
5,26,2023-06-22,0.2331002556318901,0.28912341639397293,0.0,0.6538584438408691,0.0,0.6538584438408691,404,0.404,224,0.6538584438408691,0,409,233.0861559354531,0.13752238354506954,0.17423768046750404,0.0,0.469751966122202,0.0,0.469751966122202,400,0.4,147,0.469751966122202,0,409,137.51043557168745,0.11823115577889506,0.1475186560917056,0.0,0.3266331658291457,0.0,0.3266331658291457,394,0.394,231,0.3266331658291457,0,409,118.10804020100562,0
5,27,2023-06-22,0.3133767374980032,0.3053733027363252,0.0,0.6500239654896949,0.4715609522287905,0.6500239654896949,524,0.524,300,0.6500239654896949,0,529,313.3627176865318,0.19220296430732,0.19195684473634905,0.0,0.4818511796733212,0.2713248638838475,0.4818511796733212,520,0.52,170,0.4818511796733212,0,529,192.19736842105326,0.0,0.0,0.0,0.0,0.0,0.0,0,0.0,0,0.0,-1,-1,0.0,0
5,28,2023-06-22,0.2408730627895827,0.28607987409200697,0.0,0.6219843425467327,0.0,0.6219843425467327,424,0.424,358,0.6219843425467327,0,429,240.85724556638417,0.16971052631578948,0.20222811285669257,0.0,0.469751966122202,0.0,0.469751966122202,420,0.42,168,0.469751966122202,0,429,169.70039322444012,0.11654271356783975,0.1391067994346358,0.0,0.3165829145728643,0.0,0.3165829145728643,414,0.414,427,0.3165829145728643,0,429,116.41959798995033,0
5,29,2023-06-22,0.31501046493049956,0.3069735692126527,0.0,0.6516216648026841,0.4720402620226873,0.6516216648026841,523,0.523,446,0.6516216648026841,0,529,314.98997443681117,0.19533061101028376,0.191650590911072,0.0,0.4398064125831821,0.2873563218390804,0.4398064125831821,520,0.52,173,0.4398064125831821,0,529,195.3203266787657,0.14543718592964938,0.14155847893899265,0.0,0.3165829145728643,0.2663316582914573,0.3165829145728643,514,0.514,527,0.3165829145728643,0,529,145.3140703517599,0
5,30,2023-06-22,0.47889559034989726,0.2999129054782262,0.0,0.6924428822495606,0.6679181977951749,0.6924428822495606,724,0.724,445,0.6924428822495606,0,729,478.87106566544213,0.2973058076225053,0.19017642898488865,0.0,0.4667271627344223,0.3950393224440411,0.4667271627344223,720,0.72,275,0.4667271627344223,0,729,297.2893224440412,0.20157788944723865,0.12775753175262142,0.0,0.3165829145728643,0.2864321608040201,0.3165829145728643,714,0.714,727,0.3165829145728643,0,729,201.45477386934917,0
5,31,2023-06-22,0.29920202907812793,0.30211742457574864,0.0,0.6501038504553444,0.14654896948394305,0.6501038504553444,504,0.504,229,0.6501038504553444,0,509,299.1867710496877,0.21763581367211013,0.22653207114701412,0.0,0.5562613430127041,0.0086206896551724,0.5562613430127041,500,0.5,219,0.5562613430127041,0,509,217.6238656987288,0.1446733668341718,0.14716669600566,0.0,0.3266331658291457,0.0,0.3266331658291457,494,0.494,386,0.3266331658291457,0,509,144.5502512562824,0
5,32,2023-06-22,0.4360070298769767,0.34996773902937295,0.0,0.8844064547052245,0.6970762102572295,0.8844064547052245,615,0.615,31,0.8844064547052245,0,629,435.9688848058794,0.2575995160314589,0.21453607130495114,0.0,0.5774349667271628,0.3272837265577737,0.5774349667271628,610,0.61,48,0.5774349667271628,0,629,257.5803085299455,0.1761206030150758,0.14335122742650927,0.0,0.3266331658291457,0.271356783919598,0.3266331658291457,604,0.604,532,0.3266331658291457,0,629,175.99748743718632,0
5,33,2023-06-22,0.30477776002556367,0.28371856393686706,0.0,0.5992970123022847,0.4794695638280875,0.5992970123022847,544,0.544,367,0.5992970123022847,0,549,304.7625019971235,0.22390381125226788,0.21134123619811898,0.0,0.469751966122202,0.3070175438596491,0.469751966122202,540,0.54,274,0.469751966122202,0,549,223.893678160919,0.15065326633165976,0.14088283620094189,0.0,0.3165829145728643,0.2663316582914573,0.3165829145728643,534,0.534,547,0.3165829145728643,0,549,150.53015075377027,0
5,34,2023-06-22,0.3742722479629323,0.31088188722106885,0.0,0.673590030356287,0.488656334877776,0.673590030356287,604,0.604,398,0.673590030356287,0,609,374.2537945358684,0.2489748941318812,0.2103278757115942,0.0,0.4909255898366606,0.3169993950393224,0.4909255898366606,600,0.6,205,0.4909255898366606,0,609,248.9633998790073,0.16823618090452444,0.13922877169393624,0.0,0.3165829145728643,0.2763819095477386,0.3165829145728643,594,0.594,607,0.3165829145728643,0,609,168.11306532663494,0
5,35,2023-06-22,0.3643667518772969,0.30193198718719844,0.0,0.6477073014858603,0.4819459977632209,0.6477073014858603,604,0.604,240,0.6477073014858603,0,609,364.3540102252757,0.24376043557168717,0.20619224571382797,0.0,0.4818511796733212,0.3033877797943133,0.4818511796733212,600,0.6,201,0.4818511796733212,0,609,243.75483968542,0.0,0.0,0.0,0.0,0.0,0.0,0,0.0,0,0.0,-1,-1,0.0,0
5,36,2023-06-22,0.3241489854609364,0.29073877844692086,0.0,0.6150343505352293,0.4775523246525004,0.6150343505352293,564,0.564,267,0.6150343505352293,0,569,324.14175587154455,0.25990320629159097,0.23573283602178377,0.0,0.5898366606170599,0.3998790078644888,0.5898366606170599,560,0.56,150,0.5898366606170599,0,569,259.89519056261315,0.0,0.0,0.0,0.0,0.0,0.0,0,0.0,0,0.0,-1,-1,0.0,0
5,37,2023-06-22,0.4628341588113109,0.2891747961759116,0.0,0.6666400383447835,0.6405176545774085,0.6666400383447835,724,0.724,615,0.6666400383447835,0,729,462.80412206422756,0.2907649727767705,0.1850578135540758,0.0,0.4519056261343013,0.3914095583787054,0.4519056261343013,720,0.72,266,0.4519056261343013,0,729,290.74984875982994,0.20261306532663476,0.1285416527472619,0.0,0.3165829145728643,0.2864321608040201,0.3165829145728643,714,0.714,727,0.3165829145728643,0,729,202.48994974874532,0
5,38,2023-06-22,0.437046013740214,0.35077639166832636,0.0,0.8857644991212654,0.6981945997763221,0.8857644991212654,615,0.615,22,0.8857644991212654,0,629,437.0025962613826,0.26628735632183975,0.21753790296845407,0.0,0.5716878402903811,0.3832425892316999,0.5716878402903811,610,0.61,49,0.5716878402903811,0,629,266.26950998185134,0.17313567839195962,0.14056704472699638,0.0,0.3165829145728643,0.2663316582914573,0.3165829145728643,604,0.604,627,0.3165829145728643,0,629,173.0125628140698,0
5,39,2023-06-22,0.23598410289183558,0.279725352091062,0.0,0.6086435532832721,0.0,0.6086435532832721,424,0.424,153,0.6086435532832721,0,429,235.96980348298433,0.15553266787658815,0.1869916648338132,0.0,0.4488808227465214,0.0,0.4488808227465214,420,0.42,153,0.4488808227465214,0,429,155.52132486388416,0.11745728643216059,0.1400316085483622,0.0,0.3165829145728643,0.0,0.3165829145728643,414,0.414,427,0.3165829145728643,0,429,117.33417085427116,0
5,40,2023-06-22,0.29594248282473157,0.29941363619683714,0.0,0.6445917878255313,0.15541620067103365,0.6445917878255313,504,0.504,372,0.6445917878255313,0,509,295.9285828407103,0.19898185117967318,0.20662391257901588,0.0,0.4727767695099819,0.00741076830006045,0.4727767695099819,500,0.5,332,0.4727767695099819,0,509,198.97081064730787,0.13946733668341832,0.1412648068805127,0.0,0.3165829145728643,0.0,0.3165829145728643,494,0.494,507,0.3165829145728643,0,509,139.34422110552887,0
5,41,2023-06-22,0.22745350694999178,0.2814037189920421,0.0,0.6140757309474357,0.0,0.6140757309474357,404,0.404,350,0.6140757309474357,0,409,227.44028598817604,0.148083182093164,0.18485992993027134,0.0,0.4458560193587417,0.0,0.4458560193587417,400,0.4,150,0.4458560193587417,0,409,148.07274652147595,0.11107537688442279,0.13787695564380362,0.0,0.3165829145728643,0.0,0.3165829145728643,394,0.394,407,0.3165829145728643,0,409,110.95226130653339,0
5,42,2023-06-22,0.23221129573414284,0.2876254735765196,0.0,0.6331682377376577,0.0,0.6331682377376577,404,0.404,261,0.6331682377376577,0,409,232.19639718804933,0.14771234119782187,0.18476902973659587,0.0,0.4519056261343013,0.0,0.4519056261343013,400,0.4,155,0.4519056261343013,0,409,147.70084694494872,0.11094472361809113,0.13770658978817818,0.0,0.3165829145728643,0.0,0.3165829145728643,394,0.394,407,0.3165829145728643,0,409,110.82160804020168,0
5,43,2023-06-22,0.4525405016775841,0.296872217222221,0.0,0.6719124460776482,0.6455504074133248,0.6719124460776482,704,0.704,664,0.6719124460776482,0,709,452.5115433775368,0.29002359346642476,0.19380213602455063,0.0,0.4758015728977616,0.3953418027828191,0.4758015728977616,700,0.7,261,0.4758015728977616,0,709,290.0086206896559,0.1972010050251273,0.1311911955685375,0.0,0.3165829145728643,0.28391959798994976,0.3165829145728643,694,0.694,707,0.3165829145728643,0,709,197.0778894472378,0
5,44,2023-06-22,0.462517494807474,0.30340043971704866,0.0,0.6829365713372744,0.6615274005432178,0.6829365713372744,704,0.704,188,0.6829365713372744,0,709,462.4893752995677,0.29503085299455584,0.19730404728515996,0.0,0.4788263762855414,0.4016938898971567,0.4788263762855414,700,0.7,228,0.4788263762855414,0,709,295.01588021778576,0.1965829145728667,0.13065883250609447,0.0,0.3165829145728643,0.2864321608040201,0.3165829145728643,694,0.694,707,0.3165829145728643,0,709,196.4597989949772,0
5,45,2023-06-22,0.31017878255312314,0.31496867816003793,0.0,0.6805400223677904,0.1427544336155935,0.6805400223677904,504,0.504,432,0.6805400223677904,0,509,310.15877136922836,0.20119449485783453,0.20976982026911695,0.0,0.4788263762855414,0.0084694494857834,0.4788263762855414,500,0.5,282,0.4788263762855414,0,509,201.18330308529943,0.1395678391959811,0.14139268801796026,0.0,0.3165829145728643,0.0,0.3165829145728643,494,0.494,507,0.3165829145728643,0,509,139.44472361809161,0
5,46,2023-06-22,0.31509817862278466,0.3215961055446735,0.0,0.7024285029557438,0.13824093305639873,0.7024285029557438,504,0.504,405,0.7024285029557438,0,509,315.07884646109613,0.197026013309135,0.20657509365368043,0.0,0.4788263762855414,0.0084694494857834,0.4788263762855414,500,0.5,382,0.4788263762855414,0,509,197.01482153659987,0.1383718592964837,0.1401774717736004,0.0,0.3165829145728643,0.0,0.3165829145728643,494,0.494,507,0.3165829145728643,0,509,138.2487437185942,0
5,47,2023-06-22,0.4997750439367294,0.32883582129191424,0.0,0.7475635085476914,0.721201469883368,0.7475635085476914,704,0.704,344,0.7475635085476914,0,709,499.7472040262022,0.29447580157289893,0.19767066316335158,0.0,0.484875983061101,0.3989715668481549,0.484875983061101,700,0.7,304,0.484875983061101,0,709,294.4596188747733,0.19692462311558026,0.13090800986876902,0.0,0.3165829145728643,0.2864321608040201,0.3165829145728643,694,0.694,707,0.3165829145728643,0,709,196.80150753769078,0
5,48,2023-06-22,0.27868022048250474,0.30016620343229955,0.0,0.6473877616232625,0.0,0.6473877616232625,474,0.474,314,0.6473877616232625,0,479,278.6675587154495,0.19928584392014337,0.21949244151699898,0.0,0.6291591046581972,0.0,0.6291591046581972,470,0.47,24,0.6291591046581972,0,479,199.2723835450692,0.1439748743718602,0.1559758196864516,0.0,0.3266331658291457,0.0,0.3266331658291457,463,0.463,151,0.3266331658291457,0,477,143.85175879397076,0
5,49,2023-06-22,0.2983297651382009,0.3165554605177533,0.0,0.9046972359801884,0.0,0.9046972359801884,486,0.486,14,0.9046972359801884,0,499,298.3067183256115,0.18755898366606166,0.20969193550731188,0.0,0.8194192377495463,0.0,0.8194192377495463,480,0.48,10,0.8194192377495463,0,499,187.54128856624254,0.0,0.0,0.0,0.0,0.0,0.0,0,0.0,0,0.0,-1,-1,0.0,0
5,50,2023-06-22,0.28393018054002156,0.3120427412436388,0.0,0.8551685572775204,0.0,0.8551685572775204,465,0.465,24,0.8551685572775204,0,479,283.90841188688216,0.1905066545674525,0.2162763305293246,0.0,0.7316999395039322,0.0,0.7316999395039322,460,0.46,14,0.7316999395039322,0,479,190.49092558983688,0.0,0.0,0.0,0.0,0.0,0.0,0,0.0,0,0.0,-1,-1,0.0,0
5,51,2023-06-22,0.28421976354050155,0.31222839815397246,0.0,0.869547851094424,0.0,0.869547851094424,466,0.466,59,0.869547851094424,0,479,284.1976354050157,0.17758166969146996,0.2033179453597485,0.0,0.7316999395039322,0.0,0.7316999395039322,460,0.46,13,0.7316999395039322,0,479,177.56594071385348,0.0,0.0,0.0,0.0,0.0,0.0,0,0.0,0,0.0,-1,-1,0.0,0
5,52,2023-06-22,0.31069867390956984,0.3023791365858621,0.0,0.6760664642914204,0.4745965809234702,0.6760664642914204,524,0.524,150,0.6760664642914204,0,529,310.6854529477555,0.2165774349667274,0.21162597962718918,0.0,0.5595886267392619,0.37189957652752564,0.5595886267392619,520,0.52,131,0.5595886267392619,0,529,216.5642770719902,0.16005527638191072,0.15692340134617647,0.0,0.3266331658291457,0.2663316582914573,0.3266331658291457,513,0.513,155,0.3266331658291457,0,527,159.93216080402127,0
5,53,2023-06-22,0.4356714331362824,0.3502164688020755,0.0,0.8872024285029557,0.6714331362837515,0.8872024285029557,615,0.615,39,0.8872024285029557,0,629,435.629693241732,0.26188535995160334,0.21328416898429406,0.0,0.5865093768905021,0.3911070780399274,0.5865093768905021,610,0.61,49,0.5865093768905021,0,629,261.8681185722927,0.17077386934673475,0.1385648431317538,0.0,0.3165829145728643,0.2663316582914573,0.3165829145728643,604,0.604,627,0.3165829145728643,0,629,170.65075376884528,0
5,54,2023-06-22,0.42166096820578486,0.33917072557344385,0.0,0.8935133407892635,0.6727112957341428,0.8935133407892635,615,0.615,44,0.8935133407892635,0,629,421.6189487138513,0.248857834240774,0.20544339551791815,0.0,0.4879007864488808,0.3590441621294616,0.4879007864488808,610,0.61,48,0.4879007864488808,0,629,248.84059286146396,0.17123115577889636,0.13877076854973283,0.0,0.3165829145728643,0.2763819095477386,0.3165829145728643,604,0.604,627,0.3165829145728643,0,629,171.10804020100687,0
5,55,2023-06-22,0.4295603930340287,0.3449454369228743,0.0,0.8890397827128934,0.6868509346540981,0.8890397827128934,615,0.615,45,0.8890397827128934,0,629,429.5185732545125,0.2547610405323659,0.2084017131685305,0.0,0.5090744101633394,0.3708408953418027,0.5090744101633394,610,0.61,45,0.5090744101633394,0,629,254.74304295220773,0.17161306532663426,0.1391546297633361,0.0,0.3165829145728643,0.2763819095477386,0.3165829145728643,604,0.604,627,0.3165829145728643,0,629,171.48994974874455,0
5,56,2023-06-22,0.4229929701230209,0.3399650865986627,0.0,0.8839271449113277,0.6724716408371945,0.8839271449113277,615,0.615,48,0.8839271449113277,0,629,422.95138999840276,0.25563944343617734,0.2082927078029731,0.0,0.5898366606170599,0.3793103448275862,0.5898366606170599,610,0.61,48,0.5898366606170599,0,629,255.6222020568664,0.17191959798995074,0.13947571405532264,0.0,0.3165829145728643,0.271356783919598,0.3165829145728643,604,0.604,627,0.3165829145728643,0,629,171.79648241206127,0
5,57,2023-06-22,0.4288437450071888,0.3443297536923699,0.0,0.8892794376098418,0.687010704585397,0.8892794376098418,615,0.615,47,0.8892794376098418,0,629,428.8019252276723,0.2550825771324865,0.20738976900316286,0.0,0.6046581972171808,0.3914095583787054,0.6046581972171808,610,0.61,49,0.6046581972171808,0,629,255.06488203266764,0.17220100502512672,0.1396325154204515,0.0,0.3165829145728643,0.2763819095477386,0.3165829145728643,604,0.604,627,0.3165829145728643,0,629,172.07788944723725,0
5,58,2023-06-22,0.30729733184214814,0.2995606551478106,0.0,0.6381211056079246,0.4667279118069979,0.6381211056079246,524,0.524,134,0.6381211056079246,0,529,307.28359162805566,0.22525650332728372,0.22039032017412286,0.0,0.5683605565638233,0.3699334543254688,0.5683605565638233,520,0.52,128,0.5683605565638233,0,529,225.24319419237716,0.15997487437186048,0.1569574300007942,0.0,0.3266331658291457,0.2663316582914573,0.3266331658291457,513,0.513,144,0.3266331658291457,0,527,159.85175879397102,0
5,59,2023-06-22,0.44144775523246454,0.35413069864336355,0.0,0.8939127656175108,0.7081802204825052,0.8939127656175108,615,0.615,40,0.8939127656175108,0,629,441.40745326729456,0.25733393829401147,0.21097074387184347,0.0,0.6594071385359952,0.3942831215970962,0.6594071385359952,610,0.61,23,0.6594071385359952,0,629,257.3159407138539,0.17180904522613205,0.13928374679828484,0.0,0.3165829145728643,0.2763819095477386,0.3165829145728643,604,0.604,627,0.3165829145728643,0,629,171.68592964824256,0
5,60,2023-06-22,0.4969508707461251,0.32696056105633864,0.0,0.7430100655056718,0.7197635405016776,0.7430100655056718,704,0.704,365,0.7430100655056718,0,709,496.9231906055279,0.29616515426497314,0.19756553033194926,0.0,0.4788263762855414,0.4035087719298245,0.4788263762855414,700,0.7,225,0.4788263762855414,0,709,296.1501814882034,0.19663316582914808,0.1306891234135872,0.0,0.3165829145728643,0.2864321608040201,0.3165829145728643,694,0.694,707,0.3165829145728643,0,709,196.5100502512586,0
5,61,2023-06-22,0.3127588272887034,0.2925135178151279,0.0,0.6288544495925866,0.46736699153219363,0.6288544495925866,544,0.544,266,0.6288544495925866,0,549,312.74528678702654,0.20644041137326147,0.19954270442739797,0.0,0.5444646098003629,0.3094373865698729,0.5444646098003629,540,0.54,132,0.5444646098003629,0,549,206.42876588021883,0.16627135678392085,0.15676122886955987,0.0,0.3266331658291457,0.2663316582914573,0.3266331658291457,533,0.533,150,0.3266331658291457,0,547,166.1482412060314,0
5,62,2023-06-22,0.3185894711615263,0.3108172525619196,0.0,0.6619268253714651,0.47164083719444,0.6619268253714651,523,0.523,256,0.6619268253714651,0,529,318.57125738935855,0.2041445856019357,0.2007361775358488,0.0,0.5353901996370236,0.32410768300060494,0.5353901996370236,520,0.52,136,0.5353901996370236,0,529,204.13309134906208,0.14546733668341844,0.14154961828634102,0.0,0.3165829145728643,0.271356783919598,0.3165829145728643,514,0.514,527,0.3165829145728643,0,529,145.34422110552896,1
5,63,2023-06-22,0.3707335836395587,0.30783424483659544,0.0,0.6666400383447835,0.4888959897747243,0.6666400383447835,603,0.603,196,0.6666400383447835,0,609,370.714011822975,0.27406896551724225,0.230123958635916,0.0,0.5807622504537205,0.4119782214156079,0.5807622504537205,600,0.6,139,0.5807622504537205,0,609,274.05762250453756,0.1683919597989968,0.13932163296192046,0.0,0.3165829145728643,0.2763819095477386,0.3165829145728643,594,0.594,607,0.3165829145728643,0,609,168.2688442211073,0
5,64,2023-06-22,0.266237498002876,0.285263609301618,0.0,0.6109602172871066,0.0,0.6109602172871066,474,0.474,176,0.6109602172871066,0,479,266.22188049209143,0.16421687840290317,0.1780556106738589,0.0,0.4367816091954023,0.0,0.4367816091954023,470,0.47,176,0.4367816091954023,0,479,164.2065940713848,0.13747738693467396,0.14869225613891432,0.0,0.3266331658291457,0.0,0.3266331658291457,464,0.464,315,0.3266331658291457,0,479,137.3542713567845,0
5,65,2023-06-22,0.31335109442402864,0.3053827760476548,0.0,0.6530595941843745,0.4712414123661926,0.6530595941843745,524,0.524,208,0.6530595941843745,0,529,313.33959098897657,0.19669630973986693,0.19228809239452735,0.0,0.4519056261343013,0.3218390804597701,0.4519056261343013,520,0.52,135,0.4519056261343013,0,529,196.69101633393856,0.0,0.0,0.0,0.0,0.0,0.0,0,0.0,0,0.0,-1,-1,0.0,0
5,66,2023-06-22,0.3642795973797733,0.3020085890062777,0.0,0.6523406294935293,0.4834638121105608,0.6523406294935293,604,0.604,213,0.6523406294935293,0,609,364.2668157852698,0.2613747731397459,0.21844067589512264,0.0,0.5232909860859044,0.3835450695704779,0.5232909860859044,600,0.6,167,0.5232909860859044,0,609,261.3697822141567,0.0,0.0,0.0,0.0,0.0,0.0,0,0.0,0,0.0,-1,-1,0.0,0
5,67,2023-06-22,0.29778654737178445,0.3017844787629392,0.0,0.6506630452148906,0.13264898546093626,0.6506630452148906,504,0.504,160,0.6506630452148906,0,509,297.77252756031334,0.19654960677556046,0.20332464097776548,0.0,0.5535390199637024,0.0086206896551724,0.5535390199637024,500,0.5,128,0.5535390199637024,0,509,196.53781004234702,0.15351758793969955,0.15635115346494588,0.0,0.3266331658291457,0.0,0.3266331658291457,494,0.494,165,0.3266331658291457,0,509,153.39447236181013,0
5,68,2023-06-22,0.27424796293337544,0.2942911924825406,0.0,0.6365234062949353,0.0,0.6365234062949353,474,0.474,255,0.6365234062949353,0,479,274.23302444479896,0.18031034482758623,0.19554759336948993,0.0,0.4579552329098608,0.0,0.4579552329098608,470,0.47,178,0.4579552329098608,0,479,180.300514216576,0.13123618090452335,0.1411969581663487,0.0,0.3165829145728643,0.0,0.3165829145728643,464,0.464,477,0.3165829145728643,0,479,131.11306532663386,0
5,69,2023-06-22,0.31531043297651334,0.3073149579903199,0.0,0.6568141875698994,0.4714011822974916,0.6568141875698994,523,0.523,144,0.6568141875698994,0,529,315.28986259786,0.19689836660617047,0.19287766876608117,0.0,0.4969751966122202,0.32380520266182694,0.4969751966122202,520,0.52,134,0.4969751966122202,0,529,196.88672111312775,0.14630150753768917,0.14241342598012463,0.0,0.3165829145728643,0.2663316582914573,0.3165829145728643,514,0.514,527,0.3165829145728643,0,529,146.1783919597996,0
5,70,2023-06-22,0.28817606646429095,0.3147165693034847,0.0,0.812989295414603,0.0,0.812989295414603,465,0.465,45,0.812989295414603,0,479,288.15537625818814,0.1941802782819131,0.21822340773279197,0.0,0.6530550514216575,0.0,0.6530550514216575,460,0.46,35,0.6530550514216575,0,479,194.16757410768335,0.0,0.0,0.0,0.0,0.0,0.0,0,0.0,0,0.0,-1,-1,0.0,0
5,71,2023-06-22,0.3704893752995692,0.30777861013296476,0.0,0.6675986579325771,0.4817063428662725,0.6675986579325771,604,0.604,314,0.6675986579325771,0,609,370.472359801885,0.25365910465819724,0.21420998903450927,0.0,0.5030248033877798,0.322746521476104,0.5030248033877798,600,0.6,198,0.5030248033877798,0,609,253.64730792498494,0.16772864321608222,0.13882896265439268,0.0,0.3165829145728643,0.271356783919598,0.3165829145728643,594,0.594,607,0.3165829145728643,0,609,167.6055276381927,0
5,72,2023-06-22,0.2881242211215847,0.31473160763099217,0.0,0.8218565266016936,0.0,0.8218565266016936,465,0.465,17,0.8218565266016936,0,479,288.1032912605851,0.1955450695704774,0.22122782922993797,0.0,0.7407743496672716,0.0,0.7407743496672716,460,0.46,11,0.7407743496672716,0,479,195.53055051421603,0.0,0.0,0.0,0.0,0.0,0.0,0,0.0,0,0.0,-1,-1,0.0,0
5,73,2023-06-22,0.5109035788464612,0.3370692916406545,0.0,0.7696117590669436,0.7394152420514459,0.7696117590669436,704,0.704,379,0.7696117590669436,0,709,510.87641795813903,0.34855505142165655,0.23263952198270538,0.0,0.5955837870538415,0.4673321234119782,0.5955837870538415,700,0.7,129,0.5955837870538415,0,709,348.5411373260725,0.19697487437186165,0.13091400307108392,0.0,0.3165829145728643,0.2864321608040201,0.3165829145728643,694,0.694,707,0.3165829145728643,0,709,196.85175879397218,1
5,74,2023-06-22,0.2881902859881758,0.3147624793794053,0.0,0.8146668796932417,0.0,0.8146668796932417,465,0.465,23,0.8146668796932417,0,479,288.1695558395906,0.19639806412583213,0.22236469617777616,0.0,0.6987295825771325,0.0,0.6987295825771325,460,0.46,16,0.6987295825771325,0,479,196.38581367211162,0.0,0.0,0.0,0.0,0.0,0.0,0,0.0,0,0.0,-1,-1,0.0,0
5,75,2023-06-22,0.49196964371305296,0.3235347313336798,0.0,0.7374980028758588,0.7085796453107526,0.7374980028758588,704,0.704,387,0.7374980028758588,0,709,491.94072535548787,0.30093980641258383,0.2008367251240573,0.0,0.4788263762855414,0.411070780399274,0.4788263762855414,700,0.7,220,0.4788263762855414,0,709,300.9248336358137,0.19697487437186165,0.13093020475508688,0.0,0.3165829145728643,0.2864321608040201,0.3165829145728643,694,0.694,707,0.3165829145728643,0,709,196.85175879397218,0
5,76,2023-06-22,0.3061223038824089,0.3096335460366019,0.0,0.6696756670394631,0.1391596101613676,0.6696756670394631,504,0.504,153,0.6696756670394631,0,509,306.10920274804334,0.2104891107078037,0.2142706371136086,0.0,0.5562613430127041,0.0086206896551724,0.5562613430127041,500,0.5,133,0.5562613430127041,0,509,210.47943133696273,0.15333668341708648,0.15624955677318914,0.0,0.3266331658291457,0.0,0.3266331658291457,494,0.494,158,0.3266331658291457,0,509,153.21356783919703,0
5,77,2023-06-22,0.5022378974277021,0.3303745790215708,0.0,0.7573893593225755,0.7232385365074293,0.7573893593225755,704,0.704,419,0.7573893593225755,0,709,502.2096980348306,0.3003944343617666,0.2010091522196259,0.0,0.4788263762855414,0.411070780399274,0.4788263762855414,700,0.7,249,0.4788263762855414,0,709,300.37946158499733,0.1968542713567863,0.13086315996951164,0.0,0.3165829145728643,0.2864321608040201,0.3165829145728643,694,0.694,707,0.3165829145728643,0,709,196.7311557788968,0
5,78,2023-06-22,0.4823054801086384,0.3168407786553136,0.0,0.7124940086275763,0.6928423070778079,0.7124940086275763,704,0.704,239,0.7124940086275763,0,709,482.284470362677,0.2927171808832433,0.19596771516708117,0.0,0.4667271627344223,0.4007864488808227,0.4667271627344223,700,0.7,279,0.4667271627344223,0,709,292.70523290986085,0.0,0.0,0.0,0.0,0.0,0.0,0,0.0,0,0.0,-1,-1,0.0,0
5,79,2023-06-22,0.31683943121904357,0.3088422699447479,0.0,0.6636044096501038,0.4761942802364595,0.6636044096501038,524,0.524,227,0.6636044096501038,0,529,316.8251318101933,0.20211191772534737,0.19840040122075026,0.0,0.5323653962492438,0.3505747126436782,0.5323653962492438,520,0.52,136,0.5323653962492438,0,529,202.0984573502717,0.16081407035175996,0.15729879348410464,0.0,0.3266331658291457,0.271356783919598,0.3266331658291457,514,0.514,148,0.3266331658291457,0,529,160.69095477387052,0
5,80,2023-06-22,0.3133768173829684,0.3053865101826498,0.0,0.6485860361080045,0.46924428822495606,0.6485860361080045,524,0.524,247,0.6485860361080045,0,529,313.36283751397974,0.19471808832425896,0.19148647975180427,0.0,0.4488808227465214,0.3127646702964307,0.4488808227465214,520,0.52,157,0.4488808227465214,0,529,194.71279491833033,0.0,0.0,0.0,0.0,0.0,0.0,0,0.0,0,0.0,-1,-1,0.0,0
5,81,2023-06-22,0.3072116951589703,0.29924627295677975,0.0,0.6469084518293657,0.4667678542898226,0.6469084518293657,524,0.524,233,0.6469084518293657,0,529,307.19775523246557,0.19689473684210598,0.19468604895796685,0.0,0.5232909860859044,0.3324258923169993,0.5232909860859044,520,0.52,133,0.5232909860859044,0,529,196.88354506957194,0.1602412060301519,0.15688820909738085,0.0,0.3266331658291457,0.2663316582914573,0.3266331658291457,514,0.514,149,0.3266331658291457,0,529,160.11809045226246,0
5,81,2023-06-22,0.3072116951589703,0.29924627295677975,0.0,0.6469084518293657,0.4667678542898226,0.6469084518293657,524,0.524,233,0.6469084518293657,0,529,307.19775523246557,0.19689473684210598,0.19468604895796685,0.0,0.5232909860859044,0.3324258923169993,0.5232909860859044,520,0.52,133,0.5232909860859044,0,529,196.88354506957194,0.1602412060301519,0.15688820909738085,0.0,0.3266331658291457,0.2663316582914573,0.3266331658291457,514,0.514,149,0.3266331658291457,0,529,160.11809045226246,0
5,82,2023-06-22,0.3643935932257559,0.3019893026032015,0.0,0.6493050007988497,0.4837833519731586,0.6493050007988497,604,0.604,609,0.6493050007988497,0,609,364.38216967566774,0.2392861464004845,0.20063829952320636,0.0,0.4788263762855414,0.3318209316394434,0.4788263762855414,600,0.6,213,0.4788263762855414,0,609,239.2805505142166,0.0,0.0,0.0,0.0,0.0,0.0,0,0.0,0,0.0,-1,-1,0.0,0
5,83,2023-06-22,0.3211501837354206,0.30063864965954545,0.0,0.6489854609362518,0.4759546253395111,0.6489854609362518,544,0.544,217,0.6489854609362518,0,549,321.1362038664324,0.2079564428312158,0.19649249507129563,0.0,0.5414398064125832,0.3439201451905626,0.5414398064125832,540,0.54,134,0.5414398064125832,0,549,207.94479733817312,0.16664321608040328,0.15700986778979453,0.0,0.3266331658291457,0.2663316582914573,0.3266331658291457,533,0.533,150,0.3266331658291457,0,547,166.52010050251383,0
5,83,2023-06-22,0.3211501837354206,0.30063864965954545,0.0,0.6489854609362518,0.4759546253395111,0.6489854609362518,544,0.544,217,0.6489854609362518,0,549,321.1362038664324,0.2079564428312158,0.19649249507129563,0.0,0.5414398064125832,0.3439201451905626,0.5414398064125832,540,0.54,134,0.5414398064125832,0,549,207.94479733817312,0.16664321608040328,0.15700986778979453,0.0,0.3266331658291457,0.2663316582914573,0.3266331658291457,533,0.533,150,0.3266331658291457,0,547,166.52010050251383,0
5,84,2023-06-22,0.41940301965169996,0.33736205801395713,0.0,0.8948713852053044,0.6703147467646589,0.8948713852053044,615,0.615,30,0.8948713852053044,0,629,419.3626777440478,0.28542316999394834,0.23276044698742943,0.0,0.6712038717483364,0.4395039322444041,0.6712038717483364,610,0.61,23,0.6712038717483364,0,629,285.4060798548092,0.17311557788944731,0.14049189936982318,0.0,0.3165829145728643,0.271356783919598,0.3165829145728643,604,0.604,627,0.3165829145728643,0,629,172.99246231155746,1
5,85,2023-06-22,0.29593345582361436,0.3005347451307557,0.0,0.654337753634766,0.1256989934494328,0.654337753634766,504,0.504,163,0.654337753634766,0,509,295.92063428662686,0.1964355716878413,0.20365121849279236,0.0,0.5535390199637024,0.0086206896551724,0.5535390199637024,500,0.5,127,0.5535390199637024,0,509,196.4225650332728,0.1527889447236192,0.15574914410356444,0.0,0.3266331658291457,0.0,0.3266331658291457,494,0.494,169,0.3266331658291457,0,509,152.66582914572976,0
5,86,2023-06-22,0.4395882728870432,0.352692215108251,0.0,0.8827288704265858,0.7027480428183416,0.8827288704265858,615,0.615,30,0.8827288704265858,0,629,439.5467327049043,0.2628820326678764,0.21518816711500033,0.0,0.6046581972171808,0.38173018753781,0.6046581972171808,610,0.61,44,0.6046581972171808,0,629,262.86433756805775,0.1736381909547738,0.14084747517205273,0.0,0.3165829145728643,0.2763819095477386,0.3165829145728643,604,0.604,627,0.3165829145728643,0,629,173.5150753768842,0
5,87,2023-06-22,0.3238307237577885,0.2900403030403299,0.0,0.6228630771688768,0.4884965649464771,0.6228630771688768,564,0.564,562,0.6228630771688768,0,569,323.8173030835591,0.26090320629159125,0.23585923334735912,0.0,0.5716878402903811,0.4035087719298245,0.5716878402903811,560,0.56,142,0.5716878402903811,0,569,260.8898971566846,0.15883417085427112,0.1431219240871753,0.0,0.3165829145728643,0.2663316582914573,0.3165829145728643,553,0.553,567,0.3165829145728643,0,567,158.71105527638156,0
5,87,2023-06-22,0.3238307237577885,0.2900403030403299,0.0,0.6228630771688768,0.4884965649464771,0.6228630771688768,564,0.564,562,0.6228630771688768,0,569,323.8173030835591,0.26090320629159125,0.23585923334735912,0.0,0.5716878402903811,0.4035087719298245,0.5716878402903811,560,0.56,142,0.5716878402903811,0,569,260.8898971566846,0.15883417085427112,0.1431219240871753,0.0,0.3165829145728643,0.2663316582914573,0.3165829145728643,553,0.553,567,0.3165829145728643,0,567,158.71105527638156,0
5,88,2023-06-22,0.4375735740533607,0.351038302726584,0.0,0.8906374820258828,0.7020290781274964,0.8906374820258828,615,0.615,45,0.8906374820258828,0,629,437.5299169196351,0.26253478523895946,0.21421631376138753,0.0,0.5505142165759226,0.38097398669086513,0.5505142165759226,610,0.61,45,0.5505142165759226,0,629,262.51754385964966,0.17376381909547736,0.14092156104197126,0.0,0.3165829145728643,0.2763819095477386,0.3165829145728643,604,0.604,627,0.3165829145728643,0,629,173.64070351758775,0
5,89,2023-06-22,0.447957820738137,0.35911529373656365,0.0,0.8995845981786228,0.7196037705703786,0.8995845981786228,615,0.615,44,0.8995845981786228,0,629,447.9155216488248,0.26347670901391484,0.21418599620748427,0.0,0.5323653962492438,0.3923169993950393,0.5323653962492438,610,0.61,37,0.5323653962492438,0,629,263.45901391409626,0.170683417085429,0.13833841780379869,0.0,0.3165829145728643,0.2763819095477386,0.3165829145728643,604,0.604,627,0.3165829145728643,0,629,170.5603015075395,0
5,90,2023-06-22,0.30367662565905074,0.30704228990941357,0.0,0.6591308515737339,0.14862597859082916,0.6591308515737339,504,0.504,193,0.6591308515737339,0,509,303.66112797571554,0.21116848154869938,0.21804048094232412,0.0,0.5653357531760436,0.0087719298245614,0.5653357531760436,500,0.5,169,0.5653357531760436,0,509,211.1574410163339,0.13956783919598115,0.14136500323557694,0.0,0.3165829145728643,0.0,0.3165829145728643,494,0.494,507,0.3165829145728643,0,509,139.44472361809164,0
5,91,2023-06-22,0.3030228471001765,0.3070868797579144,0.0,0.6532193641156734,0.14087713692283105,0.6532193641156734,504,0.504,268,0.6532193641156734,0,509,303.00878734622205,0.21230913490623127,0.21609218451677992,0.0,0.5535390199637024,0.0086206896551724,0.5535390199637024,500,0.5,132,0.5535390199637024,0,509,212.29733817301886,0.15378894472361915,0.1565836873694825,0.0,0.3266331658291457,0.0,0.3266331658291457,494,0.494,159,0.3266331658291457,0,509,153.6658291457297,0
5,92,2023-06-22,0.304090110241252,0.30814687574419297,0.0,0.6572934973637962,0.14047771209458376,0.6572934973637962,504,0.504,142,0.6572934973637962,0,509,304.0759706023327,0.209117059891107,0.213328765354182,0.0,0.5562613430127041,0.0086206896551724,0.5562613430127041,500,0.5,132,0.5562613430127041,0,509,209.10738052026616,0.15412060301507646,0.1569047579041291,0.0,0.3266331658291457,0.0,0.3266331658291457,494,0.494,151,0.3266331658291457,0,509,153.99748743718698,0
5,93,2023-06-22,0.30310089471161555,0.3069260765672357,0.0,0.6546572934973638,0.1437130532033871,0.6546572934973638,504,0.504,144,0.6546572934973638,0,509,303.08679501517815,0.2082065940713855,0.21286615491699512,0.0,0.5414398064125832,0.0084694494857834,0.5414398064125832,500,0.5,137,0.5414398064125832,0,509,208.197065940714,0.15405527638191063,0.15684264386309588,0.0,0.3266331658291457,0.0,0.3266331658291457,494,0.494,152,0.3266331658291457,0,509,153.93216080402115,0
5,94,2023-06-22,0.30370442562709665,0.3080189435730654,0.0,0.6575331522607445,0.14622942962134522,0.6575331522607445,504,0.504,274,0.6575331522607445,0,509,303.69020610321127,0.21056684815486992,0.2162314018434453,0.0,0.5381125226860254,0.01043557168784025,0.5381125226860254,500,0.5,154,0.5381125226860254,0,509,210.556412583182,0.1398090452261319,0.14159875964182353,0.0,0.3165829145728643,0.0,0.3165829145728643,494,0.494,507,0.3165829145728643,0,509,139.68592964824242,0
5,95,2023-06-22,0.3644558236139956,0.30193922499698933,0.0,0.6477073014858603,0.4819459977632209,0.6477073014858603,604,0.604,157,0.6477073014858603,0,609,364.4418038025247,0.22938566243194147,0.19487391480665373,0.0,0.4519056261343013,0.2864488808227465,0.4519056261343013,600,0.6,244,0.4519056261343013,0,609,229.3803690260131,0.0,0.0,0.0,0.0,0.0,0.0,0,0.0,0,0.0,-1,-1,0.0,0
5,96,2023-06-22,0.3216505831602493,0.28865746757685085,0.0,0.6226234222719285,0.4737178463013261,0.6226234222719285,564,0.564,514,0.6226234222719285,0,569,321.6371624860198,0.26061161524500903,0.23566274084282962,0.0,0.5683605565638233,0.4035087719298245,0.5683605565638233,560,0.56,144,0.5683605565638233,0,569,260.5983061101021,0.1590703517587937,0.14333803984576682,0.0,0.3165829145728643,0.2663316582914573,0.3165829145728643,553,0.553,567,0.3165829145728643,0,567,158.9472361809041,0
5,96,2023-06-22,0.3216505831602493,0.28865746757685085,0.0,0.6226234222719285,0.4737178463013261,0.6226234222719285,564,0.564,514,0.6226234222719285,0,569,321.6371624860198,0.26061161524500903,0.23566274084282962,0.0,0.5683605565638233,0.4035087719298245,0.5683605565638233,560,0.56,144,0.5683605565638233,0,569,260.5983061101021,0.1590703517587937,0.14333803984576682,0.0,0.3165829145728643,0.2663316582914573,0.3165829145728643,553,0.553,567,0.3165829145728643,0,567,158.9472361809041,0
5,97,2023-06-22,0.4807698514139645,0.38534196984056174,0.0,0.8948713852053044,0.785668637162486,0.8948713852053044,615,0.615,46,0.8948713852053044,0,629,480.7275922671359,0.26642528735632315,0.21696472652125984,0.0,0.5471869328493648,0.4013914095583787,0.5471869328493648,610,0.61,49,0.5471869328493648,0,629,266.4081972171808,0.21163819095477596,0.18860017124949266,0.0,0.5025125628140703,0.2814070351758794,0.5025125628140703,604,0.604,197,0.5025125628140703,0,629,211.51507537688647,0
5,98,2023-06-22,0.26102380571976325,0.2798353025769545,0.0,0.6179900942642594,0.0,0.6179900942642594,474,0.474,139,0.6179900942642594,0,479,261.0092666560153,0.18348850574712663,0.19728015568597435,0.0,0.4788263762855414,0.0,0.4788263762855414,470,0.47,136,0.4788263762855414,0,479,183.47731397459185,0.14373869346733759,0.15557882954541788,0.0,0.3266331658291457,0.0,0.3266331658291457,464,0.464,146,0.3266331658291457,0,479,143.61557788944816,0
5,99,2023-06-22,0.448896868509344,0.33121252458981404,0.0,0.8915961016136763,0.6747883048410289,0.8915961016136763,655,0.655,46,0.8915961016136763,0,659,448.8549289023816,0.23766333938293743,0.18863995891994373,0.0,0.6530550514216575,0.3073200241984271,0.6530550514216575,650,0.65,43,0.6530550514216575,0,659,237.64549304295173,0.20004522613065498,0.14983965057966508,0.0,0.3266331658291457,0.2964824120603015,0.3266331658291457,644,0.644,252,0.3266331658291457,0,659,199.9221105527655,0
5,100,2023-06-22,0.3054765138200986,0.29711713163131287,0.0,0.6506630452148906,0.4694839431219044,0.6506630452148906,524,0.524,207,0.6506630452148906,0,529,305.46249400862695,0.21317029643073132,0.21128455667327722,0.0,0.5683605565638233,0.3566243194192377,0.5683605565638233,520,0.52,133,0.5683605565638233,0,529,213.15925589836687,0.15876381909547854,0.15531972887018647,0.0,0.3266331658291457,0.271356783919598,0.3266331658291457,514,0.514,212,0.3266331658291457,0,529,158.6407035175891,0
5,101,2023-06-22,0.5535483304042157,0.3209823476456098,0.0,0.9124460776481866,0.7263141076849337,0.9124460776481866,755,0.755,23,0.9124460776481866,0,769,553.5071896469063,0.34232849364791107,0.21260013833990174,0.0,0.7047791893526921,0.4004839685420447,0.7047791893526921,750,0.75,16,0.7047791893526921,0,769,342.31064730792394,0.22799497487437348,0.13530073617637253,0.0,0.3266331658291457,0.2964824120603015,0.3266331658291457,744,0.744,367,0.3266331658291457,0,769,227.87185929648402,0
5,102,2023-06-22,0.3043358363955894,0.2834147898207282,0.0,0.6027320658252117,0.4774724396868509,0.6027320658252117,544,0.544,180,0.6027320658252117,0,549,304.32165681418763,0.2280532365396252,0.21596124731888555,0.0,0.5471869328493648,0.3584392014519056,0.5471869328493648,540,0.54,137,0.5471869328493648,0,549,228.04143980641282,0.15119597989949896,0.1413424345193746,0.0,0.3165829145728643,0.271356783919598,0.3165829145728643,534,0.534,547,0.3165829145728643,0,549,151.07286432160947,0
5,103,2023-06-22,0.5185454545454571,0.3173860431154297,0.0,0.8918357565106247,0.6959578207381371,0.8918357565106247,734,0.734,47,0.8918357565106247,0,749,518.5035149384873,0.3510880217785847,0.23260092394868684,0.0,0.91016333938294,0.4177253478523896,0.91016333938294,730,0.73,47,0.91016333938294,0,749,351.0701754385966,0.2312160804020123,0.1437113762815439,0.0,0.3266331658291457,0.3266331658291457,0.3266331658291457,724,0.724,116,0.3266331658291457,0,749,231.09296482412284,0
5,104,2023-06-22,0.3879299408851282,0.3228892969917355,0.0,0.7065026362038664,0.4923310432976513,0.7065026362038664,604,0.604,405,0.7065026362038664,0,609,387.90909090909145,0.24057562008469444,0.20618159888828755,0.0,0.469751966122202,0.2683000604960677,0.469751966122202,600,0.6,382,0.469751966122202,0,609,240.56367211131308,0.16760804020100686,0.1389807203001054,0.0,0.3165829145728643,0.2763819095477386,0.3165829145728643,593,0.593,607,0.3165829145728643,0,607,167.4849246231174,0
5,105,2023-06-22,0.5220224476753486,0.3447306332682231,0.0,0.8024444799488736,0.75523246525004,0.8024444799488736,704,0.704,324,0.8024444799488736,0,709,521.9941284550258,0.3030961887477319,0.2059169897685827,0.0,0.5263157894736842,0.4001814882032667,0.5263157894736842,700,0.7,281,0.5263157894736842,0,709,303.0818209316398,0.19660804020100747,0.1306991970870096,0.0,0.3165829145728643,0.2864321608040201,0.3165829145728643,694,0.694,707,0.3165829145728643,0,709,196.48492462311796,0
5,105,2023-06-22,0.5220224476753486,0.3447306332682231,0.0,0.8024444799488736,0.75523246525004,0.8024444799488736,704,0.704,324,0.8024444799488736,0,709,521.9941284550258,0.3030961887477319,0.2059169897685827,0.0,0.5263157894736842,0.4001814882032667,0.5263157894736842,700,0.7,281,0.5263157894736842,0,709,303.0818209316398,0.19660804020100747,0.1306991970870096,0.0,0.3165829145728643,0.2864321608040201,0.3165829145728643,694,0.694,707,0.3165829145728643,0,709,196.48492462311796,0
5,106,2023-06-22,0.45696948394312153,0.3293821528705142,0.0,0.7236779038185014,0.6981147148106727,0.7236779038185014,664,0.664,478,0.7236779038185014,0,679,456.93968685093375,0.2628067150635211,0.19413728176223816,0.0,0.4939503932244404,0.3596491228070175,0.4939503932244404,660,0.66,182,0.4939503932244404,0,679,262.79219600725986,0.18513567839196193,0.134859527450373,0.0,0.3165829145728643,0.2864321608040201,0.3165829145728643,654,0.654,677,0.3165829145728643,0,679,185.01256281407245,0
5,106,2023-06-22,0.45696948394312153,0.3293821528705142,0.0,0.7236779038185014,0.6981147148106727,0.7236779038185014,664,0.664,478,0.7236779038185014,0,679,456.93968685093375,0.2628067150635211,0.19413728176223816,0.0,0.4939503932244404,0.3596491228070175,0.4939503932244404,660,0.66,182,0.4939503932244404,0,679,262.79219600725986,0.18513567839196193,0.134859527450373,0.0,0.3165829145728643,0.2864321608040201,0.3165829145728643,654,0.654,677,0.3165829145728643,0,679,185.01256281407245,0
5,107,2023-06-22,0.4994424828247314,0.3287663643449726,0.0,0.7564307397347819,0.7179261862917399,0.7564307397347819,704,0.704,318,0.7564307397347819,0,709,499.41284550247553,0.33295372050816646,0.22545175864364547,0.0,0.5747126436781609,0.4349667271627344,0.5747126436781609,700,0.7,279,0.5747126436781609,0,709,332.9379915305501,0.19730653266331868,0.13117197997706215,0.0,0.3165829145728643,0.2864321608040201,0.3165829145728643,694,0.694,707,0.3165829145728643,0,709,197.1834170854291,0
5,107,2023-06-22,0.4994424828247314,0.3287663643449726,0.0,0.7564307397347819,0.7179261862917399,0.7564307397347819,704,0.704,318,0.7564307397347819,0,709,499.41284550247553,0.33295372050816646,0.22545175864364547,0.0,0.5747126436781609,0.4349667271627344,0.5747126436781609,700,0.7,279,0.5747126436781609,0,709,332.9379915305501,0.19730653266331868,0.13117197997706215,0.0,0.3165829145728643,0.2864321608040201,0.3165829145728643,694,0.694,707,0.3165829145728643,0,709,197.1834170854291,0
5,108,2023-06-22,0.46731386803003505,0.30943859105484184,0.0,0.71193481386803,0.6811791020929862,0.71193481386803,704,0.704,265,0.71193481386803,0,709,467.2901421952416,0.3313581367211148,0.2208554328737942,0.0,0.5323653962492438,0.4528130671506352,0.5323653962492438,700,0.7,339,0.5323653962492438,0,709,331.3446763460392,0.196281407035178,0.13051755611306054,0.0,0.3165829145728643,0.2763819095477386,0.3165829145728643,694,0.694,707,0.3165829145728643,0,709,196.1582914572884,0
5,108,2023-06-22,0.46731386803003505,0.30943859105484184,0.0,0.71193481386803,0.6811791020929862,0.71193481386803,704,0.704,265,0.71193481386803,0,709,467.2901421952416,0.3313581367211148,0.2208554328737942,0.0,0.5323653962492438,0.4528130671506352,0.5323653962492438,700,0.7,339,0.5323653962492438,0,709,331.3446763460392,0.196281407035178,0.13051755611306054,0.0,0.3165829145728643,0.2763819095477386,0.3165829145728643,694,0.694,707,0.3165829145728643,0,709,196.1582914572884,0
5,109,2023-06-22,0.4804678862438061,0.3155350559550938,0.0,0.7270330723757789,0.6899664483144272,0.7270330723757789,704,0.704,158,0.7270330723757789,0,709,480.4408052404523,0.30010526315789393,0.20063392365519167,0.0,0.4818511796733212,0.4134906231094978,0.4818511796733212,700,0.7,322,0.4818511796733212,0,709,300.08923169993784,0.19733668341708635,0.1313428939225299,0.0,0.3165829145728643,0.2763819095477386,0.3165829145728643,694,0.694,707,0.3165829145728643,0,709,197.2135678391967,0
5,109,2023-06-22,0.4804678862438061,0.3155350559550938,0.0,0.7270330723757789,0.6899664483144272,0.7270330723757789,704,0.704,158,0.7270330723757789,0,709,480.4408052404523,0.30010526315789393,0.20063392365519167,0.0,0.4818511796733212,0.4134906231094978,0.4818511796733212,700,0.7,322,0.4818511796733212,0,709,300.08923169993784,0.19733668341708635,0.1313428939225299,0.0,0.3165829145728643,0.2763819095477386,0.3165829145728643,694,0.694,707,0.3165829145728643,0,709,197.2135678391967,0
5,110,2023-06-22,0.49181594503914217,0.3232468309620056,0.0,0.7423709857804761,0.7073813708260105,0.7423709857804761,704,0.704,161,0.7423709857804761,0,709,491.7868669116474,0.2987894736842121,0.20172228811535708,0.0,0.4969751966122202,0.4107683000604961,0.4969751966122202,700,0.7,314,0.4969751966122202,0,709,298.77298850574766,0.19733668341708646,0.13132520487945365,0.0,0.3165829145728643,0.2763819095477386,0.3165829145728643,694,0.694,707,0.3165829145728643,0,709,197.2135678391967,0
5,110,2023-06-22,0.49181594503914217,0.3232468309620056,0.0,0.7423709857804761,0.7073813708260105,0.7423709857804761,704,0.704,161,0.7423709857804761,0,709,491.7868669116474,0.2987894736842121,0.20172228811535708,0.0,0.4969751966122202,0.4107683000604961,0.4969751966122202,700,0.7,314,0.4969751966122202,0,709,298.77298850574766,0.19733668341708646,0.13132520487945365,0.0,0.3165829145728643,0.2763819095477386,0.3165829145728643,694,0.694,707,0.3165829145728643,0,709,197.2135678391967,0
5,111,2023-06-22,0.3058603610800446,0.30999285636657503,0.0,0.661048090749321,0.13995845981786226,0.661048090749321,504,0.504,148,0.661048090749321,0,509,305.8474197156097,0.2093941318814281,0.21419368728083504,0.0,0.5535390199637024,0.0096793708408953,0.5535390199637024,500,0.5,132,0.5535390199637024,0,509,209.38233514821547,0.1538291457286443,0.1566261169524542,0.0,0.3266331658291457,0.0,0.3266331658291457,494,0.494,157,0.3266331658291457,0,509,153.70603015075486,0
5,112,2023-06-22,0.43891188688288707,0.35225136664794077,0.0,0.8834478351174309,0.6997922990893114,0.8834478351174309,615,0.615,22,0.8834478351174309,0,619,438.873781754274,0.2613021778584398,0.21255028734522516,0.0,0.5323653962492438,0.3933756805807622,0.5323653962492438,610,0.61,42,0.5323653962492438,0,619,261.283424077435,0.17265326633165895,0.14036119844399889,0.0,0.3165829145728643,0.271356783919598,0.3165829145728643,604,0.604,617,0.3165829145728643,0,619,172.53015075376942,0
5,113,2023-06-22,0.29286826969164403,0.29611071387691246,0.0,0.6513021249400863,0.1429940885125419,0.6513021249400863,504,0.504,260,0.6513021249400863,0,509,292.85424988017155,0.19071052631579016,0.1992947454180202,0.0,0.5323653962492438,0.0083182093163944,0.5323653962492438,500,0.5,171,0.5323653962492438,0,509,190.70009074410243,0.14945226130653358,0.15228302405775915,0.0,0.3266331658291457,0.0,0.3266331658291457,494,0.494,265,0.3266331658291457,0,509,149.32914572864414,0
5,114,2023-06-22,0.4320291580124619,0.34680658195095776,0.0,0.8895190925067902,0.6906854130052724,0.8895190925067902,615,0.615,27,0.8895190925067902,0,619,431.98905575970605,0.2594649122807017,0.21153534747113018,0.0,0.5199637023593466,0.4016938898971567,0.5199637023593466,610,0.61,47,0.5199637023593466,0,619,259.4476709013915,0.17327638190954855,0.14078081832089412,0.0,0.3266331658291457,0.271356783919598,0.3266331658291457,604,0.604,585,0.3266331658291457,0,619,173.1532663316591,0
5,115,2023-06-22,0.26707029876977106,0.2867553506702516,0.0,0.6184694040581562,0.0,0.6184694040581562,474,0.474,210,0.6184694040581562,0,479,267.0569979229906,0.17642316999395022,0.18979388297002994,0.0,0.4428312159709618,0.0,0.4428312159709618,470,0.47,16,0.4428312159709618,0,479,176.41197822141572,0.13159798994974914,0.1416328476688924,0.0,0.3165829145728643,0.0,0.3165829145728643,464,0.464,477,0.3165829145728643,0,479,131.47487437185964,0
5,116,2023-06-22,0.2645732545135002,0.2840022859127148,0.0,0.606406774245087,0.0,0.606406774245087,474,0.474,310,0.606406774245087,0,479,264.55899504713216,0.18386146400483985,0.19755814434050242,0.0,0.4337568058076225,0.0,0.4337568058076225,470,0.47,137,0.4337568058076225,0,479,183.84951603145794,0.1304723618090463,0.1404168565870829,0.0,0.3165829145728643,0.0,0.3165829145728643,464,0.464,477,0.3165829145728643,0,479,130.34924623115683,0
5,117,2023-06-22,0.34052276721520985,0.3054976151609319,0.0,0.6551366032912606,0.4984023006870107,0.6551366032912606,564,0.564,257,0.6551366032912606,0,569,340.50994567822283,0.2759670296430728,0.2502593267642104,0.0,0.5955837870538415,0.4228675136116152,0.5955837870538415,560,0.56,147,0.5955837870538415,0,569,275.9553841500307,0.15637688442211214,0.14070736166679945,0.0,0.3165829145728643,0.271356783919598,0.3165829145728643,553,0.553,567,0.3165829145728643,0,567,156.25376884422266,0
5,118,2023-06-22,0.5188995845981784,0.292431911922667,0.0,0.7215210097459658,0.6846940405815626,0.7215210097459658,764,0.764,621,0.7215210097459658,0,769,518.8713053203395,0.30658711433756813,0.18167978093654455,0.0,0.4939503932244404,0.3499697519661222,0.4939503932244404,760,0.76,385,0.4939503932244404,0,769,306.5745614035101,0.21944221105527764,0.12687038471532788,0.0,0.3266331658291457,0.2864321608040201,0.3266331658291457,753,0.753,627,0.3266331658291457,0,767,219.3190954773881,0
5,118,2023-06-22,0.5188995845981784,0.292431911922667,0.0,0.7215210097459658,0.6846940405815626,0.7215210097459658,764,0.764,621,0.7215210097459658,0,769,518.8713053203395,0.30658711433756813,0.18167978093654455,0.0,0.4939503932244404,0.3499697519661222,0.4939503932244404,760,0.76,385,0.4939503932244404,0,769,306.5745614035101,0.21944221105527764,0.12687038471532788,0.0,0.3266331658291457,0.2864321608040201,0.3266331658291457,753,0.753,627,0.3266331658291457,0,767,219.3190954773881,0
5,119,2023-06-22,0.3500190126218242,0.3145281246755055,0.0,0.6772647387761623,0.5019971241412367,0.6772647387761623,564,0.564,211,0.6772647387761623,0,569,350.0057517175271,0.27255898366606096,0.24751323959534924,0.0,0.617059891107078,0.425892316999395,0.617059891107078,560,0.56,175,0.617059891107078,0,569,272.549304295221,0.1565175879397001,0.14082114528622225,0.0,0.3165829145728643,0.271356783919598,0.3165829145728643,553,0.553,567,0.3165829145728643,0,567,156.39447236181064,0
5,120,2023-06-22,0.27337458060393116,0.2949919443139992,0.0,0.6522607445278799,0.0,0.6522607445278799,474,0.474,221,0.6522607445278799,0,479,273.3605208499761,0.21640078644888114,0.23339676671895487,0.0,0.5414398064125832,0.0,0.5414398064125832,470,0.47,131,0.5414398064125832,0,479,216.38808227465262,0.14051256281407135,0.15214355663885668,0.0,0.3266331658291457,0.0,0.3266331658291457,464,0.464,228,0.3266331658291457,0,479,140.38944723618187,1
5,121,2023-06-22,0.6042129733184202,0.3489620766987252,0.0,0.8911167918197795,0.8002875858763381,0.8911167918197795,755,0.755,49,0.8911167918197795,0,779,604.1693161846929,0.3098306110102827,0.18710661354922495,0.0,0.5444646098003629,0.382032667876588,0.5444646098003629,750,0.75,249,0.5444646098003629,0,779,309.8124621899557,0.22997487437186157,0.13668117931585258,0.0,0.3266331658291457,0.2964824120603015,0.3266331658291457,743,0.743,317,0.3266331658291457,0,777,229.85175879397212,0
5,122,2023-06-22,0.30501046493049994,0.2843054849375497,0.0,0.6148745806039303,0.4744368109921713,0.6148745806039303,544,0.544,227,0.6148745806039303,0,549,305.0007988496566,0.21670840895341797,0.20647273142729877,0.0,0.5683605565638233,0.352087114337568,0.5683605565638233,540,0.54,140,0.5683605565638233,0,549,216.6996370235923,0.0,0.0,0.0,0.0,0.0,0.0,0,0.0,0,0.0,-1,-1,0.0,0
5,123,2023-06-22,0.28160840389838615,0.2841659064988801,0.0,0.5994567822335837,0.13983863236938804,0.5994567822335837,504,0.504,228,0.5994567822335837,0,509,281.59901741492206,0.18768542044767145,0.19038018900994386,0.0,0.4637023593466424,0.0072595281306715,0.4637023593466424,500,0.5,132,0.4637023593466424,0,509,187.67816091954046,0.0,0.0,0.0,0.0,0.0,0.0,0,0.0,0,0.0,-1,-1,0.0,0
5,124,2023-06-22,0.34179150023965443,0.3070887938327401,0.0,0.6742291100814827,0.4970442562709698,0.6742291100814827,564,0.564,197,0.6742291100814827,0,569,341.77831922032266,0.2775583787053834,0.2527793777480596,0.0,0.6412583182093164,0.4222625529340593,0.6412583182093164,560,0.56,167,0.6412583182093164,0,569,277.54839685420535,0.15663819095477544,0.14092980359087556,0.0,0.3165829145728643,0.271356783919598,0.3165829145728643,553,0.553,567,0.3165829145728643,0,567,156.515075376886,0
5,125,2023-06-22,0.28992634606167195,0.3123844885373417,0.0,0.680140597539543,0.0,0.680140597539543,474,0.474,195,0.680140597539543,0,479,289.9102891835757,0.18842256503327257,0.20535413888681595,0.0,0.5199637023593466,0.0,0.5199637023593466,470,0.47,175,0.5199637023593466,0,479,188.41243194192344,0.13111055276382022,0.1410130048387315,0.0,0.3165829145728643,0.0,0.3165829145728643,464,0.464,477,0.3165829145728643,0,479,130.98743718593073,0
5,126,2023-06-22,0.2816436331682372,0.2841874364587662,0.0,0.612238376737498,0.13923949512701705,0.612238376737498,504,0.504,141,0.612238376737498,0,509,281.6340469723594,0.18571113127646782,0.18763273251955118,0.0,0.4519056261343013,0.0071082879612825,0.4519056261343013,500,0.5,134,0.4519056261343013,0,509,185.70235934664285,0.0,0.0,0.0,0.0,0.0,0.0,0,0.0,0,0.0,-1,-1,0.0,0
6,0,2022-06-16,0.510220722160089,0.3353784724753651,0.0,0.8931139159610162,0.7144911327688129,0.8931139159610162,705,0.705,39,0.8931139159610162,0,719,510.1787026681569,0.31863611615244986,0.21495607396221209,0.0,0.677555958862674,0.4304295220810647,0.677555958862674,700,0.7,26,0.677555958862674,0,719,318.6135813672106,0.0,0.0,0.0,0.0,0.0,0.0,0,0.0,0,0.0,-1,-1,0.0,0
6,7,2022-06-16,0.5149549448793715,0.33810174786520386,0.0,0.8971880492091389,0.7247962933375939,0.8971880492091389,705,0.705,45,0.8971880492091389,0,719,514.9127256750264,0.2857955232909861,0.19102614439546153,0.0,0.514216575922565,0.38203266787658796,0.514216575922565,700,0.7,49,0.514216575922565,0,719,285.77646702964324,0.0,0.0,0.0,0.0,0.0,0.0,0,0.0,0,0.0,-1,-1,0.0,0
7,10,2022-06-16,0.5171320498482191,0.3395412147424931,0.0,0.8836874900143793,0.7277520370666241,0.8836874900143793,705,0.705,36,0.8836874900143793,0,719,517.0887521968351,0.2974685420447668,0.19857316613430878,0.0,0.5414398064125832,0.4074410163339383,0.5414398064125832,700,0.7,43,0.5414398064125832,0,719,297.45054446460944,0.0,0.0,0.0,0.0,0.0,0.0,0,0.0,0,0.0,-1,-1,0.0,0
7,13,2022-06-16,0.4880031953986251,0.32154538188466997,0.0,0.894631730308356,0.6841348458220163,0.894631730308356,705,0.705,32,0.894631730308356,0,709,487.9646109602163,0.29463460375075484,0.20192830752242405,0.0,0.6987295825771325,0.3835450695704779,0.6987295825771325,700,0.7,22,0.6987295825771325,0,709,294.6155474894124,0.0,0.0,0.0,0.0,0.0,0.0,0,0.0,0,0.0,-1,-1,0.0,0
7,44,2022-06-16,0.43801877296692526,0.3515145898762872,0.0,0.8892794376098418,0.7044256270969803,0.8892794376098418,615,0.615,21,0.8892794376098418,0,629,437.9769531874098,0.2714050211736239,0.22193628567640233,0.0,0.5290381125226861,0.3923169993950393,0.5290381125226861,610,0.61,44,0.5290381125226861,0,629,271.3843012704175,0.0,0.0,0.0,0.0,0.0,0.0,0,0.0,0,0.0,-1,-1,0.0,0
7,45,2022-06-16,0.49600910688608235,0.3425427875258595,0.0,0.8840070298769771,0.714171592906215,0.8840070298769771,685,0.685,27,0.8840070298769771,0,699,495.9658092347021,0.30134603750756234,0.21293016328431888,0.0,0.5837870538415003,0.3980641258318209,0.5837870538415003,680,0.68,77,0.5837870538415003,0,699,301.3254688445252,0.0,0.0,0.0,0.0,0.0,0.0,0,0.0,0,0.0,-1,-1,0.0,0
7,46,2022-06-16,0.4441563348777736,0.3564090276726018,0.0,0.892394951270171,0.7069020610321137,0.892394951270171,615,0.615,26,0.892394951270171,0,629,444.11435532832667,0.27031548699334557,0.220377484420697,0.0,0.5898366606170599,0.4068360556563823,0.5898366606170599,610,0.61,23,0.5898366606170599,0,629,270.2947670901391,0.0,0.0,0.0,0.0,0.0,0.0,0,0.0,0,0.0,-1,-1,0.0,0
7,47,2022-06-16,0.47864291420354854,0.38340326454576334,0.0,0.8926346061671193,0.7736060073494169,0.8926346061671193,615,0.615,48,0.8926346061671193,0,629,478.600934654099,0.26942800967937064,0.21935849466695478,0.0,0.5323653962492438,0.411070780399274,0.5323653962492438,610,0.61,48,0.5323653962492438,0,629,269.40713853599414,0.0,0.0,0.0,0.0,0.0,0.0,0,0.0,0,0.0,-1,-1,0.0,0
7,73,2022-06-16,0.42277696117590613,0.34019220975205017,0.0,0.8964690845182937,0.6749480747723279,0.8964690845182937,614,0.614,26,0.8964690845182937,0,629,422.73829685253247,0.2917997580157295,0.24105950486954525,0.0,0.7713248638838476,0.4385964912280701,0.7713248638838476,610,0.61,23,0.7713248638838476,0,629,291.77707199032056,0.0,0.0,0.0,0.0,0.0,0.0,0,0.0,0,0.0,-1,-1,0.0,1
7,75,2022-06-16,0.46097443681099337,0.3694801225336858,0.0,0.8880811631250999,0.7348617990094264,0.8880811631250999,615,0.615,37,0.8880811631250999,0,629,460.9326569739581,0.27613188142770867,0.22418966070130458,0.0,0.5837870538415003,0.4165154264972777,0.5837870538415003,610,0.61,47,0.5837870538415003,0,629,276.1113127646705,0.0,0.0,0.0,0.0,0.0,0.0,0,0.0,0,0.0,-1,-1,0.0,0
7,77,2022-06-16,0.4620526441923631,0.3703474732733557,0.0,0.8885604729189966,0.7352612238376738,0.8885604729189966,615,0.615,44,0.8885604729189966,0,629,462.0108643553287,0.2730970961887463,0.22146183412258028,0.0,0.6079854809437386,0.4289171203871748,0.6079854809437386,610,0.61,47,0.6079854809437386,0,629,273.07456140350837,0.0,0.0,0.0,0.0,0.0,0.0,0,0.0,0,0.0,-1,-1,0.0,0
7,78,2022-06-16,0.4558729030196523,0.36537429402480626,0.0,0.8945518453427065,0.7296692762422112,0.8945518453427065,615,0.615,34,0.8945518453427065,0,629,455.8325611119986,0.27132879612825234,0.22058453124153035,0.0,0.5955837870538415,0.4159104658197217,0.5955837870538415,610,0.61,47,0.5955837870538415,0,629,271.30671506352047,0.0,0.0,0.0,0.0,0.0,0.0,0,0.0,0,0.0,-1,-1,0.0,0
7,84,2022-06-16,0.42374420833998955,0.3407819284503077,0.0,0.8925547212014698,0.6719923310432977,0.8925547212014698,615,0.615,34,0.8925547212014698,0,629,423.70398625978703,0.2836176648517837,0.23232277545161584,0.0,0.7138535995160314,0.4395039322444041,0.7138535995160314,610,0.61,24,0.7138535995160314,0,629,283.60087719298247,0.0,0.0,0.0,0.0,0.0,0.0,0,0.0,0,0.0,-1,-1,0.0,1
7,99,2022-06-16,0.46687553922351943,0.3441997394463542,0.0,0.8937529956862118,0.7009106886084039,0.8937529956862118,655,0.655,29,0.8937529956862118,0,659,466.8335197315842,0.2344207501512423,0.18863809090053385,0.0,0.662129461584997,0.2961282516636419,0.662129461584997,650,0.65,26,0.662129461584997,0,659,234.403962492438,0.0,0.0,0.0,0.0,0.0,0.0,0,0.0,0,0.0,-1,-1,0.0,0
7,101,2022-06-16,0.4973146668796916,0.3276918835761542,0.0,0.8927943760984183,0.6897267934174788,0.8927943760984183,705,0.705,23,0.8927943760984183,0,719,497.27268733024374,0.3270408348457346,0.2231918528426798,0.0,0.7226255293405929,0.42090139140955835,0.7226255293405929,700,0.7,43,0.7226255293405929,0,719,327.0238959467633,0.0,0.0,0.0,0.0,0.0,0.0,0,0.0,0,0.0,-1,-1,0.0,0
7,108,2022-06-16,0.5497692123342381,0.3206324195033518,0.0,0.8952708100335517,0.7231985940246046,0.8952708100335517,754,0.754,27,0.8952708100335517,0,769,549.7288704265841,0.3831600120992145,0.2359725659581924,0.0,0.7679975801572898,0.45931639443436173,0.7679975801572898,750,0.75,54,0.7679975801572898,0,769,383.137477313976,0.0,0.0,0.0,0.0,0.0,0.0,0,0.0,0,0.0,-1,-1,0.0,0
7,112,2022-06-16,0.446267295095064,0.3582821016310968,0.0,0.8913564467167279,0.6956382808755392,0.8913564467167279,615,0.615,26,0.8913564467167279,0,619,446.2253554880967,0.24827979431336944,0.20228176207265736,0.0,0.5263157894736842,0.3650937689050211,0.5263157894736842,610,0.61,46,0.5263157894736842,0,619,248.2622504537203,0.0,0.0,0.0,0.0,0.0,0.0,0,0.0,0,0.0,-1,-1,0.0,0
7,114,2022-06-16,0.4303950311551364,0.3455685990638193,0.0,0.8911167918197795,0.6884486339670874,0.8911167918197795,615,0.615,37,0.8911167918197795,0,619,430.3548490174142,0.24162673926194814,0.1969969410347876,0.0,0.5290381125226861,0.352692075015124,0.5290381125226861,610,0.61,34,0.5290381125226861,0,619,241.60813672111286,0.0,0.0,0.0,0.0,0.0,0.0,0,0.0,0,0.0,-1,-1,0.0,0
7,118,2022-06-16,0.6820719763540498,0.23167043329498466,0.0,0.928502955743729,0.7501198274484742,0.928502955743729,905,0.905,95,0.928502955743729,0,919,682.0282792778439,0.37362583182092896,0.13218691071792973,0.0,0.5807622504537205,0.4029038112522686,0.5807622504537205,900,0.9,98,0.5807622504537205,0,919,373.60541439806417,0.0,0.0,0.0,0.0,0.0,0.0,0,0.0,0,0.0,-1,-1,0.0,0
7,136,2022-06-16,0.39994767534749787,0.29421268119377114,0.0,0.7390158172231986,0.6027320658252117,0.7390158172231986,656,0.656,48,0.7390158172231986,0,659,399.9259466368433,0.25366848154869864,0.19010318099090479,0.0,0.5,0.352389594676346,0.5,650,0.65,48,0.5,0,659,253.64791288566178,0.0,0.0,0.0,0.0,0.0,0.0,0,0.0,0,0.0,-1,-1,0.0,0
7,137,2022-06-16,0.3897031474676489,0.2868475072596286,0.0,0.722080204505512,0.5861958779357724,0.722080204505512,655,0.655,43,0.722080204505512,0,669,389.68050007988666,0.2672120387174836,0.20375802722762545,0.0,0.6110102843315185,0.3545069570477919,0.6110102843315185,650,0.65,43,0.6110102843315185,0,669,267.1917725347866,0.0,0.0,0.0,0.0,0.0,0.0,0,0.0,0,0.0,-1,-1,0.0,0
7,138,2022-06-16,0.46658723438249045,0.28469462346549074,0.0,0.729110081482665,0.6318900782872663,0.729110081482665,735,0.735,72,0.729110081482665,0,759,466.5658252116934,0.3255093768905025,0.20321730405427016,0.0,0.5716878402903811,0.41802782819116757,0.5716878402903811,730,0.73,32,0.5716878402903811,0,759,325.4915305505145,0.0,0.0,0.0,0.0,0.0,0.0,0,0.0,0,0.0,-1,-1,0.0,1
7,139,2022-06-16,0.47167798370346764,0.2456673071417344,0.0,0.7419715609522288,0.5818820897907014,0.7419715609522288,795,0.795,89,0.7419715609522288,0,809,471.65617510784534,0.3669192377495467,0.19478930202877137,0.0,0.6200846944948578,0.4497882637628554,0.6200846944948578,790,0.79,82,0.6200846944948578,0,809,366.8998790078639,0.0,0.0,0.0,0.0,0.0,0.0,0,0.0,0,0.0,-1,-1,0.0,0
7,140,2022-06-16,0.5226407573094729,0.2627751294261674,0.0,0.7291899664483145,0.651941204665282,0.7291899664483145,805,0.805,44,0.7291899664483145,0,809,522.6179102092998,0.38814277071990577,0.20201242714564838,0.0,0.6530550514216575,0.4585601935874168,0.6530550514216575,800,0.8,37,0.6530550514216575,0,809,388.1223532970354,0.0,0.0,0.0,0.0,0.0,0.0,0,0.0,0,0.0,-1,-1,0.0,0
7,141,2022-06-16,0.4811825371465108,0.25980688450455053,0.0,0.8042818341588113,0.5992171273366352,0.8042818341588113,786,0.786,45,0.8042818341588113,0,789,481.1573334398454,0.3628015728977614,0.20133682029510822,0.0,0.6684815486993345,0.440411373260738,0.6684815486993345,780,0.78,42,0.6684815486993345,0,789,362.7779794313369,0.0,0.0,0.0,0.0,0.0,0.0,0,0.0,0,0.0,-1,-1,0.0,0
7,142,2022-06-16,0.3897895031155121,0.2869169571902262,0.0,0.7231985940246046,0.5927464451190286,0.7231985940246046,655,0.655,33,0.7231985940246046,0,659,389.7668157852705,0.24212643678160983,0.18974289436414837,0.0,0.6079854809437386,0.3218390804597701,0.6079854809437386,650,0.65,40,0.6079854809437386,0,659,242.10617059890996,0.0,0.0,0.0,0.0,0.0,0.0,0,0.0,0,0.0,-1,-1,0.0,0
7,143,2022-06-16,0.43554217926186195,0.3017580429430673,0.0,0.8146668796932417,0.6229429621345263,0.8146668796932417,686,0.686,23,0.8146668796932417,0,709,435.51665601533693,0.3211149425287353,0.23136820188454266,0.0,0.7831215970961888,0.4222625529340593,0.7831215970961888,680,0.68,16,0.7831215970961888,0,709,321.09649122806997,0.0,0.0,0.0,0.0,0.0,0.0,0,0.0,0,0.0,-1,-1,0.0,0
7,144,2022-06-16,0.3929958459817866,0.2895974507417777,0.0,0.7318261703147467,0.5826010544815465,0.7318261703147467,655,0.655,21,0.7318261703147467,0,669,392.9729189966436,0.2590774349667261,0.20117364497649518,0.0,0.662129461584997,0.3427102238354507,0.662129461584997,650,0.65,21,0.662129461584997,0,669,259.0606473079241,0.0,0.0,0.0,0.0,0.0,0.0,0,0.0,0,0.0,-1,-1,0.0,0
7,145,2022-06-16,0.38866176705544,0.27844472111795593,0.0,0.8243329605368269,0.5559993609202748,0.8243329605368269,676,0.676,58,0.8243329605368269,0,689,388.64399265058233,0.25099304295220853,0.19248741849377488,0.0,0.7226255293405929,0.323049001814882,0.7226255293405929,670,0.67,14,0.7226255293405929,0,689,250.97897761645584,0.0,0.0,0.0,0.0,0.0,0.0,0,0.0,0,0.0,-1,-1,0.0,0
8,44,2022-06-30,0.4343141076849328,0.34870289403663646,0.0,0.892394951270171,0.6929221920434574,0.892394951270171,615,0.615,19,0.892394951270171,0,629,434.2721281354852,0.2710441621294615,0.2222553499355301,0.0,0.5747126436781609,0.3920145190562613,0.5747126436781609,610,0.61,49,0.5747126436781609,0,629,271.02389594676333,0.0,0.0,0.0,0.0,0.0,0.0,0,0.0,0,0.0,-1,-1,0.0,0
8,45,2022-06-30,0.47672128135484637,0.3299988351513921,0.0,0.8868828886403579,0.6816584118868829,0.8868828886403579,685,0.685,31,0.8868828886403579,0,699,476.6778239335364,0.2992970356926801,0.21329038120673094,0.0,0.6046581972171808,0.3865698729582577,0.6046581972171808,680,0.68,68,0.6046581972171808,0,699,299.2769207501514,0.0,0.0,0.0,0.0,0.0,0.0,0,0.0,0,0.0,-1,-1,0.0,0
8,56,2022-06-30,0.4333031634446398,0.3482575921818154,0.0,0.8864834638121105,0.6709538264898546,0.8864834638121105,615,0.615,43,0.8864834638121105,0,629,433.2614634925694,0.25395644283121627,0.20667986533896376,0.0,0.5747126436781609,0.3853599516031458,0.5747126436781609,610,0.61,43,0.5747126436781609,0,629,253.9384452510583,0.0,0.0,0.0,0.0,0.0,0.0,0,0.0,0,0.0,-1,-1,0.0,0
8,57,2022-06-30,0.43418884805879443,0.34871438438443614,0.0,0.8953506949992012,0.6846940405815626,0.8953506949992012,615,0.615,44,0.8953506949992012,0,629,434.1467486818971,0.2513871748336366,0.2058176597266189,0.0,0.632183908045977,0.3793103448275862,0.632183908045977,610,0.61,34,0.632183908045977,0,629,251.36993345432424,0.0,0.0,0.0,0.0,0.0,0.0,0,0.0,0,0.0,-1,-1,0.0,0
8,59,2022-06-30,0.441381770250839,0.3541184251702139,0.0,0.902380571976354,0.7077009106886084,0.902380571976354,615,0.615,23,0.902380571976354,0,629,441.3428662725678,0.254701754385965,0.20963832210498876,0.0,0.6742286751361162,0.3835450695704779,0.6742286751361162,610,0.61,17,0.6742286751361162,0,629,254.68466424682364,0.0,0.0,0.0,0.0,0.0,0.0,0,0.0,0,0.0,-1,-1,0.0,0
8,73,2022-06-30,0.432368429461574,0.3474505744263165,0.0,0.8926346061671193,0.6896469084518294,0.8926346061671193,615,0.615,40,0.8926346061671193,0,629,432.3264499121261,0.2920060496067734,0.23910575166986728,0.0,0.6957047791893527,0.4419237749546279,0.6957047791893527,610,0.61,20,0.6957047791893527,0,629,291.9842710223824,0.0,0.0,0.0,0.0,0.0,0.0,0,0.0,0,0.0,-1,-1,0.0,1
8,78,2022-06-30,0.4461556957980516,0.35771691082419754,0.0,0.8902380571976354,0.7156894072535549,0.8902380571976354,615,0.615,46,0.8902380571976354,0,629,446.1138360760506,0.2743191167574082,0.22394441045761357,0.0,0.6382335148215366,0.4104658197217181,0.6382335148215366,610,0.61,40,0.6382335148215366,0,629,274.2991530550505,0.0,0.0,0.0,0.0,0.0,0.0,0,0.0,0,0.0,-1,-1,0.0,0
8,84,2022-06-30,0.4259702029078115,0.34251318166748285,0.0,0.886723118709059,0.6737498002875859,0.886723118709059,615,0.615,34,0.886723118709059,0,629,425.9300607125736,0.28210163339382954,0.23023921473328934,0.0,0.6896551724137931,0.440713853599516,0.6896551724137931,610,0.61,31,0.6896551724137931,0,629,282.08408953418143,0.0,0.0,0.0,0.0,0.0,0.0,0,0.0,0,0.0,-1,-1,0.0,1
8,86,2022-06-30,0.44017462853490874,0.3532458970720264,0.0,0.8951110401022527,0.69851413963892,0.8951110401022527,615,0.615,40,0.8951110401022527,0,629,440.1325291580113,0.263828493647912,0.21657748563731485,0.0,0.6412583182093164,0.382032667876588,0.6412583182093164,610,0.61,33,0.6412583182093164,0,629,263.8109497882647,0.0,0.0,0.0,0.0,0.0,0.0,0,0.0,0,0.0,-1,-1,0.0,0
8,88,2022-06-30,0.43893705064706706,0.3523697030907457,0.0,0.8927943760984183,0.6897267934174788,0.8927943760984183,615,0.615,41,0.8927943760984183,0,629,438.89507109761996,0.25603992740471754,0.21282562012204212,0.0,0.6228070175438597,0.3393829401088929,0.6228070175438597,610,0.61,34,0.6228070175438597,0,629,256.0228372655783,0.0,0.0,0.0,0.0,0.0,0.0,0,0.0,0,0.0,-1,-1,0.0,0
8,89,2022-06-30,0.4414070138999849,0.35427548211239207,0.0,0.8888001278159451,0.6963572455663845,0.8888001278159451,615,0.615,40,0.8888001278159451,0,629,441.3650343505344,0.2630686630369031,0.2159083914961693,0.0,0.6110102843315185,0.3759830611010284,0.6110102843315185,610,0.61,34,0.6110102843315185,0,629,263.0508166969145,0.0,0.0,0.0,0.0,0.0,0.0,0,0.0,0,0.0,-1,-1,0.0,0
8,97,2022-06-30,0.42123693880811597,0.33873018575590447,0.0,0.8925547212014698,0.6719923310432977,0.8925547212014698,615,0.615,41,0.8925547212014698,0,629,421.1949592586678,0.2630738052026635,0.21720706447975063,0.0,0.6439806412583182,0.3738656987295826,0.6439806412583182,610,0.61,35,0.6439806412583182,0,629,263.0562613430126,0.0,0.0,0.0,0.0,0.0,0.0,0,0.0,0,0.0,-1,-1,0.0,0
8,99,2022-06-30,0.45477680140597493,0.3354540224603068,0.0,0.8890397827128934,0.6868509346540981,0.8890397827128934,655,0.655,25,0.8890397827128934,0,659,454.7349816264571,0.24176376285541615,0.1906396654158508,0.0,0.6349062310949788,0.3112522686025408,0.6349062310949788,650,0.65,48,0.6349062310949788,0,659,241.74637023593337,0.0,0.0,0.0,0.0,0.0,0.0,0,0.0,0,0.0,-1,-1,0.0,0
8,101,2022-06-30,0.4964359322575482,0.3269611843850434,0.0,0.8930340309953667,0.7004313788145071,0.8930340309953667,705,0.705,20,0.8930340309953667,0,719,496.39567023486046,0.3284059286146399,0.22190448351169526,0.0,0.7014519056261344,0.4319419237749546,0.7014519056261344,700,0.7,47,0.7014519056261344,0,719,328.3880822746523,0.0,0.0,0.0,0.0,0.0,0.0,0,0.0,0,0.0,-1,-1,0.0,0
8,105,2022-06-30,0.43816879693241545,0.3515735643512356,0.0,0.8880811631250999,0.7034670075091868,0.8880811631250999,615,0.615,25,0.8880811631250999,0,629,438.12529956862187,0.27106473079249854,0.22140862653002313,0.0,0.6137326073805203,0.397156684815487,0.6137326073805203,610,0.61,49,0.6137326073805203,0,629,271.0443133696314,0.0,0.0,0.0,0.0,0.0,0.0,0,0.0,0,0.0,-1,-1,0.0,0
8,106,2022-06-30,0.48065553602811906,0.32368155816620586,0.0,0.810592746445119,0.6834158811311711,0.810592746445119,694,0.694,65,0.810592746445119,0,709,480.61739095702217,0.2779688445251046,0.19794889104086766,0.0,0.6200846944948578,0.3499697519661222,0.6200846944948578,690,0.69,75,0.6200846944948578,0,709,277.94948578342445,0.0,0.0,0.0,0.0,0.0,0.0,0,0.0,0,0.0,-1,-1,0.0,0
8,107,2022-06-30,0.5413215369867395,0.3559943922736953,0.0,0.9000639079725196,0.7659370506470682,0.9000639079725196,705,0.705,49,0.9000639079725196,0,719,541.279197954945,0.35529522081064685,0.24472507136377092,0.0,0.8194192377495463,0.454930429522081,0.8194192377495463,700,0.7,43,0.8194192377495463,0,719,355.2726860254078,0.0,0.0,0.0,0.0,0.0,0.0,0,0.0,0,0.0,-1,-1,0.0,0
8,108,2022-06-30,0.5637914203546881,0.32823864678446196,0.0,0.9012621824572616,0.7422112158491772,0.9012621824572616,754,0.754,50,0.9012621824572616,0,769,563.7525563189015,0.37325196612220163,0.2278495987497329,0.0,0.7955232909860859,0.4615849969751966,0.7955232909860859,750,0.75,40,0.7955232909860859,0,769,373.2316999395036,0.0,0.0,0.0,0.0,0.0,0.0,0,0.0,0,0.0,-1,-1,0.0,0
8,121,2022-06-30,0.5993002875858775,0.347095248724599,0.0,0.8904777120945838,0.7787186451509825,0.8904777120945838,755,0.755,35,0.8904777120945838,0,779,599.2583879213931,0.3182855414398064,0.19449735868985132,0.0,0.5562613430127041,0.3883847549909255,0.5562613430127041,750,0.75,229,0.5562613430127041,0,779,318.2681488203266,0.0,0.0,0.0,0.0,0.0,0.0,0,0.0,0,0.0,-1,-1,0.0,0
8,138,2022-06-30,0.46468812909410023,0.28367168668094384,0.0,0.7263141076849337,0.6294935293177824,0.7263141076849337,735,0.735,29,0.7263141076849337,0,759,464.6667998082769,0.3349110707804012,0.21027484123254656,0.0,0.6228070175438597,0.4322444041137326,0.6228070175438597,730,0.73,29,0.6228070175438597,0,759,334.893980641258,0.0,0.0,0.0,0.0,0.0,0.0,0,0.0,0,0.0,-1,-1,0.0,0
8,139,2022-06-30,0.4839000639079713,0.2513490923481262,0.0,0.7439686850934654,0.6010544815465729,0.7439686850934654,795,0.795,84,0.7439686850934654,0,809,483.8782153698687,0.3417326073805155,0.1834854596433127,0.0,0.617059891107078,0.3992740471869328,0.617059891107078,790,0.79,84,0.617059891107078,0,809,341.71203871748213,0.0,0.0,0.0,0.0,0.0,0.0,0,0.0,0,0.0,-1,-1,0.0,0
8,140,2022-06-30,0.5149049368908755,0.2588860105800333,0.0,0.7307876657613037,0.6390797251957182,0.7307876657613037,805,0.805,27,0.7307876657613037,0,809,514.8820099057358,0.38614186327888605,0.20044071593645368,0.0,0.6258318209316395,0.4640048396854204,0.6258318209316395,800,0.8,57,0.6258318209316395,0,809,386.122353297036,0.0,0.0,0.0,0.0,0.0,0.0,0,0.0,0,0.0,-1,-1,0.0,0
8,141,2022-06-30,0.4903684294615761,0.26417509560013874,0.0,0.8179421632848698,0.6094424029397667,0.8179421632848698,786,0.786,70,0.8179421632848698,0,789,490.3427863876011,0.36020356926799474,0.19874992025712884,0.0,0.6712038717483364,0.4395039322444041,0.6712038717483364,780,0.78,60,0.6712038717483364,0,789,360.17997580157163,0.0,0.0,0.0,0.0,0.0,0.0,0,0.0,0,0.0,-1,-1,0.0,0
8,142,2022-06-30,0.4321028918357549,0.3185290022713733,0.0,0.7282313468605208,0.6339670873941524,0.7282313468605208,655,0.655,47,0.7282313468605208,0,659,432.08004473557935,0.2488348457350274,0.18984026087394995,0.0,0.5955837870538415,0.3363581367211131,0.5955837870538415,650,0.65,47,0.5955837870538415,0,659,248.81382335148248,0.0,0.0,0.0,0.0,0.0,0.0,0,0.0,0,0.0,-1,-1,0.0,0
8,143,2022-06-30,0.4438304042179251,0.30705372867630637,0.0,0.8160249241092826,0.6367630611918836,0.8160249241092826,686,0.686,25,0.8160249241092826,0,709,443.8064387282309,0.3270722928009676,0.2346011187410984,0.0,0.8015728977616455,0.4367816091954023,0.8015728977616455,680,0.68,18,0.8015728977616455,0,709,327.0535390199628,0.0,0.0,0.0,0.0,0.0,0.0,0,0.0,0,0.0,-1,-1,0.0,0
8,144,2022-06-30,0.3833765777280683,0.28254370527967876,0.0,0.7302284710017575,0.5784470362677744,0.7302284710017575,655,0.655,24,0.7302284710017575,0,669,383.35369068541206,0.2504207501512365,0.19722913617665697,0.0,0.6530550514216575,0.3251663641863279,0.6530550514216575,650,0.65,18,0.6530550514216575,0,669,250.4029038112503,0.0,0.0,0.0,0.0,0.0,0.0,0,0.0,0,0.0,-1,-1,0.0,0
8,145,2022-06-30,0.38864291420354774,0.27821505242128036,0.0,0.8169036587314268,0.5542418916759866,0.8169036587314268,676,0.676,21,0.8169036587314268,0,689,388.625299568619,0.2520659407138544,0.19132279050120904,0.0,0.6957047791893527,0.338173018753781,0.6957047791893527,670,0.67,14,0.6957047791893527,0,689,252.0536902601335,0.0,0.0,0.0,0.0,0.0,0.0,0,0.0,0,0.0,-1,-1,0.0,0
8,146,2022-06-30,0.4337409330563958,0.25216234599786,0.0,0.7291899664483145,0.5733343984662087,0.7291899664483145,755,0.755,28,0.7291899664483145,0,769,433.718085956223,0.3895332728372646,0.2328751582382182,0.0,0.7710223835450696,0.4918330308529945,0.7710223835450696,750,0.75,28,0.7710223835450696,0,769,389.5136116152443,0.0,0.0,0.0,0.0,0.0,0.0,0,0.0,0,0.0,-1,-1,0.0,0
8,147,2022-06-30,0.4779238696277358,0.24056184521673776,0.0,0.7267934174788305,0.589391276561751,0.7267934174788305,805,0.805,36,0.7267934174788305,0,819,477.9009825850766,0.4100934664246813,0.2212749561607461,0.0,0.8977616454930429,0.4875983061101028,0.8977616454930429,800,0.8,26,0.8977616454930429,0,819,410.07410768300025,0.0,0.0,0.0,0.0,0.0,0.0,0,0.0,0,0.0,-1,-1,0.0,0
8,148,2022-06-30,0.5843288864035792,0.2460683590806198,0.0,0.7284710017574693,0.6856526601693561,0.7284710017574693,855,0.855,10,0.7284710017574693,0,859,584.3089151621676,0.4016421657592259,0.17731896832595434,0.0,0.6019358741681791,0.455535390199637,0.6019358741681791,850,0.85,110,0.6019358741681791,0,859,401.62341197822127,0.0,0.0,0.0,0.0,0.0,0.0,0,0.0,0,0.0,-1,-1,0.0,0
8,149,2022-06-30,0.38941995526441603,0.2867101546133174,0.0,0.7305480108643553,0.5867550726953188,0.7305480108643553,655,0.655,23,0.7305480108643553,0,659,389.39838632369316,0.2666152450090733,0.20523800963384128,0.0,0.6802782819116757,0.352087114337568,0.6802782819116757,650,0.65,20,0.6802782819116757,0,659,266.5980036297636,0.0,0.0,0.0,0.0,0.0,0.0,0,0.0,0,0.0,-1,-1,0.0,0
8,150,2022-06-30,0.3919846620865946,0.2885399472186592,0.0,0.7207221600894712,0.5958619587793578,0.7207221600894712,655,0.655,16,0.7207221600894712,0,669,391.96197475635256,0.2661869328493655,0.20380642945119218,0.0,0.6228070175438597,0.35178463399879,0.6228070175438597,650,0.65,49,0.6228070175438597,0,669,266.16984271022443,0.0,0.0,0.0,0.0,0.0,0.0,0,0.0,0,0.0,-1,-1,0.0,0
8,151,2022-06-30,0.46711088033232073,0.2203814673227804,0.0,0.8155456143153859,0.5405016775842786,0.8155456143153859,835,0.835,42,0.8155456143153859,0,849,467.08531714331286,0.38398094373865815,0.1999577774214597,0.0,0.8862673926194797,0.4376890502117362,0.8862673926194797,830,0.83,32,0.8862673926194797,0,849,383.9618874773153,0.0,0.0,0.0,0.0,0.0,0.0,0,0.0,0,0.0,-1,-1,0.0,0
8,152,2022-06-30,0.5192886243808927,0.27831376557496074,0.0,0.8245726154337754,0.6466687969324173,0.8245726154337754,786,0.786,47,0.8245726154337754,0,789,519.261143952708,0.35027313974591834,0.2058443456474069,0.0,0.7891712038717483,0.3914095583787054,0.7891712038717483,780,0.78,33,0.7891712038717483,0,789,350.2545372050822,0.0,0.0,0.0,0.0,0.0,0.0,0,0.0,0,0.0,-1,-1,0.0,0
8,153,2022-06-30,0.44041564147627277,0.30489714225004344,0.0,0.8160249241092826,0.6271768653139479,0.8160249241092826,686,0.686,22,0.8160249241092826,0,699,440.3916759865787,0.32849667271627175,0.23461116442982585,0.0,0.7713248638838476,0.4385964912280701,0.7713248638838476,680,0.68,19,0.7713248638838476,0,699,328.4754990925579,0.0,0.0,0.0,0.0,0.0,0.0,0,0.0,0,0.0,-1,-1,0.0,0
9,0,2022-08-26,0.5124668477392541,0.3369069173235371,0.0,0.8947915002396549,0.7193641156734303,0.8947915002396549,705,0.705,38,0.8947915002396549,0,719,512.4247483623571,0.31666243194192495,0.21398730686560608,0.0,0.6802782819116757,0.4216575922565033,0.6802782819116757,700,0.7,25,0.6802782819116757,0,719,316.63989715668515,0.0,0.0,0.0,0.0,0.0,0.0,0,0.0,0,0.0,-1,-1,0.0,0
9,1,2022-08-26,0.5361214251477885,0.352027406097097,0.0,0.8866432337434095,0.7545135005591947,0.8866432337434095,705,0.705,33,0.8866432337434095,0,709,536.0779677264744,0.33482395644283025,0.22341463500682168,0.0,0.5898366606170599,0.4624924379915305,0.5898366606170599,700,0.7,27,0.5898366606170599,0,709,334.8032365396248,0.0,0.0,0.0,0.0,0.0,0.0,0,0.0,0,0.0,-1,-1,0.0,0
9,2,2022-08-26,0.5239825051925227,0.3043852198879567,0.0,0.8062789583000479,0.6861319699632529,0.8062789583000479,754,0.754,20,0.8062789583000479,0,769,523.9493129892952,0.33195583787053606,0.20039581892509492,0.0,0.6530550514216575,0.4201451905626134,0.6530550514216575,750,0.75,34,0.6530550514216575,0,769,331.9366303690262,0.0,0.0,0.0,0.0,0.0,0.0,0,0.0,0,0.0,-1,-1,0.0,0
9,30,2022-08-26,0.44154481546572905,0.3543748832271102,0.0,0.8959897747243969,0.7027480428183416,0.8959897747243969,615,0.615,26,0.8959897747243969,0,629,441.5044336155923,0.2765783424077436,0.2254892049427967,0.0,0.6046581972171808,0.411373260738052,0.6046581972171808,610,0.61,23,0.6046581972171808,0,629,276.55822746521545,0.0,0.0,0.0,0.0,0.0,0.0,0,0.0,0,0.0,-1,-1,0.0,0
9,37,2022-08-26,0.450375938648346,0.36105149426094474,0.0,0.891196676785429,0.7164882569100496,0.891196676785429,615,0.615,24,0.891196676785429,0,629,450.33228151461844,0.2730574712643674,0.22315643891344444,0.0,0.5263157894736842,0.4168179068360556,0.5263157894736842,610,0.61,49,0.5263157894736842,0,629,273.0369026013309,0.0,0.0,0.0,0.0,0.0,0.0,0,0.0,0,0.0,-1,-1,0.0,0
9,43,2022-08-26,0.4187192842307067,0.3648223624554134,0.0,0.891196676785429,0.7059434414443202,0.891196676785429,575,0.575,48,0.891196676785429,0,589,418.6773446237413,0.26143284936479116,0.23171708405367594,0.0,0.5774349667271628,0.3986690865093769,0.5774349667271628,570,0.57,48,0.5774349667271628,0,589,261.4103145795521,0.0,0.0,0.0,0.0,0.0,0.0,0,0.0,0,0.0,-1,-1,0.0,0
9,44,2022-08-26,0.45041156734302357,0.3611885192106423,0.0,0.889998402300687,0.7224796293337594,0.889998402300687,615,0.615,24,0.889998402300687,0,629,450.36795015178114,0.2742171808832421,0.22495752058053037,0.0,0.5683605565638233,0.4013914095583787,0.5683605565638233,610,0.61,44,0.5683605565638233,0,629,274.1972171808828,0.0,0.0,0.0,0.0,0.0,0.0,0,0.0,0,0.0,-1,-1,0.0,0
9,46,2022-08-26,0.45192179261862825,0.36256940169144924,0.0,0.8916759865793258,0.722080204505512,0.8916759865793258,615,0.615,30,0.8916759865793258,0,629,451.8816104809085,0.2710732002419839,0.22173865846283294,0.0,0.6019358741681791,0.4035087719298245,0.6019358741681791,610,0.61,23,0.6019358741681791,0,629,271.0532365396258,0.0,0.0,0.0,0.0,0.0,0.0,0,0.0,0,0.0,-1,-1,0.0,0
9,47,2022-08-26,0.47214339351334156,0.378133176663202,0.0,0.8976673590030356,0.7603451030516057,0.8976673590030356,615,0.615,47,0.8976673590030356,0,629,472.1011743089951,0.2686343012704176,0.2183772541421696,0.0,0.5232909860859044,0.4122807017543859,0.5232909860859044,610,0.61,47,0.5232909860859044,0,629,268.6138838475504,0.0,0.0,0.0,0.0,0.0,0.0,0,0.0,0,0.0,-1,-1,0.0,0
9,73,2022-08-26,0.4253811311711126,0.34215738717371835,0.0,0.891196676785429,0.681498641955584,0.891196676785429,615,0.615,30,0.891196676785429,0,629,425.34094903339144,0.28869388989715666,0.2383286672705522,0.0,0.7652752571082879,0.4349667271627344,0.7652752571082879,610,0.61,26,0.7652752571082879,0,629,288.6715063520876,0.0,0.0,0.0,0.0,0.0,0.0,0,0.0,0,0.0,-1,-1,0.0,1
9,75,2022-08-26,0.46325235660648684,0.3714067237468575,0.0,0.8933535708579645,0.742690525643074,0.8933535708579645,615,0.615,31,0.8933535708579645,0,629,463.21033711455567,0.27885269207501523,0.22751389002901085,0.0,0.6110102843315185,0.4216575922565033,0.6110102843315185,610,0.61,31,0.6110102843315185,0,629,278.83242589231645,0.0,0.0,0.0,0.0,0.0,0.0,0,0.0,0,0.0,-1,-1,0.0,0
9,77,2022-08-26,0.45686826969164424,0.3662250663994754,0.0,0.893593225754913,0.732385365074293,0.893593225754913,615,0.615,46,0.893593225754913,0,629,456.8262501997125,0.27264821536600226,0.22171683679800963,0.0,0.6079854809437386,0.4195402298850574,0.6079854809437386,610,0.61,49,0.6079854809437386,0,629,272.6279491833031,0.0,0.0,0.0,0.0,0.0,0.0,0,0.0,0,0.0,-1,-1,0.0,0
9,78,2022-08-26,0.4633963891995537,0.37148711821727887,0.0,0.8904777120945838,0.7473238536507429,0.8904777120945838,615,0.615,47,0.8904777120945838,0,629,463.3544895350695,0.2766796733212321,0.22621649996737753,0.0,0.6530550514216575,0.4225650332728373,0.6530550514216575,610,0.61,41,0.6530550514216575,0,629,276.65804597701066,0.0,0.0,0.0,0.0,0.0,0.0,0,0.0,0,0.0,-1,-1,0.0,0
9,105,2022-08-26,0.4525620706183089,0.36281401682413417,0.0,0.8971880492091389,0.7283112318261703,0.8971880492091389,615,0.615,22,0.8971880492091389,0,629,452.5198514139635,0.27275015124016966,0.2224965854519538,0.0,0.617059891107078,0.4041137326073805,0.617059891107078,610,0.61,49,0.617059891107078,0,629,272.72958257713293,0.0,0.0,0.0,0.0,0.0,0.0,0,0.0,0,0.0,-1,-1,0.0,0
9,107,2022-08-26,0.5153637162486013,0.3387393165154419,0.0,0.9118069979229908,0.722239974436811,0.9118069979229908,705,0.705,30,0.9118069979229908,0,719,515.3208180220497,0.3399509981851171,0.2315875240277543,0.0,0.677555958862674,0.4382940108892922,0.677555958862674,700,0.7,27,0.677555958862674,0,719,339.93118572292815,0.0,0.0,0.0,0.0,0.0,0.0,0,0.0,0,0.0,-1,-1,0.0,0
9,108,2022-08-26,0.58724436810992,0.3412880225518252,0.0,0.8907173669915321,0.7824732385365074,0.8907173669915321,755,0.755,45,0.8907173669915321,0,769,587.2042259146817,0.3504210526315779,0.212018876678953,0.0,0.7196007259528131,0.4373865698729582,0.7196007259528131,750,0.75,38,0.7196007259528131,0,769,350.4000302480345,0.0,0.0,0.0,0.0,0.0,0.0,0,0.0,0,0.0,-1,-1,0.0,0
9,110,2022-08-26,0.47926314107685114,0.3838761928152781,0.0,0.8907173669915321,0.7684933695478511,0.8907173669915321,615,0.615,27,0.8907173669915321,0,619,479.22471640837176,0.2786040532365398,0.22942142503955126,0.0,0.5562613430127041,0.4189352692075015,0.5562613430127041,610,0.61,250,0.5562613430127041,0,619,278.583333333333,0.0,0.0,0.0,0.0,0.0,0.0,0,0.0,0,0.0,-1,-1,0.0,0
9,118,2022-08-26,0.6930581562549911,0.2352262495421864,0.0,0.9342546732704904,0.7657772807157693,0.9342546732704904,905,0.905,94,0.9342546732704904,0,919,693.0160568780955,0.37304325468844207,0.1311296799228652,0.0,0.5683605565638233,0.4035087719298245,0.5683605565638233,900,0.9,97,0.5683605565638233,0,919,373.0232909860835,0.0,0.0,0.0,0.0,0.0,0.0,0,0.0,0,0.0,-1,-1,0.0,0
10,103,2022-09-03,0.5068418277680143,0.3334770722066053,0.0,0.8895190925067902,0.7116152740054322,0.8895190925067902,704,0.704,35,0.8895190925067902,0,719,506.81219044575823,0.34326315789473644,0.24665890312776909,0.0,0.9525105868118572,0.4219600725952813,0.9525105868118572,700,0.7,49,0.9525105868118572,0,719,343.2501512401693,0.0,0.0,0.0,0.0,0.0,0.0,0,0.0,0,0.0,-1,-1,0.0,0
11,137,2022-09-15,0.4177983703467026,0.3070084466517681,0.0,0.7342227192842307,0.6391596101613676,0.7342227192842307,655,0.655,20,0.7342227192842307,0,669,417.7753634765925,0.27252752571082844,0.20419322790856492,0.0,0.5381125226860254,0.3777979431336963,0.5381125226860254,650,0.65,49,0.5381125226860254,0,669,272.50650332728287,0.0,0.0,0.0,0.0,0.0,0.0,0,0.0,0,0.0,-1,-1,0.0,0
11,139,2022-09-15,0.502983703467005,0.26031989445380965,0.0,0.7438089151621665,0.6270969803482984,0.7438089151621665,796,0.796,80,0.7438089151621665,0,809,502.961854928902,0.36200060496067676,0.19038096445277347,0.0,0.5747126436781609,0.4528130671506352,0.5747126436781609,790,0.79,80,0.5747126436781609,0,809,361.98033877797974,0.0,0.0,0.0,0.0,0.0,0.0,0,0.0,0,0.0,-1,-1,0.0,0
11,140,2022-09-15,0.5042194440006389,0.2538351649239898,0.0,0.7339830643872823,0.6245406614475156,0.7339830643872823,805,0.805,31,0.7339830643872823,0,809,504.1993129892945,0.3831624319419221,0.20279721051028438,0.0,0.6923774954627949,0.4561403508771929,0.6923774954627949,800,0.8,21,0.6923774954627949,0,809,383.14216575922427,0.0,0.0,0.0,0.0,0.0,0.0,0,0.0,0,0.0,-1,-1,0.0,0
11,141,2022-09-15,0.4916609682057819,0.2648845825690445,0.0,0.8224956063268892,0.6128774564626938,0.8224956063268892,786,0.786,73,0.8224956063268892,0,789,491.63516536187893,0.35735722928009656,0.1959346115899011,0.0,0.6439806412583182,0.4395039322444041,0.6439806412583182,780,0.78,63,0.6439806412583182,0,789,357.33590441621027,0.0,0.0,0.0,0.0,0.0,0.0,0,0.0,0,0.0,-1,-1,0.0,0
11,142,2022-09-15,0.40017319060552997,0.29426831515293,0.0,0.7287106566544176,0.6058475794855408,0.7287106566544176,655,0.655,20,0.7287106566544176,0,659,400.15034350535194,0.24865184513006464,0.1949021849515047,0.0,0.5898366606170599,0.3097398669086509,0.5898366606170599,650,0.65,43,0.5898366606170599,0,659,248.63112522685842,0.0,0.0,0.0,0.0,0.0,0.0,0,0.0,0,0.0,-1,-1,0.0,0
11,146,2022-09-15,0.46056710337114226,0.26682818261792923,0.0,0.7330244447994887,0.6094424029397667,0.7330244447994887,755,0.755,23,0.7330244447994887,0,769,460.5455743729021,0.3753021778584387,0.22404045973752157,0.0,0.7196007259528131,0.4739866908650937,0.7196007259528131,750,0.75,16,0.7196007259528131,0,769,375.2811554748944,0.0,0.0,0.0,0.0,0.0,0.0,0,0.0,0,0.0,-1,-1,0.0,0
11,147,2022-09-15,0.5377164083719432,0.27029899167726235,0.0,0.7284710017574693,0.671353251318102,0.7284710017574693,805,0.805,26,0.7284710017574693,0,819,537.6935612717687,0.41560828796128174,0.2193218492833804,0.0,0.7078039927404719,0.4786751361161524,0.7078039927404719,800,0.8,26,0.7078039927404719,0,819,415.58756805807593,0.0,0.0,0.0,0.0,0.0,0.0,0,0.0,0,0.0,-1,-1,0.0,0
11,148,2022-09-15,0.5775479309793904,0.24332149677769455,0.0,0.7300687010704585,0.6756670394631731,0.7300687010704585,855,0.855,13,0.7300687010704585,0,859,577.5293577248757,0.4088660012099217,0.1820803295524933,0.0,0.6200846944948578,0.454627949183303,0.6200846944948578,850,0.85,149,0.6200846944948578,0,859,408.84664246823905,0.0,0.0,0.0,0.0,0.0,0.0,0,0.0,0,0.0,-1,-1,0.0,0
11,154,2022-09-15,0.5703355168557265,0.19688911797310524,0.0,0.8239335357085796,0.6139159610161368,0.8239335357085796,906,0.906,98,0.8239335357085796,0,919,570.3096740693385,0.4467649727767683,0.16602117004679656,0.0,0.7168784029038112,0.470810647307925,0.7168784029038112,900,0.9,98,0.7168784029038112,0,919,446.7410768300057,0.0,0.0,0.0,0.0,0.0,0.0,0,0.0,0,0.0,-1,-1,0.0,0
12,0,2022-10-14,0.5260942642594667,0.3457800514465364,0.0,0.8970282792778399,0.7316664003834479,0.8970282792778399,705,0.705,47,0.8970282792778399,0,719,526.0520849976045,0.3132525710828804,0.2102210176274706,0.0,0.6439806412583182,0.4243799153055051,0.6439806412583182,700,0.7,41,0.6439806412583182,0,719,313.23245614034903,0.0,0.0,0.0,0.0,0.0,0.0,0,0.0,0,0.0,-1,-1,0.0,0
12,1,2022-10-14,0.5696604888959891,0.3738349445365717,0.0,0.8979868988656335,0.8169835436970763,0.8979868988656335,705,0.705,49,0.8979868988656335,0,709,569.6164722799164,0.3194999999999981,0.2138030587292441,0.0,0.4909255898366606,0.4618874773139746,0.4909255898366606,700,0.7,278,0.4909255898366606,0,709,319.4797338173016,0.0,0.0,0.0,0.0,0.0,0.0,0,0.0,0,0.0,-1,-1,0.0,0
12,2,2022-10-14,0.5315782872663357,0.3087091216777318,0.0,0.8139479150023965,0.6957980508068381,0.8139479150023965,754,0.754,65,0.8139479150023965,0,769,531.5431778239326,0.32753932244404255,0.19700390250932953,0.0,0.6258318209316395,0.4098608590441621,0.6258318209316395,750,0.75,52,0.6258318209316395,0,769,327.5186025408365,0.0,0.0,0.0,0.0,0.0,0.0,0,0.0,0,0.0,-1,-1,0.0,0
12,30,2022-10-14,0.4900619108483791,0.3932076199468297,0.0,0.8941524205144592,0.7573893593225755,0.8941524205144592,615,0.615,20,0.8941524205144592,0,629,490.01985141396284,0.27043920145190625,0.2221382980760139,0.0,0.5837870538415003,0.3774954627949183,0.5837870538415003,610,0.61,44,0.5837870538415003,0,629,270.4186327888686,0.0,0.0,0.0,0.0,0.0,0.0,0,0.0,0,0.0,-1,-1,0.0,0
12,37,2022-10-14,0.4922531554561423,0.39445131187327,0.0,0.8979868988656335,0.7571497044256271,0.8979868988656335,615,0.615,46,0.8979868988656335,0,629,492.20913884007086,0.24733000604960584,0.20200522886349387,0.0,0.4579552329098608,0.3369630973986691,0.4579552329098608,610,0.61,19,0.4579552329098608,0,629,247.30928614640143,0.0,0.0,0.0,0.0,0.0,0.0,0,0.0,0,0.0,-1,-1,0.0,0
12,43,2022-10-14,0.45161519412046697,0.39317579060318325,0.0,0.906854130052724,0.7325451350055919,0.906854130052724,575,0.575,48,0.906854130052724,0,589,451.5725355488091,0.238920750151239,0.21344290311334746,0.0,0.4818511796733212,0.3112522686025408,0.4818511796733212,570,0.57,432,0.4818511796733212,0,589,238.8998790078632,0.0,0.0,0.0,0.0,0.0,0.0,0,0.0,0,0.0,-1,-1,0.0,0
12,44,2022-10-14,0.4808105927464463,0.38567106490815495,0.0,0.8970282792778399,0.7422112158491772,0.8970282792778399,615,0.615,25,0.8970282792778399,0,629,480.76841348458214,0.2646569872958262,0.2178757548793947,0.0,0.4969751966122202,0.3483061101028433,0.4969751966122202,610,0.61,15,0.4969751966122202,0,629,264.6365698729583,0.0,0.0,0.0,0.0,0.0,0.0,0,0.0,0,0.0,-1,-1,0.0,0
12,45,2022-10-14,0.5325826010544825,0.36670356304049945,0.0,0.9030196517015496,0.7750439367311072,0.9030196517015496,685,0.685,73,0.9030196517015496,0,699,532.5399424828256,0.29020084694494686,0.20474094252245895,0.0,0.4818511796733212,0.4249848759830611,0.4818511796733212,680,0.68,17,0.4818511796733212,0,699,290.1799758015719,0.0,0.0,0.0,0.0,0.0,0.0,0,0.0,0,0.0,-1,-1,0.0,0
12,73,2022-10-14,0.4640397827128948,0.37229082425377774,0.0,0.8996644831442723,0.7444479948873622,0.8996644831442723,615,0.615,11,0.8996644831442723,0,629,463.9974436810993,0.2888324258923167,0.23528412952130753,0.0,0.6712038717483364,0.4422262552934059,0.6712038717483364,610,0.61,44,0.6712038717483364,0,629,288.81019358741634,0.0,0.0,0.0,0.0,0.0,0.0,0,0.0,0,0.0,-1,-1,0.0,1
12,75,2022-10-14,0.49353019651701663,0.39568878861631873,0.0,0.8965489694839431,0.8086755072695319,0.8965489694839431,615,0.615,47,0.8965489694839431,0,629,493.48625978590877,0.2649709618874771,0.2174933716985377,0.0,0.5898366606170599,0.3953418027828191,0.5898366606170599,610,0.61,37,0.5898366606170599,0,629,264.9502419842711,0.0,0.0,0.0,0.0,0.0,0.0,0,0.0,0,0.0,-1,-1,0.0,0
12,77,2022-10-14,0.4965945837993289,0.39772141441741843,0.0,0.9032593065984982,0.8111519412046653,0.9032593065984982,615,0.615,48,0.9032593065984982,0,629,496.55032752835984,0.2519328493647918,0.20453294872926764,0.0,0.4667271627344223,0.382335148215366,0.4667271627344223,610,0.61,45,0.4667271627344223,0,629,251.91182698124638,0.0,0.0,0.0,0.0,0.0,0.0,0,0.0,0,0.0,-1,-1,0.0,0
12,78,2022-10-14,0.49625275603131586,0.3976360886792217,0.0,0.9018213772168078,0.8133887202428502,0.9018213772168078,615,0.615,48,0.9018213772168078,0,629,496.21033711455425,0.2623079249848767,0.21294220428445942,0.0,0.5172413793103449,0.4095583787053841,0.5172413793103449,610,0.61,45,0.5172413793103449,0,629,262.28569267997585,0.0,0.0,0.0,0.0,0.0,0.0,0,0.0,0,0.0,-1,-1,0.0,0
12,103,2022-10-14,0.5071553762581879,0.33358997348786634,0.0,0.9219523885604728,0.7086595302764019,0.9219523885604728,704,0.704,20,0.9219523885604728,0,719,507.1246604888962,0.3481125226860256,0.24589833140721093,0.0,0.8735632183908046,0.426497277676951,0.8735632183908046,700,0.7,40,0.8735632183908046,0,719,348.10057471264486,0.0,0.0,0.0,0.0,0.0,0.0,0,0.0,0,0.0,-1,-1,0.0,0
12,105,2022-10-14,0.4960417798370369,0.3973148338214803,0.0,0.8996644831442723,0.8114714810672632,0.8996644831442723,615,0.615,43,0.8996644831442723,0,629,495.9976833359971,0.25898003629763955,0.21231333347336734,0.0,0.4939503932244404,0.3829401088929219,0.4939503932244404,610,0.61,16,0.4939503932244404,0,629,258.9578039927409,0.0,0.0,0.0,0.0,0.0,0.0,0,0.0,0,0.0,-1,-1,0.0,0
12,106,2022-10-14,0.5367842307077817,0.3604413862898016,0.0,0.8469404058156255,0.7772008308036428,0.8469404058156255,695,0.695,76,0.8469404058156255,0,709,536.7444080524059,0.2834189352692071,0.19438733156447163,0.0,0.5030248033877798,0.382032667876588,0.5030248033877798,690,0.69,236,0.5030248033877798,0,709,283.4001814882038,0.0,0.0,0.0,0.0,0.0,0.0,0,0.0,0,0.0,-1,-1,0.0,0
12,107,2022-10-14,0.5646021728710653,0.371574526790683,0.0,0.8960696596900464,0.8117111359642115,0.8960696596900464,704,0.704,29,0.8960696596900464,0,719,564.5582760824411,0.331179975801573,0.22711887473567527,0.0,0.7407743496672716,0.4649122807017544,0.7407743496672716,700,0.7,43,0.7407743496672716,0,719,331.15970961887496,0.0,0.0,0.0,0.0,0.0,0.0,0,0.0,0,0.0,-1,-1,0.0,0
12,108,2022-10-14,0.5693314427224782,0.33180572354457727,0.0,0.9027799968046014,0.7541140757309475,0.9027799968046014,754,0.754,45,0.9027799968046014,0,769,569.2907413324804,0.35444736842105173,0.22058300802633052,0.0,0.8194192377495463,0.4385964912280701,0.8194192377495463,750,0.75,22,0.8194192377495463,0,769,354.4264972776748,0.0,0.0,0.0,0.0,0.0,0.0,0,0.0,0,0.0,-1,-1,0.0,0
12,109,2022-10-14,0.5509958459817916,0.38032830596251627,0.0,1.0,0.7960536826969165,1.0,685,0.685,74,1.0,0,699,550.952708100338,0.26698820326678696,0.18943775098496668,0.0,0.4458560193587417,0.4019963702359346,0.4458560193587417,680,0.68,17,0.4458560193587417,0,699,266.9671808832433,0.0,0.0,0.0,0.0,0.0,0.0,0,0.0,0,0.0,-1,-1,0.0,0
12,110,2022-10-14,0.49385013580444215,0.39572067784692483,0.0,0.8941524205144592,0.8012462054641316,0.8941524205144592,615,0.615,48,0.8941524205144592,0,619,493.809833839271,0.2564437386569856,0.21259005841516176,0.0,0.4758015728977616,0.33635813672111314,0.4758015728977616,610,0.61,448,0.4758015728977616,0,619,256.4213551119174,0.0,0.0,0.0,0.0,0.0,0.0,0,0.0,0,0.0,-1,-1,0.0,0
12,118,2022-10-14,0.7078840869148484,0.23869914773676296,0.0,0.928662725675028,0.7829525483304042,0.928662725675028,905,0.905,93,0.928662725675028,0,919,707.8385924269095,0.3418889897156686,0.12253785248075487,0.0,0.4458560193587417,0.3947368421052631,0.4458560193587417,900,0.9,76,0.4458560193587417,0,919,341.86796733212344,0.0,0.0,0.0,0.0,0.0,0.0,0,0.0,0,0.0,-1,-1,0.0,0
12,138,2022-10-14,0.4803031634446368,0.292900547944962,0.0,0.7285508867231187,0.6539383288065186,0.7285508867231187,735,0.735,29,0.7285508867231187,0,759,480.2802364594989,0.3410865093768904,0.2131498088200212,0.0,0.6258318209316395,0.4367816091954023,0.6258318209316395,730,0.73,22,0.6258318209316395,0,759,341.07062915910484,0.0,0.0,0.0,0.0,0.0,0.0,0,0.0,0,0.0,-1,-1,0.0,0
12,143,2022-10-14,0.44283735420993736,0.30648498723708106,0.0,0.8224956063268892,0.6354050167758428,0.8224956063268892,686,0.686,28,0.8224956063268892,0,709,442.81155136603456,0.33405111917725194,0.23939940661786757,0.0,0.8194192377495463,0.4467634603750756,0.8194192377495463,680,0.68,21,0.8194192377495463,0,709,334.031911675741,0.0,0.0,0.0,0.0,0.0,0.0,0,0.0,0,0.0,-1,-1,0.0,0
12,144,2022-10-14,0.3883430260424979,0.2859527556531819,0.0,0.7286307716887682,0.5885924269052565,0.7286307716887682,655,0.655,32,0.7286307716887682,0,669,388.3201789423227,0.26519691470054496,0.20253593301460507,0.0,0.6258318209316395,0.3532970356926799,0.6258318209316395,650,0.65,22,0.6258318209316395,0,669,265.1810344827588,0.0,0.0,0.0,0.0,0.0,0.0,0,0.0,0,0.0,-1,-1,0.0,0
12,145,2022-10-14,0.38859937689726964,0.2783047411839416,0.0,0.8228950311551366,0.5550407413324813,0.8228950311551366,676,0.676,63,0.8228950311551366,0,689,388.5816424348972,0.25703145795523313,0.19358846072294922,0.0,0.6684815486993345,0.338173018753781,0.6684815486993345,670,0.67,40,0.6684815486993345,0,689,257.0184513006657,0.0,0.0,0.0,0.0,0.0,0.0,0,0.0,0,0.0,-1,-1,0.0,0
12,151,2022-10-14,0.46741987537945523,0.2204024396351804,0.0,0.8137082601054482,0.5413804122064227,0.8137082601054482,835,0.835,30,0.8137082601054482,0,849,467.3942722479644,0.3851358136721098,0.20323230555814123,0.0,0.9159104658197216,0.4361766485178463,0.9159104658197216,830,0.83,23,0.9159104658197216,0,849,385.11781609195305,0.0,0.0,0.0,0.0,0.0,0.0,0,0.0,0,0.0,-1,-1,0.0,0
12,152,2022-10-14,0.519425227672153,0.27867339498784705,0.0,0.83583639559035,0.6522607445278799,0.83583639559035,786,0.786,59,0.83583639559035,0,789,519.3973877616253,0.35535269207501596,0.209047959924476,0.0,0.7955232909860859,0.3992740471869328,0.7955232909860859,780,0.78,49,0.7955232909860859,0,789,355.3340895341805,0.0,0.0,0.0,0.0,0.0,0.0,0,0.0,0,0.0,-1,-1,0.0,0
12,153,2022-10-14,0.4438879213931929,0.3072186126207792,0.0,0.8137082601054482,0.6350055919475954,0.8137082601054482,686,0.686,22,0.8137082601054482,0,699,443.86399584598104,0.3284803387779802,0.23465598443155503,0.0,0.7770719903206291,0.4388989715668481,0.7770719903206291,680,0.68,19,0.7770719903206291,0,699,328.46203871748406,0.0,0.0,0.0,0.0,0.0,0.0,0,0.0,0,0.0,-1,-1,0.0,0
12,155,2022-10-14,0.36908427863876053,0.3344557669129035,0.0,0.7283911167918198,0.6198274484741971,0.7283911167918198,555,0.555,46,0.7283911167918198,0,559,369.06286946796587,0.23320931639443462,0.21519777426044365,0.0,0.5172413793103449,0.366908650937689,0.5172413793103449,550,0.55,166,0.5172413793103449,0,559,233.19207501512395,0.0,0.0,0.0,0.0,0.0,0.0,0,0.0,0,0.0,-1,-1,0.0,0
12,156,2022-10-14,0.4252013899984012,0.3123919690027653,0.0,0.7305480108643553,0.6500239654896949,0.7305480108643553,656,0.656,33,0.7305480108643553,0,659,425.1798210576765,0.2907274652147634,0.21781848875937868,0.0,0.647307924984876,0.426194797338173,0.647307924984876,650,0.65,23,0.647307924984876,0,659,290.70977011494386,0.0,0.0,0.0,0.0,0.0,0.0,0,0.0,0,0.0,-1,-1,0.0,0
13,136,2022-11-03,0.419111838951911,0.3080674204468778,0.0,0.7362198434254673,0.6380412206422751,0.7362198434254673,656,0.656,47,0.7362198434254673,0,659,419.09019012621957,0.258734724742892,0.19472046502184182,0.0,0.5090744101633394,0.35465819721718084,0.5090744101633394,650,0.65,180,0.5090744101633394,0,659,258.71370235934614,0.0,0.0,0.0,0.0,0.0,0.0,0,0.0,0,0.0,-1,-1,0.0,0
13,137,2022-11-03,0.4041572934973657,0.29704656383538797,0.0,0.7271129573414283,0.6130372263939926,0.7271129573414283,655,0.655,23,0.7271129573414283,0,669,404.1344863396713,0.2663242589231697,0.20013040807207869,0.0,0.5353901996370236,0.367211131276467,0.5353901996370236,650,0.65,49,0.5353901996370236,0,669,266.3033877797937,0.0,0.0,0.0,0.0,0.0,0.0,0,0.0,0,0.0,-1,-1,0.0,0
13,139,2022-11-03,0.48981546572935286,0.25388953673978665,0.0,0.7291899664483145,0.6090429781115194,0.7291899664483145,795,0.795,82,0.7291899664483145,0,809,489.7940565585567,0.36689201451905745,0.19409713737596077,0.0,0.5955837870538415,0.455535390199637,0.5955837870538415,790,0.79,72,0.5955837870538415,0,809,366.87341197822235,0.0,0.0,0.0,0.0,0.0,0.0,0,0.0,0,0.0,-1,-1,0.0,0
13,140,2022-11-03,0.5066369228311204,0.2550208158589687,0.0,0.7298290461735102,0.6267774404857006,0.7298290461735102,805,0.805,26,0.7298290461735102,0,809,506.61547371784565,0.3929503932244384,0.20700026878106925,0.0,0.6896551724137931,0.4621899576527525,0.6896551724137931,800,0.8,26,0.6896551724137931,0,809,392.93012704174305,0.0,0.0,0.0,0.0,0.0,0.0,0,0.0,0,0.0,-1,-1,0.0,0
13,141,2022-11-03,0.5014344943281661,0.2694089987742526,0.0,0.7995686211854929,0.6295734142834318,0.7995686211854929,786,0.786,33,0.7995686211854929,0,789,501.409330563988,0.3661657592256508,0.20181223260667336,0.0,0.6712038717483364,0.4528130671506352,0.6712038717483364,780,0.78,33,0.6712038717483364,0,789,366.14352692075033,0.0,0.0,0.0,0.0,0.0,0.0,0,0.0,0,0.0,-1,-1,0.0,0
13,142,2022-11-03,0.39038800127815804,0.28732715041997564,0.0,0.7239175587154497,0.5904297811151942,0.7239175587154497,655,0.655,32,0.7239175587154497,0,659,390.3653139479146,0.2526539624924404,0.19701551149094967,0.0,0.6110102843315185,0.3185117967332123,0.6110102843315185,650,0.65,49,0.6110102843315185,0,659,252.6336963097398,0.0,0.0,0.0,0.0,0.0,0.0,0,0.0,0,0.0,-1,-1,0.0,0
13,146,2022-11-03,0.44927831922032024,0.2609618874349074,0.0,0.7271129573414283,0.598817702508388,0.7271129573414283,755,0.755,41,0.7271129573414283,0,769,449.2555120626316,0.38015668481548787,0.22884956217728059,0.0,0.8076225045372051,0.4875983061101028,0.8076225045372051,750,0.75,41,0.8076225045372051,0,769,380.13611615245094,0.0,0.0,0.0,0.0,0.0,0.0,0,0.0,0,0.0,-1,-1,0.0,0
13,147,2022-11-03,0.4842094583799291,0.24354180929100094,0.0,0.7250359482345422,0.5999360920274804,0.7250359482345422,805,0.805,37,0.7250359482345422,0,819,484.18673110720584,0.4106554748941317,0.21977424983496538,0.0,0.8315184513006655,0.4779189352692075,0.8315184513006655,800,0.8,34,0.8315184513006655,0,819,410.6359649122797,0.0,0.0,0.0,0.0,0.0,0.0,0,0.0,0,0.0,-1,-1,0.0,0
13,148,2022-11-03,0.5653001278159467,0.23848169459652901,0.0,0.7401342067422911,0.6588911966767854,0.7401342067422911,855,0.855,11,0.7401342067422911,0,859,565.2812749640514,0.42201300665456654,0.18792915824208611,0.0,0.632183908045977,0.4733817301875378,0.632183908045977,850,0.85,98,0.632183908045977,0,859,421.99198427102266,0.0,0.0,0.0,0.0,0.0,0.0,0,0.0,0,0.0,-1,-1,0.0,0
13,154,2022-11-03,0.560440166160728,0.1933944547050594,0.0,0.8153059594184374,0.6074452787985302,0.8153059594184374,905,0.905,35,0.8153059594184374,0,919,560.4146029717186,0.4542731397459167,0.17684118005060487,0.0,0.837568058076225,0.4745916515426497,0.837568058076225,900,0.9,29,0.837568058076225,0,919,454.25181488203356,0.0,0.0,0.0,0.0,0.0,0.0,0,0.0,0,0.0,-1,-1,0.0,0
14,101,2022-12-07,0.5021280555999359,0.33035986620695484,0.0,0.8948713852053044,0.7018693081961975,0.8948713852053044,705,0.705,24,0.8948713852053044,0,719,502.09825850774763,0.32092196007259766,0.21784427590806604,0.0,0.6866303690260133,0.4198427102238354,0.6866303690260133,700,0.7,48,0.6866303690260133,0,719,320.90849969751906,0.0,0.0,0.0,0.0,0.0,0.0,0,0.0,0,0.0,-1,-1,0.0,0
14,103,2022-12-07,0.5177880651861333,0.31680576391511495,0.0,0.9232305480108643,0.6978750599137242,0.9232305480108643,735,0.735,49,0.9232305480108643,0,749,517.7608244128443,0.33810193587416887,0.22703961648700893,0.0,0.9038112522686026,0.4089534180278282,0.9038112522686026,730,0.73,23,0.9038112522686026,0,749,338.0895341802784,0.0,0.0,0.0,0.0,0.0,0.0,0,0.0,0,0.0,-1,-1,0.0,0
14,145,2022-12-07,0.3888000479309778,0.2783602254260193,0.0,0.8254513500559195,0.5567982105767695,0.8254513500559195,676,0.676,69,0.8254513500559195,0,689,388.78387122543654,0.25031185722928057,0.19076901195341706,0.0,0.6957047791893527,0.3300060496067755,0.6957047791893527,670,0.67,15,0.6957047791893527,0,689,250.29960677555968,0.0,0.0,0.0,0.0,0.0,0.0,0,0.0,0,0.0,-1,-1,0.0,0
15,145,2022-12-12,0.3884772327847875,0.27826374968461376,0.0,0.8215369867390957,0.5541620067103371,0.8215369867390957,676,0.676,55,0.8215369867390957,0,689,388.4595382648974,0.2557477313974555,0.19290213800710185,0.0,0.647307924984876,0.3248638838475499,0.647307924984876,670,0.67,35,0.647307924984876,0,689,255.7338173018742,0.0,0.0,0.0,0.0,0.0,0.0,0,0.0,0,0.0,-1,-1,0.0,0
16,145,2022-12-19,0.3887279118069988,0.27839810397133624,0.0,0.8188208979070138,0.5554401661607286,0.8188208979070138,676,0.676,69,0.8188208979070138,0,689,388.71189487138537,0.242046884452508,0.18594993086885794,0.0,0.647307924984876,0.3173018753781004,0.647307924984876,670,0.67,26,0.647307924984876,0,689,242.0343315184513,0.0,0.0,0.0,0.0,0.0,0.0,0,0.0,0,0.0,-1,-1,0.0,0
17,0,2024-01-31,0.47127240773286383,0.31010508596141484,0.0,0.7203227352612238,0.6666400383447835,0.7203227352612238,704,0.704,699,0.7203227352612238,0,709,471.2470043137874,0.3283487598306112,0.22106366917828477,0.0,0.5626134301270418,0.4322444041137326,0.5626134301270418,700,0.7,142,0.5626134301270418,0,709,328.3322746521472,0.2000301507537688,0.13318349783229919,0.0,0.3165829145728643,0.2864321608040201,0.3165829145728643,694,0.694,707,0.3165829145728643,0,709,199.9070351758793,0
17,1,2024-01-31,0.4712942163284921,0.31026577065189465,0.0,0.7081003355168557,0.6719923310432977,0.7081003355168557,704,0.704,383,0.7081003355168557,0,709,471.266456302924,0.31816364186327906,0.2115897367606934,0.0,0.4909255898366606,0.4464609800362976,0.4909255898366606,700,0.7,380,0.4909255898366606,0,709,318.1492740471862,0.19845226130653326,0.1321535370683004,0.0,0.3165829145728643,0.2864321608040201,0.3165829145728643,694,0.694,707,0.3165829145728643,0,709,198.32914572864357,0
17,2,2024-01-31,0.4815365873142668,0.31766877103073776,0.0,0.7282313468605208,0.6967566703946317,0.7282313468605208,704,0.704,519,0.7282313468605208,0,709,481.509466368429,0.3227504537205089,0.2154690311985869,0.0,0.5290381125226861,0.4379915305505142,0.5290381125226861,700,0.7,59,0.5290381125226861,0,709,322.73593466424694,0.1975678391959821,0.1314244868644431,0.0,0.3165829145728643,0.2864321608040201,0.3165829145728643,694,0.694,707,0.3165829145728643,0,709,197.4447236180926,0
17,3,2024-01-31,0.2988902380571967,0.29142247290253925,0.0,0.6445917878255313,0.4512302284710017,0.6445917878255313,523,0.523,509,0.6445917878255313,0,529,298.87130532033837,0.21730671506352123,0.2184898258049945,0.0,0.5807622504537205,0.3163944343617665,0.5807622504537205,520,0.52,133,0.5807622504537205,0,529,217.29537205081678,0.14668341708542712,0.14289763591516444,0.0,0.3165829145728643,0.2663316582914573,0.3165829145728643,514,0.514,527,0.3165829145728643,0,529,146.56030150753762,0
17,4,2024-01-31,0.2957406934015028,0.2880603657370645,0.0,0.6390797251957182,0.4498721840549609,0.6390797251957182,523,0.523,522,0.6390797251957182,0,529,295.72192043457426,0.2031382335148213,0.20174200801151787,0.0,0.5353901996370236,0.323049001814882,0.5353901996370236,520,0.52,132,0.5353901996370236,0,529,203.12673926194734,0.14706532663316554,0.14328352850615286,0.0,0.3165829145728643,0.2663316582914573,0.3165829145728643,514,0.514,527,0.3165829145728643,0,529,146.94221105527603,0
17,5,2024-01-31,0.29618421473078715,0.29932621053283154,0.0,0.6441124780316344,0.13380731746285346,0.6441124780316344,504,0.504,134,0.6441124780316344,0,509,296.1690765297973,0.21028281911675767,0.21416672343231907,0.0,0.5414398064125832,0.00952813067150635,0.5414398064125832,500,0.5,131,0.5414398064125832,0,509,210.27011494252864,0.14075376884422133,0.14266577690852064,0.0,0.3165829145728643,0.0,0.3165829145728643,494,0.494,507,0.3165829145728643,0,509,140.63065326633182,0
17,7,2024-01-31,0.48147747243968525,0.3172653745771483,0.0,0.8907173669915321,0.6706342866272568,0.8907173669915321,705,0.705,22,0.8907173669915321,0,719,481.44080524045467,0.30479098608590366,0.2039423187602864,0.0,0.5626134301270418,0.4080459770114942,0.5626134301270418,700,0.7,49,0.5626134301270418,0,719,304.77344222625527,0.1988140703517598,0.13227748675295858,0.0,0.3165829145728643,0.2864321608040201,0.3165829145728643,694,0.694,717,0.3165829145728643,0,719,198.6909547738701,0
17,8,2024-01-31,0.30794847419715626,0.28742766765404465,0.0,0.6111199872184055,0.4715609522287905,0.6111199872184055,544,0.544,416,0.6111199872184055,0,549,307.9340549608562,0.21212129461584983,0.20095637304070832,0.0,0.5263157894736842,0.3402903811252268,0.5263157894736842,540,0.54,153,0.5263157894736842,0,549,212.10995160314565,0.1534572864321607,0.14365449566896973,0.0,0.3165829145728643,0.2663316582914573,0.3165829145728643,534,0.534,547,0.3165829145728643,0,549,153.33417085427098,0
17,10,2024-01-31,0.4921415561591306,0.3236845913069129,0.0,0.8869627736060074,0.6886882888640358,0.8869627736060074,705,0.705,20,0.8869627736060074,0,719,492.10157373382395,0.3174767090139153,0.211906395182346,0.0,0.5414398064125832,0.4352692075015124,0.5414398064125832,700,0.7,49,0.5414398064125832,0,719,317.4587114337578,0.19690954773869548,0.1310019289601415,0.0,0.3165829145728643,0.2864321608040201,0.3165829145728643,694,0.694,717,0.3165829145728643,0,719,196.78643216080593,0
17,11,2024-01-31,0.3049306598498155,0.2839427985247437,0.0,0.6109602172871066,0.4768333599616552,0.6109602172871066,544,0.544,169,0.6109602172871066,0,549,304.9163204984823,0.20556503327283748,0.19330851913331817,0.0,0.4969751966122202,0.338475499092559,0.4969751966122202,540,0.54,133,0.4969751966122202,0,549,205.5533877797943,0.16578391959799121,0.15598502483096238,0.0,0.3266331658291457,0.2663316582914573,0.3266331658291457,534,0.534,175,0.3266331658291457,0,549,165.66080402010172,0
17,13,2024-01-31,0.47168237737657753,0.31146258383255565,0.0,0.894631730308356,0.6560952228790542,0.894631730308356,705,0.705,37,0.894631730308356,0,709,471.64203546892446,0.3028938294010906,0.2071898577218747,0.0,0.7047791893526921,0.3977616454930429,0.7047791893526921,700,0.7,27,0.7047791893526921,0,709,302.8759830611016,0.19979899497487477,0.13293489029768718,0.0,0.3165829145728643,0.2864321608040201,0.3165829145728643,694,0.694,707,0.3165829145728643,0,709,199.67587939698518,0
17,14,2024-01-31,0.2272357405336328,0.2814003032779193,0.0,0.6436331682377376,0.0,0.6436331682377376,404,0.404,205,0.6436331682377376,0,409,227.22188049209146,0.13348306110102837,0.1685996820553044,0.0,0.4758015728977616,0.0,0.4758015728977616,400,0.4,155,0.4758015728977616,0,409,133.47005444646098,0.11877386934673424,0.14827642065343755,0.0,0.3266331658291457,0.0,0.3266331658291457,394,0.394,211,0.3266331658291457,0,409,118.65075376884481,0
17,15,2024-01-31,0.30456534590190076,0.2967547246985989,0.0,0.6359642115353891,0.4638919955264419,0.6359642115353891,523,0.523,139,0.6359642115353891,0,529,304.54665281993886,0.19840350877192978,0.19552899561373574,0.0,0.514216575922565,0.3176043557168784,0.514216575922565,520,0.52,132,0.514216575922565,0,529,198.39443436176649,0.14627135678392036,0.1424789578427056,0.0,0.3165829145728643,0.2663316582914573,0.3165829145728643,514,0.514,527,0.3165829145728643,0,529,146.1482412060309,0
17,17,2024-01-31,0.3033510944240294,0.29528294521429665,0.0,0.633727432497204,0.4665281993928742,0.633727432497204,524,0.524,362,0.633727432497204,0,529,303.3324013420673,0.1922534785238957,0.1887301401583876,0.0,0.4818511796733212,0.29128856624319416,0.4818511796733212,520,0.52,139,0.4818511796733212,0,529,192.24500907441023,0.1464723618090457,0.14268349318613305,0.0,0.3165829145728643,0.2663316582914573,0.3165829145728643,514,0.514,527,0.3165829145728643,0,529,146.34924623115623,0
17,18,2024-01-31,0.24439295414603096,0.29075943840384894,0.0,0.6415561591308516,0.0,0.6415561591308516,424,0.424,174,0.6415561591308516,0,429,244.37913404697224,0.16221536600120956,0.19283099518248722,0.0,0.4579552329098608,0.0,0.4579552329098608,420,0.42,130,0.4579552329098608,0,429,162.20553539019966,0.12641708542713645,0.15138497263316203,0.0,0.3266331658291457,0.0,0.3266331658291457,414,0.414,182,0.3266331658291457,0,429,126.29396984924699,0
17,19,2024-01-31,0.24155264419236402,0.28683473306883667,0.0,0.63732225595143,0.0,0.63732225595143,424,0.424,143,0.63732225595143,0,429,241.537625818821,0.1664001814882033,0.1975960815152692,0.0,0.4758015728977616,0.0,0.4758015728977616,420,0.42,133,0.4758015728977616,0,429,166.38989715668492,0.12797487437186,0.15314344781345113,0.0,0.3266331658291457,0.0,0.3266331658291457,414,0.414,149,0.3266331658291457,0,429,127.85175879397057,0
17,20,2024-01-31,0.26541436331682344,0.2914479001909825,0.0,0.6343665122223997,0.0,0.6343665122223997,463,0.463,373,0.6343665122223997,0,469,265.39571017734454,0.17365426497277708,0.1923561496295482,0.0,0.5,0.0,0.5,460,0.46,133,0.5,0,469,173.64549304295224,0.12946733668341717,0.1422455259464298,0.0,0.3165829145728643,0.0,0.3165829145728643,454,0.454,467,0.3165829145728643,0,469,129.34422110552765,0
17,21,2024-01-31,0.2664019811471481,0.2930759382668004,0.0,0.6589710816424349,0.0,0.6589710816424349,463,0.463,441,0.6589710816424349,0,469,266.3826090429786,0.1718989715668477,0.18914755998047736,0.0,0.4758015728977616,0.0,0.4758015728977616,460,0.46,135,0.4758015728977616,0,469,171.88777979431322,0.15285427135678356,0.20815992452420748,0.0,1.0,0.0,1.0,454,0.454,158,1.0,0,469,152.73115577889405,0
17,22,2024-01-31,0.22817654577408544,0.28275482841120336,0.0,0.6216648026841348,0.0,0.6216648026841348,404,0.404,282,0.6216648026841348,0,409,228.1619268253711,0.14703176043557187,0.18378203602219415,0.0,0.4727767695099819,0.0,0.4727767695099819,400,0.4,152,0.4727767695099819,0,409,147.02071990320624,0.11105527638190997,0.1382340727615693,0.0,0.3165829145728643,0.0,0.3165829145728643,394,0.394,407,0.3165829145728643,0,409,110.93216080402055,0
17,23,2024-01-31,0.3093260105448156,0.30299542286190306,0.0,0.669995206902061,0.4492730468125899,0.669995206902061,523,0.523,527,0.669995206902061,0,529,309.3076370027162,0.20370961887477348,0.19895474364646273,0.0,0.4879007864488808,0.33529945553539015,0.4879007864488808,520,0.52,147,0.4879007864488808,0,529,203.69812462189986,0.14607537688442226,0.14234418888521844,0.0,0.3165829145728643,0.2663316582914573,0.3165829145728643,514,0.514,527,0.3165829145728643,0,529,145.9522613065328,0
17,24,2024-01-31,0.2379410448953509,0.2954830015549093,0.0,0.6584118868828887,0.0,0.6584118868828887,404,0.404,201,0.6584118868828887,0,409,237.92686531394804,0.15214579552329108,0.19118830915043333,0.0,0.5172413793103449,0.0,0.5172413793103449,400,0.4,141,0.5172413793103449,0,409,152.1356624319421,0.11081407035175947,0.13780588616258085,0.0,0.3165829145728643,0.0,0.3165829145728643,394,0.394,407,0.3165829145728643,0,409,110.69095477387005,0
17,25,2024-01-31,0.3122552324652503,0.3048630771385565,0.0,0.6548969483943122,0.4571816584118869,0.6548969483943122,524,0.524,360,0.6548969483943122,0,529,312.23725834797904,0.1974866908650938,0.19526950913798663,0.0,0.4758015728977616,0.2810042347247429,0.4758015728977616,520,0.52,170,0.4758015728977616,0,529,197.47837265577758,0.1452261306532677,0.14139331988216652,0.0,0.3165829145728643,0.2663316582914573,0.3165829145728643,514,0.514,527,0.3165829145728643,0,529,145.10301507537824,0
17,26,2024-01-31,0.2278228950311555,0.2822578917961766,0.0,0.6195877935772488,0.0,0.6195877935772488,404,0.404,181,0.6195877935772488,0,409,227.80835596740684,0.1504416212946161,0.18822806455535573,0.0,0.484875983061101,0.0,0.484875983061101,400,0.4,141,0.484875983061101,0,409,150.4302782819118,0.11078391959799062,0.13781766704880116,0.0,0.3165829145728643,0.0,0.3165829145728643,394,0.394,407,0.3165829145728643,0,409,110.66080402010122,0
17,27,2024-01-31,0.31027783991052976,0.3026933008230679,0.0,0.649544655695798,0.4635724556638441,0.649544655695798,523,0.523,278,0.649544655695798,0,529,310.25874740373933,0.19430006049606752,0.19388275010445485,0.0,0.4727767695099819,0.2708711433756805,0.4727767695099819,520,0.52,161,0.4727767695099819,0,529,194.2917422867508,0.14478391959799128,0.14097682142890647,0.0,0.3165829145728643,0.2663316582914573,0.3165829145728643,514,0.514,527,0.3165829145728643,0,529,144.66080402010184,0
17,28,2024-01-31,0.24081802204825029,0.28638091325773696,0.0,0.6348458220162966,0.0,0.6348458220162966,424,0.424,284,0.6348458220162966,0,429,240.80308355967358,0.15657803992740568,0.18795456649369086,0.0,0.4428312159709618,0.0,0.4428312159709618,420,0.42,131,0.4428312159709618,0,429,156.5694192377505,0.1276683417085434,0.1528932904799328,0.0,0.3266331658291457,0.0,0.3266331658291457,414,0.414,145,0.3266331658291457,0,429,127.54522613065396,0
17,29,2024-01-31,0.3087060233264103,0.30166622888874406,0.0,0.662086595302764,0.4517494807477232,0.662086595302764,523,0.523,436,0.662086595302764,0,529,308.68657133727476,0.1940750151240165,0.19031354522232996,0.0,0.4246823956442831,0.3009679370840895,0.4246823956442831,520,0.52,206,0.4246823956442831,0,529,194.0633696309736,0.15020100502512593,0.14673641320486322,0.0,0.3266331658291457,0.2663316582914573,0.3266331658291457,514,0.514,442,0.3266331658291457,0,529,150.07788944723646,0
17,30,2024-01-31,0.48267934174788274,0.30385328330849415,0.0,0.7270330723757789,0.6756670394631731,0.7270330723757789,724,0.724,537,0.7270330723757789,0,729,482.6551366032907,0.2925928614640054,0.19201051325991705,0.0,0.5172413793103449,0.338475499092559,0.5172413793103449,720,0.72,37,0.5172413793103449,0,729,292.57667876588016,0.20904522613065557,0.13357252771849118,0.0,0.3266331658291457,0.2864321608040201,0.3266331658291457,714,0.714,541,0.3266331658291457,0,729,208.9221105527661,0
17,31,2024-01-31,0.300133727432497,0.3042593985600397,0.0,0.6529797092187251,0.13568461415561583,0.6529797092187251,504,0.504,482,0.6529797092187251,0,509,300.11966767854307,0.22722202056866303,0.23055993242221762,0.0,0.514216575922565,0.0069570477918935,0.514216575922565,500,0.5,202,0.514216575922565,0,509,227.21203871748344,0.139738693467338,0.141554955794426,0.0,0.3165829145728643,0.0,0.3165829145728643,494,0.494,507,0.3165829145728643,0,509,139.61557788944853,0
17,32,2024-01-31,0.43985636683176216,0.35319274912225124,0.0,0.8904777120945838,0.6914043776961176,0.8904777120945838,615,0.615,31,0.8904777120945838,0,629,439.81798210576767,0.26207471264367854,0.21513256367581612,0.0,0.5807622504537205,0.3732607380520266,0.5807622504537205,610,0.61,28,0.5807622504537205,0,629,262.05777374470665,0.17317587939698478,0.14054895997928618,0.0,0.3165829145728643,0.271356783919598,0.3165829145728643,604,0.604,627,0.3165829145728643,0,629,173.05276381909513,0
17,33,2024-01-31,0.2919440006390795,0.2715466329161987,0.0,0.5761303722639399,0.4677264738776162,0.5761303722639399,544,0.544,521,0.5761303722639399,0,549,291.92818341588077,0.2205066545674533,0.20611841555252985,0.0,0.4579552329098608,0.3747731397459165,0.4579552329098608,540,0.54,144,0.4579552329098608,0,549,220.49682395644257,0.15295979899497442,0.14323549890393472,0.0,0.3165829145728643,0.2663316582914573,0.3165829145728643,534,0.534,547,0.3165829145728643,0,549,152.83668341708488,0
17,34,2024-01-31,0.36832489215529624,0.30627381069295284,0.0,0.6805400223677904,0.4843824892155296,0.6805400223677904,603,0.603,580,0.6805400223677904,0,609,368.3075571177501,0.24569298245613982,0.20694260119429353,0.0,0.4909255898366606,0.3402903811252268,0.4909255898366606,600,0.6,147,0.4909255898366606,0,609,245.68148820326635,0.17043216080402035,0.14136571953600685,0.0,0.3266331658291457,0.2663316582914573,0.3266331658291457,594,0.594,586,0.3266331658291457,0,609,170.30904522613085,1
17,35,2024-01-31,0.3711076050487303,0.3082237524713593,0.0,0.6850135804441604,0.4835436970762102,0.6850135804441604,604,0.604,609,0.6850135804441604,0,609,371.0888320818029,0.24011554748941283,0.2023518872032817,0.0,0.469751966122202,0.3106473079249848,0.469751966122202,600,0.6,199,0.469751966122202,0,609,240.10722928009656,0.16994974874371918,0.14072322187944636,0.0,0.3165829145728643,0.2763819095477386,0.3165829145728643,594,0.594,607,0.3165829145728643,0,609,169.82663316582972,0
17,36,2024-01-31,0.32398538105128494,0.29069880778388957,0.0,0.6167918197795175,0.4789103690685413,0.6167918197795175,564,0.564,260,0.6167918197795175,0,569,323.9781514618948,0.2596448880822747,0.23530801438035118,0.0,0.5683605565638233,0.3989715668481549,0.5683605565638233,560,0.56,150,0.5683605565638233,0,569,259.6361161524492,0.0,0.0,0.0,0.0,0.0,0.0,0,0.0,0,0.0,-1,-1,0.0,0
17,37,2024-01-31,0.48086251797411395,0.3016265902018818,0.0,0.7049848218565266,0.6718325611119987,0.7049848218565266,724,0.724,658,0.7049848218565266,0,729,480.8362757629009,0.29580338777979454,0.1893746381494286,0.0,0.4788263762855414,0.4016938898971567,0.4788263762855414,720,0.72,258,0.4788263762855414,0,729,295.79022988505744,0.20163316582914823,0.12780993618803277,0.0,0.3165829145728643,0.2864321608040201,0.3165829145728643,714,0.714,727,0.3165829145728643,0,729,201.51005025125872,0
17,38,2024-01-31,0.44904425627096933,0.36015401864824304,0.0,0.8844064547052245,0.7144112478031635,0.8844064547052245,615,0.615,35,0.8844064547052245,0,629,449.00439367311026,0.26673139745916474,0.21816897833507465,0.0,0.5716878402903811,0.3832425892316999,0.5716878402903811,610,0.61,32,0.5716878402903811,0,629,266.71581972171793,0.17048241206030332,0.13818351044361712,0.0,0.3165829145728643,0.2763819095477386,0.3165829145728643,604,0.604,627,0.3165829145728643,0,629,170.35929648241384,0
17,39,2024-01-31,0.24342315066304385,0.28968608660129547,0.0,0.6391596101613676,0.0,0.6391596101613676,424,0.424,349,0.6391596101613676,0,429,243.4093705064704,0.15222081064730764,0.18231416141442733,0.0,0.4186327888687235,0.0,0.4186327888687235,420,0.42,159,0.4186327888687235,0,429,152.20931639443413,0.11699497487437253,0.13937677390408792,0.0,0.3165829145728643,0.0,0.3165829145728643,414,0.414,427,0.3165829145728643,0,429,116.87185929648311,0
17,40,2024-01-31,0.27351637641795823,0.2757423683134967,0.0,0.6004952867870267,0.14363316823773759,0.6004952867870267,504,0.504,135,0.6004952867870267,0,509,273.50227672152056,0.20341651542649705,0.21031927701017963,0.0,0.5263157894736842,0.0071082879612825,0.5263157894736842,500,0.5,185,0.5263157894736842,0,509,203.40623109497844,0.1429095477386929,0.15014771637930746,0.0,1.0,0.0,1.0,494,0.494,207,1.0,0,509,142.78643216080346,0
17,41,2024-01-31,0.23146764658891128,0.2868473109738847,0.0,0.6346061671193481,0.0,0.6346061671193481,404,0.404,316,0.6346061671193481,0,409,231.4527480428183,0.14689503932244383,0.18326916287766037,0.0,0.4367816091954023,0.0,0.4367816091954023,400,0.4,159,0.4367816091954023,0,409,146.88475499092556,0.11125125628140772,0.138137740233752,0.0,0.3165829145728643,0.0,0.3165829145728643,394,0.394,407,0.3165829145728643,0,409,111.12814070351828,0
17,42,2024-01-31,0.23199560632688987,0.28793725740246723,0.0,0.6401182297491612,0.0,0.6401182297491612,404,0.404,273,0.6401182297491612,0,409,231.98182617031512,0.149293103448276,0.18614339335856614,0.0,0.4337568058076225,0.0,0.4337568058076225,400,0.4,153,0.4337568058076225,0,409,149.28297035692668,0.11085929648241276,0.13764141798694252,0.0,0.3165829145728643,0.0,0.3165829145728643,394,0.394,407,0.3165829145728643,0,409,110.7361809045233,0
17,43,2024-01-31,0.44838049209138736,0.29528211025991324,0.0,0.6819779517494807,0.6231826170314747,0.6819779517494807,704,0.704,561,0.6819779517494807,0,709,448.35241252596245,0.29458227465214837,0.19640347210472744,0.0,0.484875983061101,0.4007864488808227,0.484875983061101,700,0.7,81,0.484875983061101,0,709,294.56805807622595,0.19733668341708613,0.13142976637853385,0.0,0.3165829145728643,0.2864321608040201,0.3165829145728643,694,0.694,707,0.3165829145728643,0,709,197.21356783919646,0
17,44,2024-01-31,0.46969563828088123,0.3099912781041623,0.0,0.7127336635245247,0.6790222080204505,0.7127336635245247,704,0.704,558,0.7127336635245247,0,709,469.6689966448323,0.29574924379915396,0.19717816378485545,0.0,0.5199637023593466,0.4080459770114942,0.5199637023593466,700,0.7,54,0.5199637023593466,0,709,295.7350272232306,0.19592462311558032,0.1302920091614291,0.0,0.3165829145728643,0.2814070351758794,0.3165829145728643,694,0.694,707,0.3165829145728643,0,709,195.80150753769084,0
17,45,2024-01-31,0.302759226713533,0.3091308268879827,0.0,0.6944400063907973,0.11707141715929059,0.6944400063907973,503,0.503,443,0.6944400063907973,0,509,302.7415321936413,0.20429128856624337,0.20893199705503093,0.0,0.454930429522081,0.0098306110102843,0.454930429522081,500,0.5,263,0.454930429522081,0,509,204.27979431336976,0.1390251256281413,0.14096892090347588,0.0,0.3165829145728643,0.0,0.3165829145728643,494,0.494,507,0.3165829145728643,0,509,138.90201005025185,0
17,46,2024-01-31,0.2957632209618152,0.30128002222866856,0.0,0.6616871704745168,0.12106566544176385,0.6616871704745168,503,0.503,386,0.6616871704745168,0,509,295.74500718964737,0.20222867513611567,0.2074433092651378,0.0,0.4609800362976406,0.0099818511796733,0.4609800362976406,500,0.5,299,0.4609800362976406,0,509,202.2168784029039,0.13933668341708558,0.14131221673092811,0.0,0.3165829145728643,0.0,0.3165829145728643,494,0.494,507,0.3165829145728643,0,509,139.2135678391961,0
17,47,2024-01-31,0.48467806358842974,0.320091017025026,0.0,0.746125579166001,0.6759066943601214,0.746125579166001,704,0.704,366,0.746125579166001,0,709,484.6517414922502,0.2894500907441002,0.19319728627999447,0.0,0.4879007864488808,0.3898971566848155,0.4879007864488808,700,0.7,43,0.4879007864488808,0,709,289.43390804597647,0.21075376884422228,0.14144281725762506,0.0,0.3266331658291457,0.2964824120603015,0.3266331658291457,694,0.694,374,0.3266331658291457,0,709,210.6306532663328,0
17,48,2024-01-31,0.2724437609841825,0.2932399915237267,0.0,0.6353251318101933,0.0,0.6353251318101933,474,0.474,169,0.6353251318101933,0,479,272.431338872024,0.20329824561403312,0.2240550755367476,0.0,0.617059891107078,0.0,0.617059891107078,470,0.47,22,0.617059891107078,0,479,203.2861464004831,0.14280904522613155,0.15479421642343708,0.0,0.3266331658291457,0.0,0.3266331658291457,463,0.463,175,0.3266331658291457,0,477,142.68592964824214,0
17,49,2024-01-31,0.2876683975075888,0.30683966186379064,0.0,0.9010225275603132,0.0,0.9010225275603132,485,0.485,15,0.9010225275603132,0,499,287.6453506949986,0.19532849364791283,0.21635234780059004,0.0,0.8015728977616455,0.0,0.8015728977616455,480,0.48,9,0.8015728977616455,0,499,195.3129159104654,0.13384924623115535,0.14162365182444722,0.0,0.3165829145728643,0.0,0.3165829145728643,473,0.473,497,0.3165829145728643,0,497,133.72613065326587,0
17,50,2024-01-31,0.28003738616392326,0.30830275052789585,0.0,0.8631570538424669,0.0,0.8631570538424669,465,0.465,16,0.8631570538424669,0,479,280.00694999201056,0.19067846339987918,0.2162018356684206,0.0,0.7226255293405929,0.0,0.7226255293405929,460,0.46,15,0.7226255293405929,0,479,190.6586509376892,0.1293618090452264,0.14210420466939835,0.0,0.3165829145728643,0.0,0.3165829145728643,454,0.454,477,0.3165829145728643,0,479,129.23869346733696,0
17,51,2024-01-31,0.2797564307397354,0.30784443244687165,0.0,0.8538903978271289,0.0,0.8538903978271289,465,0.465,14,0.8538903978271289,0,479,279.7263141076847,0.1862286751361159,0.210226049511552,0.0,0.6923774954627949,0.0,0.6923774954627949,460,0.46,14,0.6923774954627949,0,479,186.2070477918935,0.1291256281407032,0.1418892593010573,0.0,0.3165829145728643,0.0,0.3165829145728643,454,0.454,477,0.3165829145728643,0,479,129.00251256281376,0
17,52,2024-01-31,0.3223891196676798,0.31438275688143574,0.0,0.6693561271768653,0.4790301965170155,0.6693561271768653,524,0.524,264,0.6693561271768653,0,529,322.37601853331176,0.2190447670901395,0.21365014776395055,0.0,0.5381125226860254,0.3735632183908046,0.5381125226860254,520,0.52,134,0.5381125226860254,0,529,219.03327283726586,0.14518090452261442,0.14155388393833898,0.0,0.3165829145728643,0.271356783919598,0.3165829145728643,513,0.513,527,0.3165829145728643,0,527,145.05778894472496,0
17,53,2024-01-31,0.45892019491931646,0.3686124703981149,0.0,0.8869627736060074,0.7025882728870426,0.8869627736060074,615,0.615,32,0.8869627736060074,0,629,458.87845502476495,0.2604186327888676,0.21316067461561464,0.0,0.5535390199637024,0.3711433756805807,0.5535390199637024,610,0.61,32,0.5535390199637024,0,629,260.40139140955864,0.17043718592965013,0.13817342154646856,0.0,0.3165829145728643,0.271356783919598,0.3165829145728643,604,0.604,627,0.3165829145728643,0,629,170.31407035176062,0
17,54,2024-01-31,0.432522926985142,0.3478217927985597,0.0,0.8880811631250999,0.6773845662246365,0.8880811631250999,615,0.615,43,0.8880811631250999,0,629,432.4811471481062,0.2518021778584387,0.20681988180018485,0.0,0.5505142165759226,0.3626739261947973,0.5505142165759226,610,0.61,43,0.5505142165759226,0,629,251.78493647912913,0.17330150753769047,0.1421202749298914,0.0,0.5025125628140703,0.2763819095477386,0.5025125628140703,604,0.604,197,0.5025125628140703,0,629,173.178391959801,0
17,55,2024-01-31,0.44206957980507944,0.35480149534861033,0.0,0.8845662246365235,0.6972359801885285,0.8845662246365235,615,0.615,42,0.8845662246365235,0,629,442.02795973797697,0.25724652147610433,0.21038008663344593,0.0,0.5323653962492438,0.3777979431336963,0.5323653962492438,610,0.61,49,0.5323653962492438,0,629,257.22882637628567,0.17053266331658473,0.13824575468953612,0.0,0.3165829145728643,0.271356783919598,0.3165829145728643,604,0.604,627,0.3165829145728643,0,629,170.40954773869527,0
17,56,2024-01-31,0.4495122223997435,0.36076165014813055,0.0,0.8864834638121105,0.7230388240933057,0.8864834638121105,615,0.615,30,0.8864834638121105,0,629,449.47227991691955,0.25878554143980625,0.2124149660762263,0.0,0.5653357531760436,0.38793103448275856,0.5653357531760436,610,0.61,30,0.5653357531760436,0,629,258.7678463399877,0.17097989949748932,0.13858275887004937,0.0,0.3165829145728643,0.2763819095477386,0.3165829145728643,604,0.604,627,0.3165829145728643,0,629,170.85678391959982,0
17,57,2024-01-31,0.45436986739095686,0.36427983803121167,0.0,0.8939127656175108,0.7362198434254673,0.8939127656175108,615,0.615,48,0.8939127656175108,0,629,454.3313228950298,0.25960859044162105,0.21148175166570102,0.0,0.5653357531760436,0.3989715668481549,0.5653357531760436,610,0.61,48,0.5653357531760436,0,629,259.5908953418025,0.17162311557789134,0.13908323999600658,0.0,0.3165829145728643,0.2763819095477386,0.3165829145728643,604,0.604,627,0.3165829145728643,0,629,171.50000000000182,0
17,58,2024-01-31,0.3079534270650262,0.2999501337110663,0.0,0.6374021409170794,0.4698833679501518,0.6374021409170794,524,0.524,342,0.6374021409170794,0,529,307.9396868509349,0.22157108287961297,0.21725234148307423,0.0,0.5381125226860254,0.367211131276467,0.5381125226860254,520,0.52,131,0.5381125226860254,0,529,221.5606473079251,0.14597487437186019,0.14243360243548633,0.0,0.3165829145728643,0.2663316582914573,0.3165829145728643,513,0.513,527,0.3165829145728643,0,527,145.85175879397076,0
17,59,2024-01-31,0.4519316184694019,0.3624912029303965,0.0,0.8967886243808915,0.7314267454864994,0.8967886243808915,615,0.615,22,0.8967886243808915,0,629,451.8911966767855,0.2613179068360552,0.2148992325918828,0.0,0.6866303690260133,0.3929219600725953,0.6866303690260133,610,0.61,21,0.6866303690260133,0,629,261.30051421657606,0.17161809045226314,0.13909770091463577,0.0,0.3165829145728643,0.2763819095477386,0.3165829145728643,604,0.604,627,0.3165829145728643,0,629,171.49497487437367,0
17,60,2024-01-31,0.4881878894392064,0.32291531433761844,0.0,0.7420514459178783,0.6824173190605528,0.7420514459178783,704,0.704,438,0.7420514459178783,0,709,488.16172711295735,0.29491530550514106,0.19788649231962563,0.0,0.5232909860859044,0.3796128251663642,0.5232909860859044,700,0.7,31,0.5232909860859044,0,709,294.8989715668477,0.20694472361809238,0.13888077040095123,0.0,0.3266331658291457,0.2864321608040201,0.3266331658291457,694,0.694,447,0.3266331658291457,0,709,206.82160804020293,0
17,61,2024-01-31,0.31810744527879775,0.2975470942666663,0.0,0.6338872024285029,0.4747563508547691,0.6338872024285029,544,0.544,531,0.6338872024285029,0,549,318.09378494967234,0.22252873563218387,0.20825887782763516,0.0,0.4969751966122202,0.3774954627949183,0.4969751966122202,540,0.54,135,0.4969751966122202,0,549,222.51603145795528,0.15121105527638337,0.14170165696589007,0.0,0.3165829145728643,0.2663316582914573,0.3165829145728643,533,0.533,547,0.3165829145728643,0,547,151.08793969849393,0
17,62,2024-01-31,0.3254967247164083,0.3181897024813019,0.0,0.6877296692762422,0.469244288224956,0.6877296692762422,523,0.523,304,0.6877296692762422,0,529,325.47922990893136,0.20766152450090727,0.20436284070325442,0.0,0.5263157894736842,0.30837870538415,0.5263157894736842,520,0.52,134,0.5263157894736842,0,529,207.65018148820326,0.14518592964824256,0.1415488190699461,0.0,0.3165829145728643,0.271356783919598,0.3165829145728643,514,0.514,527,0.3165829145728643,0,529,145.0628140703531,0
17,63,2024-01-31,0.364423949512702,0.30300502239953525,0.0,0.6556159130851573,0.4808276082441284,0.6556159130851573,603,0.603,607,0.6556159130851573,0,609,364.40597539543086,0.2783082274652156,0.2328137209028758,0.0,0.5807622504537205,0.425892316999395,0.5807622504537205,600,0.6,140,0.5807622504537205,0,609,278.2968844525108,0.16827135678392138,0.1395758657050572,0.0,0.3165829145728643,0.271356783919598,0.3165829145728643,594,0.594,607,0.3165829145728643,0,609,168.14824120603194,1
17,64,2024-01-31,0.28906790222080153,0.31313015719886356,0.0,0.7037865473717846,0.0,0.7037865473717846,474,0.474,449,0.7037865473717846,0,479,289.0527240773292,0.16296430732002448,0.17491513066621955,0.0,0.4277071990320629,0.0,0.4277071990320629,470,0.47,129,0.4277071990320629,0,479,162.95432546884544,0.1383366834170861,0.15369058663198185,0.0,0.5025125628140703,0.0,0.5025125628140703,464,0.464,445,0.5025125628140703,0,479,138.21356783919663,1
17,64,2024-01-31,0.2700482505192508,0.2897530681276597,0.0,0.614315385844384,0.0,0.614315385844384,474,0.474,181,0.614315385844384,0,479,270.0374261064067,0.15973472474289135,0.1727823864105219,0.0,0.4307320024198427,0.0,0.4307320024198427,470,0.47,131,0.4307320024198427,0,479,159.72807017543852,0.0,0.0,0.0,0.0,0.0,0.0,0,0.0,0,0.0,-1,-1,0.0,0
17,65,2024-01-31,0.3060505671832567,0.2979674062399172,0.0,0.641636044096501,0.4705224476753475,0.641636044096501,524,0.524,446,0.641636044096501,0,529,306.03423070778143,0.19910496067755606,0.19533065053217646,0.0,0.4758015728977616,0.32698124621899577,0.4758015728977616,520,0.52,143,0.4758015728977616,0,529,199.0966424682397,0.14736683417085422,0.14356351439199055,0.0,0.3165829145728643,0.2663316582914573,0.3165829145728643,514,0.514,527,0.3165829145728643,0,529,147.24371859296465,0
17,66,2024-01-31,0.3534034989614949,0.2937281634292912,0.0,0.6467486818980668,0.4780715769292219,0.6467486818980668,603,0.603,259,0.6467486818980668,0,609,353.3844863396703,0.2801739261947989,0.2341802177184382,0.0,0.647307924984876,0.4213551119177253,0.647307924984876,600,0.6,142,0.647307924984876,0,609,280.16515426497347,0.17913065326633337,0.17175747012789186,0.0,1.0,0.271356783919598,1.0,594,0.594,163,1.0,0,609,179.00753768844382,0
17,67,2024-01-31,0.2928848857644986,0.2966117228992812,0.0,0.645230867550727,0.12773606007349408,0.645230867550727,504,0.504,150,0.645230867550727,0,509,292.87098578047653,0.21085632183908085,0.2142160456030162,0.0,0.5505142165759226,0.0086206896551724,0.5505142165759226,500,0.5,130,0.5505142165759226,0,509,210.8445251058682,0.15358793969849355,0.15646242517826492,0.0,0.3266331658291457,0.0,0.3266331658291457,494,0.494,155,0.3266331658291457,0,509,153.46482412060408,0
17,68,2024-01-31,0.264633727432497,0.28348542835724655,0.0,0.6123981466687969,0.0,0.6123981466687969,474,0.474,140,0.6123981466687969,0,479,264.6181498641953,0.18065154264972788,0.19571322630674926,0.0,0.5030248033877798,0.0,0.5030248033877798,470,0.47,141,0.5030248033877798,0,479,180.64171203871757,0.1333919597989945,0.14363229434528085,0.0,0.3165829145728643,0.0,0.3165829145728643,464,0.464,477,0.3165829145728643,0,479,133.26884422110504,0
17,69,2024-01-31,0.30776274165202155,0.30065371973661537,0.0,0.6518613196996326,0.4503914363316823,0.6518613196996326,523,0.523,496,0.6518613196996326,0,529,307.74352931778225,0.20205747126436824,0.19803877600519432,0.0,0.5,0.338475499092559,0.5,520,0.52,133,0.5,0,529,202.04567453115567,0.14735678391959794,0.14356837776461326,0.0,0.3165829145728643,0.2663316582914573,0.3165829145728643,514,0.514,527,0.3165829145728643,0,529,147.23366834170847,0
17,70,2024-01-31,0.2969389678862435,0.3236444936376457,0.0,0.8134686052084997,0.0,0.8134686052084997,465,0.465,26,0.8134686052084997,0,479,296.9102891835761,0.19376497277676905,0.21800769654705135,0.0,0.6896551724137931,0.0,0.6896551724137931,460,0.46,16,0.6896551724137931,0,479,193.74606775559556,0.12847738693467436,0.14104315710933793,0.0,0.3165829145728643,0.0,0.3165829145728643,454,0.454,477,0.3165829145728643,0,479,128.35427135678492,0
17,71,2024-01-31,0.3612576290142194,0.30099145811324257,0.0,0.662086595302764,0.4803482984502317,0.662086595302764,603,0.603,544,0.662086595302764,0,609,361.24077328646746,0.26037598306110155,0.2174422514376511,0.0,0.484875983061101,0.3626739261947973,0.484875983061101,600,0.6,204,0.484875983061101,0,609,260.36464004839644,0.16812060301507661,0.1395136393122648,0.0,0.3165829145728643,0.271356783919598,0.3165829145728643,594,0.594,607,0.3165829145728643,0,609,167.99748743718717,0
17,72,2024-01-31,0.29076417958140116,0.3174061654653913,0.0,0.826569739575012,0.0,0.826569739575012,465,0.465,15,0.826569739575012,0,479,290.7350215689411,0.19377525710828858,0.21904116841557172,0.0,0.7168784029038112,0.0,0.7168784029038112,460,0.46,15,0.7168784029038112,0,479,193.75710828796144,0.12931658291457354,0.1419529276586682,0.0,0.3165829145728643,0.0,0.3165829145728643,454,0.454,477,0.3165829145728643,0,479,129.19346733668408,0
17,73,2024-01-31,0.49309554241891623,0.3256583690562173,0.0,0.7408531714331363,0.7145710177344624,0.7408531714331363,704,0.704,514,0.7408531714331363,0,709,493.0707780795646,0.3447208106473074,0.23117752426953073,0.0,0.6382335148215366,0.4579552329098608,0.6382335148215366,700,0.7,28,0.6382335148215366,0,709,344.70462794918285,0.20050251256281423,0.13344353332571024,0.0,0.3165829145728643,0.2864321608040201,0.3165829145728643,694,0.694,707,0.3165829145728643,0,709,200.37939698492423,1
17,74,2024-01-31,0.28955400223677874,0.31611331483416055,0.0,0.8201789423230548,0.0,0.8201789423230548,465,0.465,16,0.8201789423230548,0,479,289.5234462374176,0.19291772534785204,0.21785548480810435,0.0,0.7078039927404719,0.0,0.7078039927404719,460,0.46,14,0.7078039927404719,0,479,192.8983666061703,0.12919597989949813,0.14187273534231068,0.0,0.3165829145728643,0.0,0.3165829145728643,454,0.454,477,0.3165829145728643,0,479,129.07286432160868,0
17,75,2024-01-31,0.5085643872823141,0.3360000495810522,0.0,0.7784789902540342,0.7387761623262502,0.7784789902540342,704,0.704,642,0.7784789902540342,0,709,508.53694679661226,0.30612008469449536,0.20591391927407113,0.0,0.5,0.4192377495462795,0.5,700,0.7,223,0.5,0,709,306.10541439806417,0.1990703517587963,0.13272637976893872,0.0,0.3266331658291457,0.2864321608040201,0.3266331658291457,694,0.694,648,0.3266331658291457,0,709,198.9472361809068,1
17,76,2024-01-31,0.3053736219843423,0.31016663508553316,0.0,0.6779837034670075,0.1347259945678223,0.6779837034670075,504,0.504,362,0.6779837034670075,0,509,305.3602811950789,0.2003826376285547,0.20693402687687446,0.0,0.5172413793103449,0.00801572897761645,0.5172413793103449,500,0.5,135,0.5172413793103449,0,509,200.3715970961893,0.14592462311557902,0.14846890603827087,0.0,0.3266331658291457,0.0,0.3266331658291457,494,0.494,367,0.3266331658291457,0,509,145.80150753768956,0
17,77,2024-01-31,0.5224547851094429,0.3462030640267371,0.0,0.8010065505671833,0.7696117590669436,0.8010065505671833,704,0.704,413,0.8010065505671833,0,709,522.4265457740867,0.2899404113732611,0.19513991112764437,0.0,0.5030248033877798,0.382032667876588,0.5030248033877798,700,0.7,227,0.5030248033877798,0,709,289.9255898366604,0.2079949748743741,0.13952414186070317,0.0,0.3266331658291457,0.2864321608040201,0.3266331658291457,694,0.694,421,0.3266331658291457,0,709,207.87185929648462,0
17,78,2024-01-31,0.4717129733184258,0.31052322768670665,0.0,0.7081003355168557,0.6719923310432977,0.7081003355168557,704,0.704,642,0.7081003355168557,0,709,471.6852132928576,0.2962099213551134,0.1967918387266029,0.0,0.4667271627344223,0.4134906231094978,0.4667271627344223,700,0.7,76,0.4667271627344223,0,709,296.1952510586816,0.19915577889447245,0.1326595644360509,0.0,0.3165829145728643,0.2864321608040201,0.3165829145728643,694,0.694,707,0.3165829145728643,0,709,199.03266331658253,0
17,79,2024-01-31,0.3072974916120778,0.29936676884320346,0.0,0.6380412206422751,0.4678862438089151,0.6380412206422751,524,0.524,429,0.6380412206422751,0,529,307.28375139798754,0.21823623714458573,0.2132869594138315,0.0,0.5290381125226861,0.3650937689050211,0.5290381125226861,520,0.52,129,0.5290381125226861,0,529,218.22489413188157,0.1456381909547752,0.1418239378338272,0.0,0.3165829145728643,0.2663316582914573,0.3165829145728643,514,0.514,527,0.3165829145728643,0,529,145.51507537688576,0
17,80,2024-01-31,0.3099011822974919,0.30228682583601524,0.0,0.6513820099057357,0.4649305000798849,0.6513820099057357,524,0.524,421,0.6513820099057357,0,529,309.8833280076689,0.199170296430732,0.1961403561369205,0.0,0.4818511796733212,0.32062915910465817,0.4818511796733212,520,0.52,138,0.4818511796733212,0,529,199.16182698124666,0.1462361809045232,0.1424704914652858,0.0,0.3165829145728643,0.2663316582914573,0.3165829145728643,514,0.514,527,0.3165829145728643,0,529,146.11306532663372,0
17,81,2024-01-31,0.3121159929701232,0.30420840024875745,0.0,0.6727911806997923,0.4722799169196357,0.6727911806997923,524,0.524,249,0.6727911806997923,0,529,312.1028119507915,0.19723684210526315,0.1964966473048552,0.0,0.5290381125226861,0.3257713248638838,0.5290381125226861,520,0.52,139,0.5290381125226861,0,529,197.22549909255906,0.1567537688442222,0.153429714712086,0.0,0.3266331658291457,0.2663316582914573,0.3266331658291457,514,0.514,256,0.3266331658291457,0,529,156.63065326633276,0
17,82,2024-01-31,0.37470210896309275,0.31212337276898183,0.0,0.6758268093944719,0.4789103690685413,0.6758268093944719,604,0.604,345,0.6758268093944719,0,609,374.6848138680293,0.24075317604355684,0.2023830388931274,0.0,0.469751966122202,0.3290986085904416,0.469751966122202,600,0.6,195,0.469751966122202,0,609,240.7448578342403,0.1678190954773888,0.13892697406779192,0.0,0.3165829145728643,0.271356783919598,0.3165829145728643,594,0.594,607,0.3165829145728643,0,609,167.6959798994993,0
17,83,2024-01-31,0.3172813548490168,0.2964774070796344,0.0,0.6475475315545615,0.47611439527081,0.6475475315545615,544,0.544,336,0.6475475315545615,0,549,317.2686930819626,0.20311101028433098,0.1950668561037089,0.0,0.5,0.293103448275862,0.5,540,0.54,137,0.5,0,549,203.09921355111996,0.1595226130653279,0.15025898494433138,0.0,0.3266331658291457,0.271356783919598,0.3266331658291457,533,0.533,342,0.3266331658291457,0,547,159.3994974874385,0
17,84,2024-01-31,0.4133824093305642,0.33291684801202315,0.0,0.8906374820258828,0.653139479150024,0.8906374820258828,614,0.614,24,0.8906374820258828,0,629,413.34402460456937,0.29060133091349066,0.23892846751831073,0.0,0.7531760435571688,0.4428312159709618,0.7531760435571688,610,0.61,48,0.7531760435571688,0,629,290.58363581367223,0.17365326633165815,0.1409465552651968,0.0,0.3165829145728643,0.271356783919598,0.3165829145728643,604,0.604,627,0.3165829145728643,0,629,173.53015075376862,0
17,85,2024-01-31,0.293356446716728,0.29756329640502366,0.0,0.6348458220162966,0.1281754273845662,0.6348458220162966,504,0.504,174,0.6348458220162966,0,509,293.3427863876018,0.2076742286751362,0.21142707637633595,0.0,0.5263157894736842,0.0081669691470054,0.5263157894736842,500,0.5,128,0.5263157894736842,0,509,207.662885662432,0.1534874371859307,0.15641239836620108,0.0,0.3266331658291457,0.0,0.3266331658291457,494,0.494,154,0.3266331658291457,0,509,153.36432160804128,0
17,86,2024-01-31,0.4458599616552164,0.35761298736186187,0.0,0.8935133407892635,0.7183256111199873,0.8935133407892635,615,0.615,24,0.8935133407892635,0,629,445.81969963252897,0.2634918330308527,0.21586827912085846,0.0,0.5865093768905021,0.3796128251663642,0.5865093768905021,610,0.61,21,0.5865093768905021,0,629,263.4745916515426,0.17205025125628276,0.13947610330934287,0.0,0.3165829145728643,0.2763819095477386,0.3165829145728643,604,0.604,627,0.3165829145728643,0,629,171.92713567839309,0
17,87,2024-01-31,0.31879972839111675,0.28593542669216543,0.0,0.6051286147946956,0.4741172711295734,0.6051286147946956,564,0.564,404,0.6051286147946956,0,569,318.78782553123534,0.2629758015728978,0.23734095362807506,0.0,0.5595886267392619,0.4122807017543859,0.5595886267392619,560,0.56,135,0.5595886267392619,0,569,262.96385359951563,0.1585075376884418,0.1428177614374191,0.0,0.3165829145728643,0.2663316582914573,0.3165829145728643,553,0.553,567,0.3165829145728643,0,567,158.38442211055226,0
17,88,2024-01-31,0.45027288704265617,0.36093097944084895,0.0,0.8857644991212654,0.7224796293337594,0.8857644991212654,615,0.615,32,0.8857644991212654,0,629,450.2312270330728,0.2645859044162129,0.21652138752579095,0.0,0.5774349667271628,0.3826376285541439,0.5774349667271628,610,0.61,49,0.5774349667271628,0,629,264.5679068360562,0.17134673366834355,0.13885763316004948,0.0,0.3165829145728643,0.2763819095477386,0.3165829145728643,604,0.604,627,0.3165829145728643,0,629,171.22361809045407,0
17,89,2024-01-31,0.4530035948234533,0.36317065215287697,0.0,0.8908771369228311,0.7225595142994089,0.8908771369228311,615,0.615,45,0.8908771369228311,0,629,452.9632928582837,0.2678312159709619,0.2176104286796638,0.0,0.5747126436781609,0.4077434966727162,0.5747126436781609,610,0.61,45,0.5747126436781609,0,629,267.81321839080493,0.17132663316583077,0.1388977052034885,0.0,0.3165829145728643,0.2763819095477386,0.3165829145728643,604,0.604,627,0.3165829145728643,0,629,171.20351758794132,0
17,90,2024-01-31,0.31976617670554397,0.3265482185548591,0.0,0.7395750119827449,0.14207541140757304,0.7395750119827449,504,0.504,258,0.7395750119827449,0,509,319.7516775842779,0.1943956442831226,0.20123007639859108,0.0,0.514216575922565,0.00907441016333935,0.514216575922565,500,0.5,184,0.514216575922565,0,509,194.3856624319417,0.1492562814070363,0.15211489353389393,0.0,0.3266331658291457,0.0,0.3266331658291457,494,0.494,263,0.3266331658291457,0,509,149.13316582914686,0
17,91,2024-01-31,0.3121524205144581,0.31742264721197777,0.0,0.6882888640357885,0.14439207541140756,0.6882888640357885,504,0.504,299,0.6882888640357885,0,509,312.13895989774744,0.19224954627949115,0.19744742749117974,0.0,0.4969751966122202,0.0087719298245614,0.4969751966122202,500,0.5,132,0.4969751966122202,0,509,192.2398669086518,0.15309045226130763,0.1558999995294627,0.0,0.3266331658291457,0.0,0.3266331658291457,494,0.494,176,0.3266331658291457,0,509,152.96733668341818,0
17,92,2024-01-31,0.320096580923471,0.32650177509761047,0.0,0.7285508867231187,0.14571017734462371,0.7285508867231187,504,0.504,257,0.7285508867231187,0,509,320.0837593864827,0.19242770719903235,0.19829256825732408,0.0,0.4969751966122202,0.0087719298245614,0.4969751966122202,500,0.5,171,0.4969751966122202,0,509,192.41802782819062,0.1495276381909559,0.1523200430682551,0.0,0.3266331658291457,0.0,0.3266331658291457,494,0.494,263,0.3266331658291457,0,509,149.40452261306646,0
17,93,2024-01-31,0.2987035468924746,0.30270515292537026,0.0,0.654177983703467,0.1423550087873462,0.654177983703467,504,0.504,154,0.654177983703467,0,509,298.6894471960381,0.20202480338777948,0.20552169883891086,0.0,0.4909255898366606,0.0086206896551724,0.4909255898366606,500,0.5,144,0.4909255898366606,0,509,202.01527525710853,0.15357286432160916,0.15644357136178025,0.0,0.3266331658291457,0.0,0.3266331658291457,494,0.494,155,0.3266331658291457,0,509,153.4497487437197,0
17,94,2024-01-31,0.3109038185013586,0.3168280256554703,0.0,0.7078606806199074,0.1415561591308515,0.7078606806199074,504,0.504,322,0.7078606806199074,0,509,310.8899584598172,0.19511766485178397,0.2023161776683062,0.0,0.5060496067755595,0.00892316999395035,0.5060496067755595,500,0.5,172,0.5060496067755595,0,509,195.10571687840334,0.14652763819095593,0.14926583284979172,0.0,0.3266331658291457,0.0,0.3266331658291457,494,0.494,328,0.3266331658291457,0,509,146.4045226130665,0
17,95,2024-01-31,0.36140749320977794,0.2999571586462711,0.0,0.6558555679821058,0.4809074932097779,0.6558555679821058,604,0.604,558,0.6558555679821058,0,609,361.3895190925074,0.2313735632183906,0.1951432973868223,0.0,0.4398064125831821,0.2891712038717483,0.4398064125831821,600,0.6,268,0.4398064125831821,0,609,231.36494252873518,0.16849246231155848,0.1395993194852957,0.0,0.3165829145728643,0.2663316582914573,0.3165829145728643,594,0.594,607,0.3165829145728643,0,609,168.36934673366895,0
17,96,2024-01-31,0.3191714331362839,0.2865075761691137,0.0,0.6111199872184055,0.4715609522287905,0.6111199872184055,564,0.564,415,0.6111199872184055,0,569,319.1582121744685,0.2631657592256502,0.23775818438456048,0.0,0.5683605565638233,0.4101633393829401,0.5683605565638233,560,0.56,135,0.5683605565638233,0,569,263.1547186932843,0.1591005025125626,0.1433653527815292,0.0,0.3165829145728643,0.2663316582914573,0.3165829145728643,553,0.553,567,0.3165829145728643,0,567,158.9773869346729,0
17,97,2024-01-31,0.46671249400862985,0.37405243229704144,0.0,0.8943920754114075,0.750599137242371,0.8943920754114075,615,0.615,36,0.8943920754114075,0,629,466.6721920434575,0.2661370235934659,0.21655083471897477,0.0,0.5353901996370236,0.3986690865093769,0.5353901996370236,610,0.61,26,0.5353901996370236,0,629,266.1191772534784,0.17169346733668528,0.13913710916970595,0.0,0.3165829145728643,0.2814070351758794,0.3165829145728643,604,0.604,627,0.3165829145728643,0,629,171.57035175879577,0
17,98,2024-01-31,0.278035149384885,0.2993189376351046,0.0,0.6503435053522927,0.0,0.6503435053522927,474,0.474,232,0.6503435053522927,0,479,278.0211295734144,0.1839413188142772,0.1987559951131791,0.0,0.469751966122202,0.0,0.469751966122202,470,0.47,192,0.469751966122202,0,479,183.93118572292775,0.13068844221105638,0.14060108897355528,0.0,0.3165829145728643,0.0,0.3165829145728643,464,0.464,477,0.3165829145728643,0,479,130.5653266331669,0
17,99,2024-01-31,0.4590015178143459,0.33831672423975656,0.0,0.886723118709059,0.6912446077648187,0.886723118709059,655,0.655,45,0.886723118709059,0,659,458.9596580923477,0.25194615849969737,0.192180217471427,0.0,0.5626134301270418,0.3309134906231095,0.5626134301270418,650,0.65,49,0.5626134301270418,0,659,251.9286146400475,0.18294472361809253,0.13613483283046998,0.0,0.3165829145728643,0.2864321608040201,0.3165829145728643,644,0.644,657,0.3165829145728643,0,659,182.82160804020302,0
17,100,2024-01-31,0.31551933216168665,0.3075532805586106,0.0,0.6556957980508068,0.4705224476753475,0.6556957980508068,524,0.524,320,0.6556957980508068,0,529,315.5051925227673,0.22150090744101653,0.2172298627834309,0.0,0.5471869328493648,0.366908650937689,0.5471869328493648,520,0.52,130,0.5471869328493648,0,529,221.48911070780395,0.14545728643216216,0.14154496100340275,0.0,0.3165829145728643,0.2663316582914573,0.3165829145728643,514,0.514,527,0.3165829145728643,0,529,145.33417085427268,0
17,101,2024-01-31,0.5543852053043601,0.3216839887043282,0.0,0.9130851573733824,0.7268733024444799,0.9130851573733824,755,0.755,33,0.9130851573733824,0,769,554.3458220162953,0.36551058681185655,0.22269421858718066,0.0,0.7770719903206291,0.4373865698729582,0.7770719903206291,750,0.75,16,0.7770719903206291,0,769,365.4953115547485,0.21444221105527644,0.12615544852280527,0.0,0.3165829145728643,0.2864321608040201,0.3165829145728643,744,0.744,767,0.3165829145728643,0,769,214.31909547738664,0
17,102,2024-01-31,0.32116823773765707,0.30051110073714427,0.0,0.6454705224476753,0.4784310592746445,0.6454705224476753,544,0.544,341,0.6454705224476753,0,549,321.1543377536355,0.22970326678765923,0.21553368629991831,0.0,0.5090744101633394,0.3708408953418027,0.5090744101633394,540,0.54,161,0.5090744101633394,0,549,229.6913188142772,0.15117587939698646,0.14132534382320613,0.0,0.3165829145728643,0.271356783919598,0.3165829145728643,534,0.534,547,0.3165829145728643,0,549,151.05276381909698,0
17,103,2024-01-31,0.5638393513340801,0.34458043887625583,0.0,0.8915961016136763,0.7692123342386963,0.8915961016136763,734,0.734,45,0.8915961016136763,0,749,563.7991691963568,0.35640532365396377,0.23195548683347028,0.0,0.8499697519661222,0.4364791288566243,0.8499697519661222,730,0.73,48,0.8499697519661222,0,749,356.3886872353293,0.20564824120603267,0.12709239376777226,0.0,0.3165829145728643,0.2864321608040201,0.3165829145728643,724,0.724,747,0.3165829145728643,0,749,205.5251256281432,1
17,104,2024-01-31,0.3686900463332821,0.30793412504003864,0.0,0.6841348458220163,0.4801885285189327,0.6841348458220163,603,0.603,549,0.6841348458220163,0,609,368.6712733663537,0.24248880822746527,0.20252263501476822,0.0,0.4428312159709618,0.338173018753781,0.4428312159709618,600,0.6,266,0.4428312159709618,0,609,242.47761645493077,0.1678944723618102,0.13908873097401647,0.0,0.3165829145728643,0.2663316582914573,0.3165829145728643,594,0.594,607,0.3165829145728643,0,609,167.77135678392074,0
17,105,2024-01-31,0.5081570538424678,0.337403656620062,0.0,0.8005272407732865,0.7298689886563349,0.8005272407732865,704,0.704,474,0.8005272407732865,0,709,508.1303722639407,0.29493284936479225,0.20040039656514388,0.0,0.4969751966122202,0.3620689655172414,0.4969751966122202,700,0.7,311,0.4969751966122202,0,709,294.91817906836076,0.20527638190955,0.1376564812701739,0.0,0.3266331658291457,0.2864321608040201,0.3266331658291457,694,0.694,480,0.3266331658291457,0,709,205.1532663316605,0
17,106,2024-01-31,0.4575157373382313,0.3310904714600932,0.0,0.7402140917079406,0.6704745166959578,0.7402140917079406,664,0.664,395,0.7402140917079406,0,679,457.4881770250842,0.2710798548094374,0.1996034174678682,0.0,0.484875983061101,0.3684210526315789,0.484875983061101,660,0.66,162,0.484875983061101,0,679,271.06563823351456,0.18513567839196185,0.13518867847721036,0.0,0.3165829145728643,0.2864321608040201,0.3165829145728643,654,0.654,677,0.3165829145728643,0,679,185.0125628140724,0
17,107,2024-01-31,0.4723193800926612,0.31138552755139026,0.0,0.7124141236619268,0.6816584118868829,0.7124141236619268,704,0.704,457,0.7124141236619268,0,709,472.29146029717083,0.357690865093768,0.23954003984626235,0.0,0.6046581972171808,0.4836660617059891,0.6046581972171808,700,0.7,31,0.6046581972171808,0,709,357.676648517846,0.19738190954774001,0.13139441497091187,0.0,0.3165829145728643,0.2864321608040201,0.3165829145728643,694,0.694,707,0.3165829145728643,0,709,197.25879396985042,0
17,108,2024-01-31,0.4368535708579644,0.28889930519947976,0.0,0.6656814187569899,0.6370027160888321,0.6656814187569899,703,0.703,211,0.6656814187569899,0,709,436.83008467806354,0.3508321234119754,0.23739409414465934,0.0,0.647307924984876,0.4516031457955233,0.647307924984876,700,0.7,191,0.647307924984876,0,709,350.81957047791843,0.21479396984924823,0.14442375970775043,0.0,0.3266331658291457,0.271356783919598,0.3266331658291457,694,0.694,212,0.3266331658291457,0,709,214.67085427135876,0
17,109,2024-01-31,0.47863157053841915,0.3148474300152453,0.0,0.7124141236619268,0.6900463332800767,0.7124141236619268,704,0.704,687,0.7124141236619268,0,709,478.6064467167275,0.29998366606170646,0.19962319460343098,0.0,0.4727767695099819,0.4131881427707199,0.4727767695099819,700,0.7,344,0.4727767695099819,0,709,299.96884452510676,0.19654271356784037,0.13085522234484503,0.0,0.3165829145728643,0.2763819095477386,0.3165829145728643,694,0.694,707,0.3165829145728643,0,709,196.41959798995055,0
17,110,2024-01-31,0.4861633647547505,0.32034456826835145,0.0,0.7511583320019173,0.6952388560472919,0.7511583320019173,704,0.704,526,0.7511583320019173,0,709,486.1368828886396,0.285786751361161,0.19458110377108204,0.0,0.4879007864488808,0.3601028433151845,0.4879007864488808,700,0.7,339,0.4879007864488808,0,709,285.7723835450701,0.20358793969849398,0.13637267033579234,0.0,0.3266331658291457,0.2763819095477386,0.3266331658291457,694,0.694,532,0.3266331658291457,0,709,203.46482412060442,0
17,111,2024-01-31,0.31149249081322933,0.3166163359854897,0.0,0.6856526601693561,0.14650902700111834,0.6856526601693561,504,0.504,294,0.6856526601693561,0,509,311.4790701389998,0.18925620084694422,0.19484133264301717,0.0,0.4879007864488808,0.0086206896551724,0.4879007864488808,500,0.5,151,0.4879007864488808,0,509,189.2447065940708,0.15348241206030266,0.15629983822223484,0.0,0.3266331658291457,0.0,0.3266331658291457,494,0.494,163,0.3266331658291457,0,509,153.3592964824132,0
17,112,2024-01-31,0.45043936731107226,0.3613993541253897,0.0,0.8869627736060074,0.7078207381370827,0.8869627736060074,615,0.615,23,0.8869627736060074,0,619,450.4028598817703,0.2603182093163948,0.21215738762667125,0.0,0.5353901996370236,0.3883847549909255,0.5353901996370236,610,0.61,40,0.5353901996370236,0,619,260.3003629764067,0.1713517587939717,0.1389386078238221,0.0,0.3165829145728643,0.271356783919598,0.3165829145728643,604,0.604,617,0.3165829145728643,0,619,171.2286432160822,0
17,113,2024-01-31,0.3129086914842612,0.31944077776468066,0.0,0.7030675826809395,0.13784150822815144,0.7030675826809395,504,0.504,198,0.7030675826809395,0,509,312.89491132768904,0.20456473079249832,0.20754822014456312,0.0,0.4909255898366606,0.0086206896551724,0.4909255898366606,500,0.5,191,0.4909255898366606,0,509,204.5532365396249,0.15121608040201118,0.15421139849365242,0.0,0.3266331658291457,0.0,0.3266331658291457,494,0.494,202,0.3266331658291457,0,509,151.09296482412174,0
17,114,2024-01-31,0.43842754433615416,0.3518327067680636,0.0,0.8948713852053044,0.7045853970282793,0.8948713852053044,615,0.615,31,0.8948713852053044,0,619,438.3888001278159,0.24922595281306661,0.20805088478703856,0.0,0.6349062310949788,0.3188142770719903,0.6349062310949788,610,0.61,24,0.6349062310949788,0,619,249.20856019358646,0.17689447236181072,0.14412505302101433,0.0,0.3266331658291457,0.2763819095477386,0.3266331658291457,604,0.604,474,0.3266331658291457,0,619,176.77135678392128,0
17,115,2024-01-31,0.26770099057357466,0.28734139483890137,0.0,0.6174308995047132,0.0,0.6174308995047132,474,0.474,200,0.6174308995047132,0,479,267.6876897267931,0.17504839685420406,0.18802118148161212,0.0,0.4216575922565033,0.0,0.4216575922565033,470,0.47,170,0.4216575922565033,0,479,175.03690260133095,0.1311256281407042,0.14112796389939478,0.0,0.3165829145728643,0.0,0.3165829145728643,464,0.464,477,0.3165829145728643,0,479,131.00251256281467,0
17,117,2024-01-31,0.3358897587474042,0.3008297199156461,0.0,0.639399265058316,0.5014379293816904,0.639399265058316,564,0.564,136,0.639399265058316,0,569,335.8772567502789,0.27367876588021717,0.2487176545816818,0.0,0.6228070175438597,0.4104658197217181,0.6228070175438597,560,0.56,140,0.6228070175438597,0,569,273.669086509377,0.15740201005025206,0.14172428286724037,0.0,0.3165829145728643,0.271356783919598,0.3165829145728643,553,0.553,567,0.3165829145728643,0,567,157.27889447236254,0
17,118,2024-01-31,0.543924508707461,0.3083834092542701,0.0,0.7696117590669436,0.7092986100015977,0.7696117590669436,764,0.764,512,0.7696117590669436,0,769,543.8958699472756,0.2908539019963686,0.17060817831010722,0.0,0.454930429522081,0.3348457350272232,0.454930429522081,760,0.76,472,0.454930429522081,0,769,290.83968542044727,0.220718592964826,0.12768359408902152,0.0,0.3266331658291457,0.2864321608040201,0.3266331658291457,753,0.753,587,0.3266331658291457,0,767,220.59547738693655,0
17,119,2024-01-31,0.3357904617351006,0.3008984560260954,0.0,0.6377216807796773,0.500159769931299,0.6377216807796773,564,0.564,546,0.6377216807796773,0,569,335.77672152100945,0.26883000604960533,0.2440723511088973,0.0,0.6200846944948578,0.40834845735027225,0.6200846944948578,560,0.56,136,0.6200846944948578,0,569,268.8191167574109,0.1575628140703529,0.14185342881931287,0.0,0.3165829145728643,0.271356783919598,0.3165829145728643,553,0.553,567,0.3165829145728643,0,567,157.43969849246344,0
17,121,2024-01-31,0.6328598018852825,0.3658779841046878,0.0,0.8941524205144592,0.8451030516056878,0.8941524205144592,755,0.755,47,0.8941524205144592,0,779,632.8177424508715,0.3193765880217795,0.19178440345996323,0.0,0.5414398064125832,0.4010889292196007,0.5414398064125832,750,0.75,280,0.5414398064125832,0,779,319.3607078039925,0.22709045226130892,0.13509183830882274,0.0,0.3266331658291457,0.2864321608040201,0.3266331658291457,743,0.743,375,0.3266331658291457,0,777,226.96733668341946,0
17,123,2024-01-31,0.2676333280076682,0.269474277981262,0.0,0.5880332321457101,0.1314107684933695,0.5880332321457101,504,0.504,139,0.5880332321457101,0,509,267.61834957660966,0.19341016333938296,0.19777829106651154,0.0,0.5290381125226861,0.0072595281306715,0.5290381125226861,500,0.5,132,0.5290381125226861,0,509,193.39882032667893,0.15561809045226083,0.18483618269694777,0.0,1.0,0.0,1.0,494,0.494,164,1.0,0,509,155.49497487437122,0
17,124,2024-01-31,0.33430220482505224,0.30001385137436565,0.0,0.655376258188209,0.4882569100495287,0.655376258188209,564,0.564,176,0.655376258188209,0,569,334.28938328806447,0.2773690260133075,0.2527784061438209,0.0,0.6349062310949788,0.4134906231094978,0.6349062310949788,560,0.56,156,0.6349062310949788,0,569,277.3578342407741,0.15698994974874503,0.14126547140321427,0.0,0.3165829145728643,0.271356783919598,0.3165829145728643,553,0.553,567,0.3165829145728643,0,567,156.86683417085558,0
17,125,2024-01-31,0.2612394152420514,0.2804284654273156,0.0,0.6212653778558875,0.0,0.6212653778558875,474,0.474,155,0.6212653778558875,0,479,261.2235980188525,0.16917543859649042,0.1834967868902983,0.0,0.4758015728977616,0.0,0.4758015728977616,470,0.47,131,0.4758015728977616,0,479,169.16515426497213,0.14308040201005123,0.15489368127420378,0.0,0.3266331658291457,0.0,0.3266331658291457,464,0.464,161,0.3266331658291457,0,479,142.95728643216177,0
17,126,2024-01-31,0.26445590349896103,0.2657452093528926,0.0,0.6088832081802205,0.1408771369228311,0.6088832081802205,504,0.504,140,0.6088832081802205,0,509,264.4416040901101,0.19273986690865144,0.19658926079263994,0.0,0.5535390199637024,0.00650332728372655,0.5535390199637024,500,0.5,140,0.5535390199637024,0,509,192.73018753781005,0.22755276381909553,0.3157726294363913,0.0,1.0,0.0,1.0,494,0.494,153,1.0,0,509,227.42964824120585,0
17,127,2024-01-31,0.3129863396708742,0.31783820868040075,0.0,0.6799009426425947,0.14183575651062463,0.6799009426425947,504,0.504,253,0.6799009426425947,0,509,312.9702827927783,0.22011252268602557,0.22362005650235808,0.0,0.5353901996370236,0.0083182093163944,0.5353901996370236,500,0.5,133,0.5353901996370236,0,509,220.1020871143378,0.13973869346733792,0.14152480479393126,0.0,0.3165829145728643,0.0,0.3165829145728643,494,0.494,507,0.3165829145728643,0,509,139.61557788944845,0
17,128,2024-01-31,0.26203570857964564,0.2805542921606816,0.0,0.6264579006231027,0.0,0.6264579006231027,474,0.474,136,0.6264579006231027,0,479,262.0209698034827,0.1805580762250453,0.19745752703085895,0.0,0.469751966122202,0.0,0.469751966122202,470,0.47,199,0.469751966122202,0,479,180.54794313369592,0.13227135678391955,0.14237984868861484,0.0,0.3165829145728643,0.0,0.3165829145728643,464,0.464,477,0.3165829145728643,0,479,132.14824120603006,0
17,129,2024-01-31,0.28790669436012134,0.2916587860783583,0.0,0.6498641955583959,0.13500559194759545,0.6498641955583959,504,0.504,427,0.6498641955583959,0,509,287.89271449113215,0.21614791288566182,0.22472150024012078,0.0,0.5290381125226861,0.0081669691470054,0.5290381125226861,500,0.5,193,0.5290381125226861,0,509,216.13656987295806,0.15011055276381902,0.16804996966148125,0.0,1.0,0.0,1.0,494,0.494,213,1.0,0,509,149.98743718592954,0
17,130,2024-01-31,0.2953111519412035,0.2991082743373782,0.0,0.6346061671193481,0.13560472918996644,0.6346061671193481,504,0.504,220,0.6346061671193481,0,509,295.296253395111,0.21488415003024774,0.21888697011285493,0.0,0.5444646098003629,0.00741076830006045,0.5444646098003629,500,0.5,130,0.5444646098003629,0,509,214.8746218995767,0.15384924623115687,0.15669599905645298,0.0,0.3266331658291457,0.0,0.3266331658291457,494,0.494,152,0.3266331658291457,0,509,153.72613065326738,0
17,131,2024-01-31,0.2919927304681264,0.2956066460465875,0.0,0.6413165042339032,0.14391276561751076,0.6413165042339032,504,0.504,152,0.6413165042339032,0,509,291.9788704265852,0.22235329703569218,0.2307482389519078,0.0,0.5505142165759226,0.0086206896551724,0.5505142165759226,500,0.5,152,0.5505142165759226,0,509,222.34150030248063,0.1413869346733663,0.1434045752415082,0.0,0.3165829145728643,0.0,0.3165829145728643,494,0.494,507,0.3165829145728643,0,509,141.2638190954768,0
17,133,2024-01-31,0.23758603610800413,0.28208026395065533,0.0,0.6151142355008787,0.0,0.6151142355008787,424,0.424,345,0.6151142355008787,0,429,237.5715769292212,0.16525438596491224,0.1984981800970258,0.0,0.4939503932244404,0.0,0.4939503932244404,420,0.42,185,0.4939503932244404,0,429,165.24274047186947,0.11755276381909528,0.14010123708378897,0.0,0.3165829145728643,0.0,0.3165829145728643,414,0.414,427,0.3165829145728643,0,429,117.42964824120584,0
18,115,2024-02-06,0.26469587793577204,0.28410250398583825,0.0,0.6080044735580764,0.0,0.6080044735580764,474,0.474,260,0.6080044735580764,0,479,264.68157852692093,0.17666454930429495,0.1896673639071259,0.0,0.4398064125831821,0.0,0.4398064125831821,470,0.47,34,0.4398064125831821,0,479,176.65335753176038,0.13083417085427232,0.14108712102025847,0.0,0.3165829145728643,0.0,0.3165829145728643,464,0.464,477,0.3165829145728643,0,479,130.71105527638284,0
18,122,2024-01-31,0.3058950311551366,0.2854950706521158,0.0,0.6086435532832721,0.4702029078127496,0.6086435532832721,544,0.544,224,0.6086435532832721,0,549,305.8807317462848,0.22588233514821535,0.21327926496407684,0.0,0.5290381125226861,0.367211131276467,0.5290381125226861,540,0.54,168,0.5290381125226861,0,549,225.87099213551176,0.15100502512562936,0.14125926677563064,0.0,0.3165829145728643,0.2663316582914573,0.3165829145728643,534,0.534,547,0.3165829145728643,0,549,150.8819095477399,0
18,122,2024-02-06,0.3056867710496869,0.28509461206869635,0.0,0.6030516056878096,0.4724396868509347,0.6030516056878096,544,0.544,188,0.6030516056878096,0,549,305.67255152580265,0.22623895946763434,0.21351663172385937,0.0,0.5290381125226861,0.3650937689050211,0.5290381125226861,540,0.54,165,0.5290381125226861,0,549,226.2276164549308,0.15117085427135776,0.141699642526735,0.0,0.3165829145728643,0.2663316582914573,0.3165829145728643,533,0.533,547,0.3165829145728643,0,547,151.04773869346835,0
18,125,2024-02-06,0.27885796453107536,0.29939325465615674,0.0,0.6632049848218565,0.0,0.6632049848218565,474,0.474,158,0.6632049848218565,0,479,278.84238696277345,0.1634673321234123,0.1765688973512821,0.0,0.469751966122202,0.0,0.469751966122202,470,0.47,135,0.469751966122202,0,479,163.45719903206307,0.1429798994974884,0.15479130873164865,0.0,0.3266331658291457,0.0,0.3266331658291457,464,0.464,163,0.3266331658291457,0,479,142.85678391959897,0
18,127,2024-02-06,0.32229621345262693,0.3273880507007293,0.0,0.7164083719444001,0.14886563348777754,0.7164083719444001,504,0.504,208,0.7164083719444001,0,509,322.2807956542591,0.2094071385359948,0.2121703017726044,0.0,0.4969751966122202,0.0087719298245614,0.4969751966122202,500,0.5,191,0.4969751966122202,0,509,209.39745916515403,0.15142713567839305,0.1542504072986996,0.0,0.3266331658291457,0.0,0.3266331658291457,494,0.494,216,0.3266331658291457,0,509,151.30402010050358,0
18,127,2024-02-14,0.3109774724396871,0.3147937464696582,0.0,0.681338872024285,0.1482664962454066,0.681338872024285,504,0.504,149,0.681338872024285,0,509,310.9614555040745,0.2111914700544459,0.2140048758973361,0.0,0.5,0.0087719298245614,0.5,500,0.5,139,0.5,0,509,211.1816394434359,0.15386432160804128,0.1566545206736922,0.0,0.3266331658291457,0.0,0.3266331658291457,494,0.494,157,0.3266331658291457,0,509,153.7412060301518,0
18,128,2024-02-06,0.2884841827768014,0.31090743433552476,0.0,0.6797411727112957,0.0,0.6797411727112957,474,0.474,184,0.6797411727112957,0,479,288.46952388560516,0.16287053841500335,0.17646037575381385,0.0,0.4095583787053841,0.0,0.4095583787053841,470,0.47,174,0.4095583787053841,0,479,162.85934664246787,0.14254271356784018,0.15418818604956386,0.0,0.3266331658291457,0.0,0.3266331658291457,464,0.464,190,0.3266331658291457,0,479,142.41959798995074,0
18,129,2024-02-06,0.29718804920913877,0.3007542290428057,0.0,0.6536187889439208,0.14990413804122055,0.6536187889439208,504,0.504,187,0.6536187889439208,0,509,297.17398945518397,0.2142555958862678,0.2229424249992013,0.0,0.5414398064125832,0.0084694494857834,0.5414398064125832,500,0.5,181,0.5414398064125832,0,509,214.2439503932246,0.1408643216080397,0.14312956709902844,0.0,0.3165829145728643,0.0,0.3165829145728643,494,0.494,507,0.3165829145728643,0,509,140.7412060301502,0
18,130,2024-02-14,0.2977554721201459,0.3014125456366578,0.0,0.6420354689247484,0.14223518133887195,0.6420354689247484,504,0.504,185,0.6420354689247484,0,509,297.74037386163934,0.21408227465214752,0.21814738770597178,0.0,0.5471869328493648,0.0084694494857834,0.5471869328493648,500,0.5,129,0.5471869328493648,0,509,214.07274652147586,0.14016080402010136,0.14200300280891093,0.0,0.3165829145728643,0.0,0.3165829145728643,494,0.494,507,0.3165829145728643,0,509,140.03768844221185,0
18,130,2024-02-14,0.29995814027799955,0.30410869037418714,0.0,0.6496245406614475,0.13752196836555355,0.6496245406614475,504,0.504,481,0.6496245406614475,0,509,299.942882249561,0.21395977011494255,0.21772479941151945,0.0,0.5381125226860254,0.0083182093163944,0.5381125226860254,500,0.5,127,0.5381125226860254,0,509,213.9493345432545,0.13978894472361936,0.1416057644320707,0.0,0.3165829145728643,0.0,0.3165829145728643,494,0.494,507,0.3165829145728643,0,509,139.66582914572987,0
18,131,2024-02-06,0.3007610640677426,0.30461387947712976,0.0,0.6588911966767854,0.15110241252596263,0.6588911966767854,504,0.504,493,0.6588911966767854,0,509,300.74688448634,0.21610859044162148,0.224089015723176,0.0,0.5172413793103449,0.00801572897761645,0.5172413793103449,500,0.5,167,0.5172413793103449,0,509,216.09754990925566,0.14130150753768783,0.14355323436864745,0.0,0.3165829145728643,0.0,0.3165829145728643,494,0.494,507,0.3165829145728643,0,509,141.17839195979838,0
18,131,2024-02-14,0.3094823454225912,0.31427681842530003,0.0,0.6795015178143473,0.15317942163284864,0.6795015178143473,504,0.504,354,0.6795015178143473,0,509,309.4677264738778,0.22081427707199022,0.2300577884228812,0.0,0.5323653962492438,0.0083182093163944,0.5323653962492438,500,0.5,324,0.5323653962492438,0,509,220.80081669691438,0.13946733668341835,0.1415505270327174,0.0,0.3165829145728643,0.0,0.3165829145728643,494,0.494,507,0.3165829145728643,0,509,139.34422110552887,0
18,131,2024-02-14,0.30540046333279974,0.30979507978620996,0.0,0.6667998082760824,0.1516216648026841,0.6667998082760824,504,0.504,185,0.6667998082760824,0,509,305.3860840389832,0.21498850574712658,0.22289628156311286,0.0,0.5199637023593466,0.00801572897761645,0.5199637023593466,500,0.5,201,0.5199637023593466,0,509,214.97731397459162,0.14006030150753837,0.14218456134053134,0.0,0.3165829145728643,0.0,0.3165829145728643,494,0.494,507,0.3165829145728643,0,509,139.93718592964893,0
18,133,2024-02-06,0.2359751557756829,0.2802612431574155,0.0,0.6220642275123822,0.0,0.6220642275123822,424,0.424,422,0.6220642275123822,0,429,235.96053682696896,0.16667695099818522,0.20040389448565152,0.0,0.5090744101633394,0.0,0.5090744101633394,420,0.42,142,0.5090744101633394,0,429,166.66500302480333,0.11811557788944685,0.1408072100865705,0.0,0.3165829145728643,0.0,0.3165829145728643,414,0.414,427,0.3165829145728643,0,429,117.99246231155742,0
18,133,2024-02-14,0.2365027160888318,0.2807683553667527,0.0,0.6274964051765458,0.0,0.6274964051765458,424,0.424,296,0.6274964051765458,0,429,236.48913564467145,0.15763218390804565,0.1909321857723097,0.0,0.5,0.0,0.5,420,0.42,160,0.5,0,429,157.62038717483375,0.12209045226130688,0.14608001168501392,0.0,0.3266331658291457,0.0,0.3266331658291457,414,0.414,302,0.3266331658291457,0,429,121.96733668341743,0
18,133,2024-02-14,0.23276306119188356,0.27602125484862416,0.0,0.6183895190925068,0.0,0.6183895190925068,424,0.424,203,0.6183895190925068,0,429,232.74852212813525,0.14856775559588636,0.1797370247700356,0.0,0.4969751966122202,0.0,0.4969751966122202,420,0.42,144,0.4969751966122202,0,429,148.55611010284346,0.12493467336683486,0.14970446851458838,0.0,0.3266331658291457,0.0,0.3266331658291457,414,0.414,207,0.3266331658291457,0,429,124.81155778894542,0
18,135,2024-01-31,0.30336643233743327,0.3275101920999775,0.0,0.7159290621505032,0.0,0.7159290621505032,474,0.474,248,0.7159290621505032,0,479,303.35241252596273,0.18524803387779765,0.2028921231934809,0.0,0.5030248033877798,0.0,0.5030248033877798,470,0.47,128,0.5030248033877798,0,479,185.2382032667881,0.1933015075376897,0.22087110179923594,0.0,0.5025125628140703,0.0,0.5025125628140703,464,0.464,181,0.5025125628140703,0,479,193.17839195980022,0
18,135,2024-02-06,0.2997776801405996,0.3231222139840376,0.0,0.7125738935932258,0.0,0.7125738935932258,474,0.474,225,0.7125738935932258,0,479,299.7637402140925,0.18847701149425347,0.20687638891800383,0.0,0.5290381125226861,0.0,0.5290381125226861,470,0.47,128,0.5290381125226861,0,479,188.46672716273443,0.13763316582914703,0.15288226687738196,0.0,0.5025125628140703,0.0,0.5025125628140703,464,0.464,194,0.5025125628140703,0,479,137.51005025125752,0
18,135,2024-02-06,0.30367263141076795,0.3276598830896803,0.0,0.7066624061351654,0.0,0.7066624061351654,474,0.474,186,0.7066624061351654,0,479,303.658811311712,0.19559376890502128,0.21124206057803055,0.0,0.4969751966122202,0.0,0.4969751966122202,470,0.47,156,0.4969751966122202,0,479,195.58212341197822,0.1677889447236194,0.1946046256626076,0.0,0.5025125628140703,0.0,0.5025125628140703,464,0.464,172,0.5025125628140703,0,479,167.66582914572993,0
18,135,2024-02-14,0.2981544975235667,0.3211812612321442,0.0,0.7084997603451031,0.0,0.7084997603451031,474,0.474,276,0.7084997603451031,0,479,298.1406374820253,0.18607017543859616,0.20439796307282432,0.0,0.5030248033877798,0.0,0.5030248033877798,470,0.47,153,0.5030248033877798,0,479,186.0603448275861,0.15029145728643348,0.17213630266238103,0.0,0.5025125628140703,0.0,0.5025125628140703,464,0.464,179,0.5025125628140703,0,479,150.168341708544,0
18,135,2024-02-14,0.30356846141556,0.32753139769125583,0.0,0.7078606806199074,0.0,0.7078606806199074,474,0.474,300,0.7078606806199074,0,479,303.5546013740219,0.19749062310949744,0.21282039626628893,0.0,0.5,0.0,0.5,470,0.47,156,0.5,0,479,197.48079249848738,0.16411557788944856,0.19024217201511803,0.0,0.5025125628140703,0.0,0.5025125628140703,464,0.464,175,0.5025125628140703,0,479,163.99246231155908,0
19,6,2024-01-31,0.30860217287106634,0.3144854572211011,0.0,0.6939606965969005,0.12378175427384566,0.6939606965969005,504,0.504,259,0.6939606965969005,0,509,308.5885924269054,0.2082955232909862,0.21373578549268238,0.0,0.5199637023593466,0.00801572897761645,0.5199637023593466,500,0.5,36,0.5199637023593466,0,509,208.2853901996357,0.14906030150753882,0.15195912025253266,0.0,0.3266331658291457,0.0,0.3266331658291457,494,0.494,264,0.3266331658291457,0,509,148.93718592964933,0
19,9,2024-01-31,0.30927879853011636,0.31352411716132,0.0,0.6779837034670075,0.1356047291899664,0.6779837034670075,504,0.504,454,0.6779837034670075,0,509,309.2641795814035,0.21133030852994522,0.21408885608698788,0.0,0.5090744101633394,0.00892316999395035,0.5090744101633394,500,0.5,130,0.5090744101633394,0,509,211.32032667876547,0.14016080402010164,0.1420712717491046,0.0,0.3165829145728643,0.0,0.3165829145728643,494,0.494,507,0.3165829145728643,0,509,140.0376884422122,0
19,12,2024-01-31,0.3150722160089481,0.2946006667628381,0.0,0.6386803003674708,0.4683655536028119,0.6386803003674708,544,0.544,185,0.6386803003674708,0,549,315.05847579485516,0.2101370235934664,0.19712668152991825,0.0,0.4939503932244404,0.3499697519661222,0.4939503932244404,540,0.54,135,0.4939503932244404,0,549,210.12840290381146,0.16530653266331785,0.1555236345999174,0.0,0.3266331658291457,0.2663316582914573,0.3266331658291457,534,0.534,193,0.3266331658291457,0,549,165.18341708542837,0
19,16,2024-01-31,0.3235595941843748,0.3032971749438921,0.0,0.6629653299249081,0.470602332640997,0.6629653299249081,544,0.544,288,0.6629653299249081,0,549,323.5452947755239,0.21296551724137838,0.2023190507807354,0.0,0.4939503932244404,0.338475499092559,0.4939503932244404,540,0.54,132,0.4939503932244404,0,549,212.955837870538,0.16109045226130783,0.1516176047104368,0.0,0.3266331658291457,0.2663316582914573,0.3266331658291457,534,0.534,294,0.3266331658291457,0,549,160.96733668341835,0
20,0,2024-02-06,0.4783251318101926,0.31464204659369904,0.0,0.7227192842307077,0.6800607125738936,0.7227192842307077,704,0.704,655,0.7227192842307077,0,709,478.29952867870213,0.3226031457955238,0.21670611079522584,0.0,0.5653357531760436,0.425589836660617,0.5653357531760436,700,0.7,143,0.5653357531760436,0,709,322.5866606170605,0.2011557788944715,0.13421856566100138,0.0,0.3165829145728643,0.2964824120603015,0.3165829145728643,694,0.694,707,0.3165829145728643,0,709,201.03266331658196,0
20,1,2024-02-06,0.4771505831602483,0.3138334701313204,0.0,0.7148106726314107,0.6867710496884486,0.7148106726314107,704,0.704,689,0.7148106726314107,0,709,477.12258347978917,0.3135529340592857,0.20912661711768912,0.0,0.484875983061101,0.4428312159709618,0.484875983061101,700,0.7,259,0.484875983061101,0,709,313.53871748336246,0.197788944723619,0.13199374197478808,0.0,0.3165829145728643,0.2864321608040201,0.3165829145728643,694,0.694,707,0.3165829145728643,0,709,197.6658291457293,0
20,2,2024-02-06,0.4817298290461728,0.31781835135739445,0.0,0.7270330723757789,0.69851413963892,0.7270330723757789,704,0.704,546,0.7270330723757789,0,709,481.7027480428177,0.32159558378705333,0.21494650720810765,0.0,0.5471869328493648,0.4376890502117362,0.5471869328493648,700,0.7,57,0.5471869328493648,0,709,321.58061101028335,0.19728643216080616,0.1315489591686957,0.0,0.3165829145728643,0.2864321608040201,0.3165829145728643,694,0.694,707,0.3165829145728643,0,709,197.1633165829167,0
20,3,2024-02-06,0.29733583639558997,0.28972889222391346,0.0,0.647467646588912,0.4494328167438888,0.647467646588912,523,0.523,529,0.647467646588912,0,529,297.3168237737656,0.21890078644888125,0.21993714001272843,0.0,0.5807622504537205,0.3163944343617665,0.5807622504537205,520,0.52,133,0.5807622504537205,0,529,218.88944343617666,0.1550653266331659,0.16970719253675676,0.0,1.0,0.2663316582914573,1.0,514,0.514,340,1.0,0,529,154.94221105527643,0
20,4,2024-02-06,0.2989366512222402,0.2911733196547483,0.0,0.6390797251957182,0.4536667199233104,0.6390797251957182,523,0.523,522,0.6390797251957182,0,529,298.91787825531185,0.2009022988505751,0.19948525402797487,0.0,0.5290381125226861,0.3194192377495463,0.5290381125226861,520,0.52,142,0.5290381125226861,0,529,200.89095583787048,0.14705527638190927,0.1432733997963867,0.0,0.3165829145728643,0.2663316582914573,0.3165829145728643,514,0.514,527,0.3165829145728643,0,529,146.93216080401976,0
20,5,2024-02-06,0.29375946636842926,0.2963291583330866,0.0,0.6538584438408691,0.13712254353730624,0.6538584438408691,504,0.504,140,0.6538584438408691,0,509,293.7440885125412,0.21336146400483968,0.21730656745075158,0.0,0.5683605565638233,0.0099818511796733,0.5683605565638233,500,0.5,130,0.5683605565638233,0,509,213.3504234724739,0.14111055276381942,0.1430411025766295,0.0,0.3165829145728643,0.0,0.3165829145728643,494,0.494,507,0.3165829145728643,0,509,140.98743718592993,0
20,6,2024-02-06,0.3196902859881743,0.3257272768532713,0.0,0.7116152740054322,0.13392714491132765,0.7116152740054322,504,0.504,282,0.7116152740054322,0,509,319.67634606167013,0.21950060496067783,0.2228123680551905,0.0,0.5090744101633394,0.00892316999395035,0.5090744101633394,500,0.5,151,0.5090744101633394,0,509,219.48865698729566,0.13946733668341837,0.14153571948417132,0.0,0.3165829145728643,0.0,0.3165829145728643,493,0.493,507,0.3165829145728643,0,507,139.3442211055289,0
20,7,2024-02-06,0.48474101294136296,0.31915659103925187,0.0,0.8890397827128934,0.6763860041540182,0.8890397827128934,705,0.705,43,0.8890397827128934,0,719,484.7044256270971,0.3039213551119173,0.2031003081033002,0.0,0.5747126436781609,0.4077434966727162,0.5747126436781609,700,0.7,47,0.5747126436781609,0,719,303.9033575317604,0.19855276381909637,0.13244708432314967,0.0,0.3165829145728643,0.2864321608040201,0.3165829145728643,694,0.694,717,0.3165829145728643,0,719,198.42964824120673,0
20,8,2024-02-06,0.30084909729988757,0.28031395988144414,0.0,0.6088832081802205,0.4680460137402141,0.6088832081802205,544,0.544,238,0.6088832081802205,0,549,300.8347978910367,0.21429219600725966,0.20372340888111912,0.0,0.5471869328493648,0.3475499092558983,0.5471869328493648,540,0.54,141,0.5471869328493648,0,549,214.28039927404717,0.16271859296482535,0.15350766394162807,0.0,0.3266331658291457,0.2663316582914573,0.3266331658291457,533,0.533,244,0.3266331658291457,0,547,162.59547738693595,0
20,9,2024-02-06,0.31021720722160073,0.31410232352995116,0.0,0.6720722160089471,0.1435932257549129,0.6720722160089471,504,0.504,177,0.6720722160089471,0,509,310.2027480428191,0.2070517241379304,0.20962546765641174,0.0,0.5030248033877798,0.0087719298245614,0.5030248033877798,500,0.5,137,0.5030248033877798,0,509,207.0418935269209,0.15223115577889554,0.15540492995798455,0.0,0.3266331658291457,0.0,0.3266331658291457,493,0.493,185,0.3266331658291457,0,507,152.10804020100608,0
20,10,2024-02-06,0.49352835916280535,0.3246188407425479,0.0,0.889998402300687,0.6910049528678702,0.889998402300687,705,0.705,42,0.889998402300687,0,719,493.4864994408046,0.31408106473079345,0.21021994845449282,0.0,0.5595886267392619,0.4210526315789473,0.5595886267392619,700,0.7,32,0.5595886267392619,0,719,314.0635208711432,0.1965125628140723,0.13099036180955378,0.0,0.3165829145728643,0.2864321608040201,0.3165829145728643,694,0.694,717,0.3165829145728643,0,719,196.38944723618255,0
20,11,2024-02-06,0.3101373222559517,0.289304517798713,0.0,0.6374021409170794,0.474916120786068,0.6374021409170794,544,0.544,179,0.6374021409170794,0,549,310.1223438248909,0.2135547489413187,0.2010262889835436,0.0,0.5199637023593466,0.33348457350272226,0.5199637023593466,540,0.54,166,0.5199637023593466,0,549,213.5435571687838,0.16553266331658417,0.15595204504114696,0.0,0.3266331658291457,0.271356783919598,0.3266331658291457,533,0.533,184,0.3266331658291457,0,547,165.40954773869473,0
20,12,2024-02-06,0.32222719284230683,0.3013788070197345,0.0,0.6589710816424349,0.4754753155456143,0.6589710816424349,544,0.544,199,0.6589710816424349,0,549,322.2116951589708,0.2109588626739264,0.1983163305698337,0.0,0.5,0.352389594676346,0.5,540,0.54,169,0.5,0,549,210.94903206291576,0.16451758793969976,0.15507401548626323,0.0,0.3266331658291457,0.2663316582914573,0.3266331658291457,533,0.533,206,0.3266331658291457,0,547,164.3944723618103,0
20,13,2024-02-06,0.4719885764499089,0.3116034103296503,0.0,0.8948713852053044,0.6588113117111359,0.8948713852053044,705,0.705,31,0.8948713852053044,0,709,471.9480747723284,0.3034863883847569,0.2082963348303717,0.0,0.7286751361161524,0.397156684815487,0.7286751361161524,700,0.7,21,0.7286751361161524,0,709,303.46929824561454,0.19997487437185965,0.13305456383244627,0.0,0.3165829145728643,0.2864321608040201,0.3165829145728643,694,0.694,707,0.3165829145728643,0,709,199.85175879396996,0
20,14,2024-02-06,0.23694823454225958,0.29428980224649504,0.0,0.6782233583639559,0.0,0.6782233583639559,404,0.404,222,0.6782233583639559,0,409,236.93489375299606,0.13840774349667234,0.17502571370365147,0.0,0.4758015728977616,0.0,0.4758015728977616,400,0.4,173,0.4758015728977616,0,409,138.3965517241381,0.11831155778894531,0.14758718378899824,0.0,0.3266331658291457,0.0,0.3266331658291457,394,0.394,228,0.3266331658291457,0,409,118.18844221105587,0
20,15,2024-02-06,0.3063093944719602,0.2985625050952406,0.0,0.6418756989934494,0.4574213133088353,0.6418756989934494,523,0.523,256,0.6418756989934494,0,529,306.2904617351009,0.19903266787658816,0.19597439284298004,0.0,0.4909255898366606,0.3073200241984271,0.4909255898366606,520,0.52,130,0.4909255898366606,0,529,199.02404718693282,0.14637185929648294,0.14256588862763414,0.0,0.3165829145728643,0.2663316582914573,0.3165829145728643,514,0.514,527,0.3165829145728643,0,529,146.24874371859337,0
20,16,2024-02-06,0.34262454066144676,0.3214214538439699,0.0,0.696117590669436,0.488656334877776,0.696117590669436,544,0.544,319,0.696117590669436,0,549,342.609562230388,0.22778977616454915,0.21400005417299028,0.0,0.5,0.3699334543254688,0.5,540,0.54,159,0.5,0,549,227.77994555353908,0.15086934673366986,0.14131958371648187,0.0,0.3165829145728643,0.271356783919598,0.3165829145728643,533,0.533,547,0.3165829145728643,0,547,150.74623115578038,0
20,17,2024-02-06,0.3003528518932727,0.2920682041433571,0.0,0.6354849017414923,0.4635724556638441,0.6354849017414923,523,0.523,135,0.6354849017414923,0,529,300.3341987537944,0.19485359951603154,0.19095761484537824,0.0,0.484875983061101,0.29673321234119776,0.484875983061101,520,0.52,135,0.484875983061101,0,529,194.84513006654552,0.14694974874371877,0.14316563962305204,0.0,0.3165829145728643,0.2663316582914573,0.3165829145728643,514,0.514,527,0.3165829145728643,0,529,146.8266331658293,0
20,18,2024-02-06,0.24926737498003076,0.29637010568109995,0.0,0.641636044096501,0.0,0.641636044096501,424,0.424,163,0.641636044096501,0,429,249.25351493848885,0.1621672716273438,0.19217601304389717,0.0,0.4519056261343013,0.0,0.4519056261343013,420,0.42,130,0.4519056261343013,0,429,162.15759225650336,0.12820100502512632,0.15340300817486738,0.0,0.3266331658291457,0.0,0.3266331658291457,414,0.414,144,0.3266331658291457,0,429,128.07788944723688,0
20,19,2024-02-06,0.26104968844863435,0.312088091305522,0.0,0.7126537785588752,0.0,0.7126537785588752,424,0.424,217,0.7126537785588752,0,429,261.0342706502639,0.16193103448275878,0.19559878785297988,0.0,0.5199637023593466,0.0,0.5199637023593466,420,0.42,188,0.5199637023593466,0,429,161.92090139140944,0.12481909547738766,0.14942674556143873,0.0,0.3266331658291457,0.0,0.3266331658291457,414,0.414,223,0.3266331658291457,0,429,124.69597989949821,0
20,20,2024-02-06,0.26377256750279643,0.28957308443639057,0.0,0.6250998562070619,0.0,0.6250998562070619,463,0.463,360,0.6250998562070619,0,469,263.7529158012462,0.17554537205081683,0.19423755074031146,0.0,0.5090744101633394,0.0,0.5090744101633394,460,0.46,137,0.5090744101633394,0,469,175.53644888082283,0.12993969849246223,0.14278006766892434,0.0,0.3165829145728643,0.0,0.3165829145728643,454,0.454,467,0.3165829145728643,0,469,129.8165829145728,0
20,21,2024-02-06,0.2690744527879855,0.296315102560675,0.0,0.6671193481386803,0.0,0.6671193481386803,463,0.463,444,0.6671193481386803,0,469,269.054841028919,0.1686327888687235,0.1852217730059074,0.0,0.454930429522081,0.0,0.454930429522081,460,0.46,138,0.454930429522081,0,469,168.62129461585013,0.14013567839195937,0.1749509038764952,0.0,1.0,0.0,1.0,454,0.454,169,1.0,0,469,140.01256281406984,0
20,22,2024-02-06,0.248835197315865,0.3091983821233858,0.0,0.7003514938488576,0.0,0.7003514938488576,404,0.404,224,0.7003514938488576,0,409,248.82009905735748,0.1486699939503933,0.18660124774907855,0.0,0.4727767695099819,0.0,0.4727767695099819,400,0.4,181,0.4727767695099819,0,409,148.65895341802772,0.1107035175879404,0.13766855118033056,0.0,0.3165829145728643,0.0,0.3165829145728643,394,0.394,407,0.3165829145728643,0,409,110.58040201005097,0
20,23,2024-02-06,0.310581802204825,0.3041336849936888,0.0,0.6709538264898546,0.4499121265377855,0.6709538264898546,523,0.523,516,0.6709538264898546,0,529,310.5620706183097,0.20050635208711495,0.19559143782392488,0.0,0.4788263762855414,0.33363581367211126,0.4788263762855414,520,0.52,147,0.4788263762855414,0,529,200.49606775559658,0.14568844221105573,0.14194765243539023,0.0,0.3165829145728643,0.2663316582914573,0.3165829145728643,514,0.514,527,0.3165829145728643,0,529,145.56532663316625,0
20,24,2024-02-06,0.25061767055440165,0.3123211587474896,0.0,0.7096181498641956,0.0,0.7096181498641956,404,0.404,199,0.7096181498641956,0,409,250.60237258347993,0.14486116152450096,0.1840576007686913,0.0,0.5199637023593466,0.0,0.5199637023593466,400,0.4,169,0.5199637023593466,0,409,144.8499697519661,0.1238693467336691,0.15805466056197046,0.0,0.5025125628140703,0.0,0.5025125628140703,394,0.394,174,0.5025125628140703,0,409,123.74623115577965,0
20,25,2024-02-06,0.31273829685253296,0.3052211415236745,0.0,0.6572934973637962,0.461335676625659,0.6572934973637962,523,0.523,373,0.6572934973637962,0,529,312.7189646908454,0.1975214761040531,0.19493608026236475,0.0,0.4818511796733212,0.2844827586206896,0.4818511796733212,520,0.52,153,0.4818511796733212,0,529,197.51300665456762,0.14540703517588077,0.14159212438778035,0.0,0.3165829145728643,0.2663316582914573,0.3165829145728643,514,0.514,527,0.3165829145728643,0,529,145.2839195979913,0
20,26,2024-02-06,0.25233583639558876,0.3138955158328013,0.0,0.7100974596580923,0.0,0.7100974596580923,404,0.404,227,0.7100974596580923,0,409,252.32053842466715,0.15224440411373277,0.19114851632206067,0.0,0.4879007864488808,0.0,0.4879007864488808,400,0.4,187,0.4879007864488808,0,409,152.2329098608591,0.12103517587939791,0.1570047893414896,0.0,0.5025125628140703,0.0,0.5025125628140703,394,0.394,187,0.5025125628140703,0,409,120.91206030150846,0
20,27,2024-02-06,0.30732105767694484,0.2997788774097812,0.0,0.6413963891995527,0.450750918677105,0.6413963891995527,523,0.523,274,0.6413963891995527,0,529,307.30088672311797,0.19681972171808834,0.1952476995985239,0.0,0.4758015728977616,0.2894736842105263,0.4758015728977616,520,0.52,154,0.4758015728977616,0,529,196.8114035087721,0.14536683417085544,0.14157365689191287,0.0,0.3165829145728643,0.2663316582914573,0.3165829145728643,514,0.514,527,0.3165829145728643,0,529,145.243718592966,0
20,28,2024-02-06,0.24712318261703187,0.29314820318000073,0.0,0.6386803003674708,0.0,0.6386803003674708,424,0.424,266,0.6386803003674708,0,429,247.10692602652233,0.1535816696914705,0.1833511733453537,0.0,0.4428312159709618,0.0,0.4428312159709618,420,0.42,130,0.4428312159709618,0,429,153.5712341197819,0.12743718592964892,0.1526757217544156,0.0,0.3266331658291457,0.0,0.3266331658291457,414,0.414,145,0.3266331658291457,0,429,127.31407035175948,0
20,29,2024-02-06,0.31151214251477854,0.3044096808779786,0.0,0.6635245246844543,0.4553443042019492,0.6635245246844543,523,0.523,483,0.6635245246844543,0,529,311.49133248122763,0.19873442226255256,0.19363037176190886,0.0,0.4367816091954023,0.30943738656987296,0.4367816091954023,520,0.52,144,0.4367816091954023,0,529,198.7241379310344,0.1457989949748751,0.1420317604774326,0.0,0.3165829145728643,0.2663316582914573,0.3165829145728643,514,0.514,527,0.3165829145728643,0,529,145.6758793969856,0
20,30,2024-02-06,0.472485700591146,0.2972793093236285,0.0,0.7229589391276562,0.6350055919475954,0.7229589391276562,724,0.724,526,0.7229589391276562,0,729,472.4616152740062,0.2937604355716897,0.19083988279227154,0.0,0.5323653962492438,0.36312764670296427,0.5323653962492438,720,0.72,49,0.5323653962492438,0,729,293.7448578342415,0.20935678391959991,0.13388728017565185,0.0,0.3266331658291457,0.2814070351758794,0.3266331658291457,714,0.714,533,0.3266331658291457,0,729,209.23366834171043,0
20,31,2024-02-06,0.3113482185652669,0.31555922112299145,0.0,0.6782233583639559,0.14363316823773764,0.6782233583639559,504,0.504,427,0.6782233583639559,0,509,311.3335996165523,0.22889685420447733,0.23322357109085687,0.0,0.5263157894736842,0.0081669691470054,0.5263157894736842,500,0.5,218,0.5263157894736842,0,509,228.88656987295846,0.13973869346733797,0.1415346179547392,0.0,0.3165829145728643,0.0,0.3165829145728643,494,0.494,507,0.3165829145728643,0,509,139.61557788944847,0
20,32,2024-02-06,0.4390415401821378,0.3527609784740794,0.0,0.8927943760984183,0.6826969164403259,0.8927943760984183,615,0.615,32,0.8927943760984183,0,629,439.00303562869397,0.26852692075015167,0.22128677121244747,0.0,0.6896551724137931,0.3892921960072595,0.6896551724137931,610,0.61,32,0.6896551724137931,0,629,268.50801572897734,0.17229145728643258,0.1398352791874126,0.0,0.3165829145728643,0.2663316582914573,0.3165829145728643,604,0.604,627,0.3165829145728643,0,629,172.16834170854312,0
20,33,2024-02-06,0.29681961974756343,0.2759241035692007,0.0,0.5872343824892156,0.4762741652021089,0.5872343824892156,544,0.544,126,0.5872343824892156,0,549,296.8046013740213,0.21019993950393212,0.1987163901197105,0.0,0.454930429522081,0.3203266787658802,0.454930429522081,540,0.54,156,0.454930429522081,0,549,210.19010889292164,0.1550100502512564,0.1457360586399576,0.0,0.3266331658291457,0.2663316582914573,0.3266331658291457,533,0.533,470,0.3266331658291457,0,547,154.88693467336694,0
20,34,2024-02-06,0.3692407732864667,0.30685080022231603,0.0,0.6680779677264739,0.4820258827288704,0.6680779677264739,603,0.603,533,0.6680779677264739,0,609,369.2224396868514,0.2483765880217786,0.20894032779230454,0.0,0.4879007864488808,0.3324258923169993,0.4879007864488808,600,0.6,160,0.4879007864488808,0,609,248.36509376890507,0.16752763819095629,0.13900171085027135,0.0,0.3165829145728643,0.2663316582914573,0.3165829145728643,594,0.594,607,0.3165829145728643,0,609,167.40452261306683,0
20,35,2024-02-06,0.3616021728710649,0.3002203801035546,0.0,0.6667998082760824,0.4798290461735102,0.6667998082760824,604,0.604,598,0.6667998082760824,0,609,361.5825611119983,0.24736781609195424,0.20833231811593353,0.0,0.514216575922565,0.3145795523290986,0.514216575922565,600,0.6,142,0.514216575922565,0,609,247.35874168179126,0.16977386934673422,0.14064704313514073,0.0,0.3165829145728643,0.271356783919598,0.3165829145728643,594,0.594,607,0.3165829145728643,0,609,169.6507537688447,0
20,36,2024-02-06,0.32410017574692335,0.2906997627751194,0.0,0.6167918197795175,0.4765138200990573,0.6167918197795175,564,0.564,133,0.6167918197795175,0,569,324.0929461575336,0.262435874168179,0.2368013030673633,0.0,0.5562613430127041,0.4101633393829401,0.5562613430127041,560,0.56,133,0.5562613430127041,0,569,262.42725347852354,0.0,0.0,0.0,0.0,0.0,0.0,0,0.0,0,0.0,-1,-1,0.0,0
20,37,2024-02-06,0.45797595462533663,0.28657148567098184,0.0,0.6673590030356287,0.6333280076689567,0.6673590030356287,724,0.724,635,0.6673590030356287,0,729,457.9471960377044,0.29643375680580797,0.1880334306993171,0.0,0.4519056261343013,0.4038112522686025,0.4519056261343013,720,0.72,272,0.4519056261343013,0,729,296.4186327888684,0.2023517587939712,0.12874408890613903,0.0,0.3165829145728643,0.2864321608040201,0.3165829145728643,714,0.714,727,0.3165829145728643,0,729,202.2286432160817,0
20,38,2024-02-06,0.4386829365713345,0.3522529028977951,0.0,0.8878415082281514,0.6858923150663045,0.8878415082281514,615,0.615,40,0.8878415082281514,0,629,438.6429142035465,0.2714739866908644,0.22232860921044287,0.0,0.6530550514216575,0.4019963702359346,0.6530550514216575,610,0.61,30,0.6530550514216575,0,629,271.45614035087743,0.17122613065326775,0.13889364732245166,0.0,0.3165829145728643,0.271356783919598,0.3165829145728643,604,0.604,627,0.3165829145728643,0,629,171.1030150753783,0
20,39,2024-02-06,0.25146620865953095,0.2993591665553238,0.0,0.6580124620546414,0.0,0.6580124620546414,424,0.424,321,0.6580124620546414,0,429,251.45198913564485,0.15034029038112512,0.1815201071915086,0.0,0.4216575922565033,0.0,0.4216575922565033,420,0.42,194,0.4216575922565033,0,429,150.33045977011489,0.11663316582914653,0.13887668147772686,0.0,0.3165829145728643,0.0,0.3165829145728643,414,0.414,427,0.3165829145728643,0,429,116.51005025125708,0
20,40,2024-02-06,0.29493121904457503,0.29849273918425795,0.0,0.6496245406614475,0.15281993928742604,0.6496245406614475,504,0.504,305,0.6496245406614475,0,509,294.91723917558716,0.20639443436176658,0.21631509513058722,0.0,0.5381125226860254,0.0072595281306715,0.5381125226860254,500,0.5,295,0.5381125226860254,0,509,206.38399879007878,0.13921105527638314,0.14133086909885728,0.0,0.3165829145728643,0.0,0.3165829145728643,494,0.494,507,0.3165829145728643,0,509,139.0879396984937,0
20,41,2024-02-06,0.23658276082441346,0.2935974331853009,0.0,0.654177983703467,0.0,0.654177983703467,404,0.404,277,0.654177983703467,0,409,236.5686611279761,0.14910042347247404,0.1866997076128104,0.0,0.4398064125831821,0.0,0.4398064125831821,400,0.4,164,0.4398064125831821,0,409,149.09013914095593,0.11110552763819165,0.1378920385211483,0.0,0.3165829145728643,0.0,0.3165829145728643,394,0.394,407,0.3165829145728643,0,409,110.9824120603022,0
20,42,2024-02-06,0.24412621824572647,0.3038090177817788,0.0,0.7025882728870426,0.0,0.7025882728870426,404,0.404,255,0.7025882728870426,0,409,244.11108004473587,0.13916938898971548,0.17542462581898097,0.0,0.4519056261343013,0.0,0.4519056261343013,400,0.4,215,0.4519056261343013,0,409,139.15789473684174,0.1169095477386941,0.1457796458141829,0.0,0.3266331658291457,0.0,0.3266331658291457,394,0.394,262,0.3266331658291457,0,409,116.78643216080465,0
20,43,2024-02-06,0.4489547052244768,0.2951821734439281,0.0,0.6791020929861,0.6298530116632051,0.6791020929861,704,0.704,655,0.6791020929861,0,709,448.92674548649893,0.2927894736842089,0.19494696351685792,0.0,0.4637023593466424,0.4071385359951603,0.4637023593466424,700,0.7,82,0.4637023593466424,0,709,292.7731397459161,0.19735678391959902,0.13141956606951763,0.0,0.3165829145728643,0.2864321608040201,0.3165829145728643,694,0.694,707,0.3165829145728643,0,709,197.23366834170952,0
20,44,2024-02-06,0.46491987537945284,0.3062720320380136,0.0,0.7061830963412685,0.6618469404058156,0.7061830963412685,704,0.704,698,0.7061830963412685,0,709,464.8921952388583,0.2958508771929823,0.19654986356106416,0.0,0.4969751966122202,0.4107683000604961,0.4969751966122202,700,0.7,79,0.4969751966122202,0,709,295.8362068965513,0.19594472361809287,0.13030616349599314,0.0,0.3165829145728643,0.2814070351758794,0.3165829145728643,694,0.694,707,0.3165829145728643,0,709,195.8216080402034,0
20,45,2024-02-06,0.3035655056718317,0.30940714832795124,0.0,0.6831762262342227,0.1285349097299888,0.6831762262342227,503,0.503,499,0.6831762262342227,0,509,303.5467726473876,0.20305172413793096,0.20924450180540202,0.0,0.4637023593466424,0.0099818511796733,0.4637023593466424,500,0.5,266,0.4637023593466424,0,509,203.03992740471858,0.13933668341708613,0.14127647306744792,0.0,0.3165829145728643,0.0,0.3165829145728643,494,0.494,507,0.3165829145728643,0,509,139.21356783919666,0
20,46,2024-02-06,0.3036616871704746,0.3101884923636946,0.0,0.6924428822495606,0.12262342227192835,0.6924428822495606,503,0.503,433,0.6924428822495606,0,509,303.6426346061678,0.20215547489413208,0.2076449610169325,0.0,0.4667271627344223,0.0099818511796733,0.4667271627344223,500,0.5,357,0.4667271627344223,0,509,202.1435269207504,0.13851256281407123,0.14039951940755524,0.0,0.3165829145728643,0.0,0.3165829145728643,494,0.494,507,0.3165829145728643,0,509,138.38944723618172,0
20,47,2024-02-06,0.4878371145550425,0.321578518165533,0.0,0.745965809234702,0.6903658731426745,0.745965809234702,704,0.704,418,0.745965809234702,0,709,487.8107924588597,0.28197761645493014,0.18908043569072364,0.0,0.469751966122202,0.368118572292801,0.469751966122202,700,0.7,265,0.469751966122202,0,709,281.96203871748344,0.20767839195980073,0.1394403471520292,0.0,0.3266331658291457,0.2814070351758794,0.3266331658291457,694,0.694,425,0.3266331658291457,0,709,207.55527638191126,0
20,48,2024-02-06,0.26514443201789434,0.2848934190783959,0.0,0.6130372263939926,0.0,0.6130372263939926,474,0.474,138,0.6130372263939926,0,479,265.1324492730468,0.2058109497882647,0.22735204570441042,0.0,0.6712038717483364,0.0,0.6712038717483364,470,0.47,22,0.6712038717483364,0,479,205.79915305505128,0.14299497487437282,0.15504658998029747,0.0,0.3266331658291457,0.0,0.3266331658291457,463,0.463,164,0.3266331658291457,0,477,142.87185929648336,0
20,49,2024-02-06,0.30105240453746585,0.31890019076406717,0.0,0.9175587154497524,0.0,0.9175587154497524,486,0.486,59,0.9175587154497524,0,499,301.03083559674064,0.18530338777979455,0.20851067069605433,0.0,0.8133696309739867,0.0,0.8133696309739867,480,0.48,9,0.8133696309739867,0,499,185.2875075620089,0.1329597989949757,0.1405063513576854,0.0,0.3165829145728643,0.0,0.3165829145728643,473,0.473,497,0.3165829145728643,0,497,132.83668341708628,0
20,50,2024-02-06,0.2882031474676465,0.31628517768444675,0.0,0.8661127975714971,0.0,0.8661127975714971,465,0.465,24,0.8661127975714971,0,479,288.17091388400684,0.1902683000604967,0.2157516205234371,0.0,0.7471264367816092,0.0,0.7471264367816092,460,0.46,17,0.7471264367816092,0,479,190.24637023593476,0.12840201005025229,0.14095305367145888,0.0,0.3165829145728643,0.0,0.3165829145728643,454,0.454,477,0.3165829145728643,0,479,128.27889447236282,0
20,51,2024-02-06,0.2837994887362193,0.31192976098842495,0.0,0.8589231506630453,0.0,0.8589231506630453,465,0.465,17,0.8589231506630453,0,479,283.7674948074767,0.18561252268602593,0.20971264229841238,0.0,0.7138535995160314,0.0,0.7138535995160314,460,0.46,13,0.7138535995160314,0,479,185.59013914095587,0.12790954773869448,0.14041228690136298,0.0,0.3165829145728643,0.0,0.3165829145728643,454,0.454,477,0.3165829145728643,0,479,127.78643216080512,0
20,52,2024-02-06,0.3293954305799634,0.3211780133046719,0.0,0.7188848058795335,0.4961655216488257,0.7188848058795335,524,0.524,183,0.7188848058795335,0,529,329.3813708260124,0.21483605565638186,0.20936458565287852,0.0,0.5263157894736842,0.3796128251663642,0.5263157894736842,520,0.52,166,0.5263157894736842,0,529,214.82274652147538,0.15883417085427254,0.15574666030579487,0.0,0.3266331658291457,0.271356783919598,0.3266331658291457,513,0.513,188,0.3266331658291457,0,527,158.7110552763831,0
20,53,2024-02-06,0.4390988975874731,0.35324693764717424,0.0,0.8918357565106247,0.6679980827608244,0.8918357565106247,615,0.615,36,0.8918357565106247,0,629,439.05695798050766,0.2715381125226866,0.22214910908177948,0.0,0.6802782819116757,0.4162129461584997,0.6802782819116757,610,0.61,30,0.6802782819116757,0,629,271.52087114337644,0.17071356783919728,0.1385117533661319,0.0,0.3165829145728643,0.2663316582914573,0.3165829145728643,604,0.604,627,0.3165829145728643,0,629,170.59045226130783,0
20,54,2024-02-06,0.4110579166000962,0.3312490762474066,0.0,0.8850455344304202,0.6490653459019012,0.8850455344304202,615,0.615,37,0.8850455344304202,0,629,411.0162965329927,0.25654537205081573,0.2103289986823208,0.0,0.6137326073805203,0.3898971566848155,0.6137326073805203,610,0.61,47,0.6137326073805203,0,629,256.527374470659,0.17118592964824306,0.13875623479551716,0.0,0.3165829145728643,0.2763819095477386,0.3165829145728643,604,0.604,627,0.3165829145728643,0,629,171.0628140703536,0
20,55,2024-02-06,0.42741476274165036,0.3436267403230333,0.0,0.8817702508387921,0.6639239495127017,0.8817702508387921,615,0.615,42,0.8817702508387921,0,629,427.3733024444806,0.26355595886267374,0.2149950524483652,0.0,0.6019358741681791,0.3941318814277072,0.6019358741681791,610,0.61,39,0.6019358741681791,0,629,263.5382637628556,0.17119597989949886,0.1388915430681082,0.0,0.3165829145728643,0.2663316582914573,0.3165829145728643,604,0.604,627,0.3165829145728643,0,629,171.07286432160942,0
20,56,2024-02-06,0.426945917878255,0.34326329961065577,0.0,0.8958300047930979,0.6639239495127017,0.8958300047930979,615,0.615,31,0.8958300047930979,0,629,426.90553602811883,0.26137416817906883,0.21469928186564535,0.0,0.6712038717483364,0.397459165154265,0.6712038717483364,610,0.61,28,0.6712038717483364,0,629,261.3570780399273,0.17158793969849392,0.1391806210346265,0.0,0.3165829145728643,0.271356783919598,0.3165829145728643,604,0.604,627,0.3165829145728643,0,629,171.46482412060445,0
20,57,2024-02-06,0.4310475315545606,0.34605285402140756,0.0,0.8971880492091389,0.6896469084518294,0.8971880492091389,615,0.615,47,0.8971880492091389,0,629,431.0070698194593,0.2559891107078047,0.20836324270400386,0.0,0.6137326073805203,0.397156684815487,0.6137326073805203,610,0.61,47,0.6137326073805203,0,629,255.971113127647,0.17229145728643339,0.13970971756355144,0.0,0.3165829145728643,0.2763819095477386,0.3165829145728643,604,0.604,627,0.3165829145728643,0,629,172.16834170854395,0
20,58,2024-02-06,0.31608316024924143,0.30817691719681833,0.0,0.6779038185013581,0.4731586515417798,0.6779038185013581,524,0.524,252,0.6779038185013581,0,529,316.0698993449436,0.20282879612825064,0.2027230477223567,0.0,0.5263157894736842,0.3260738052026618,0.5263157894736842,520,0.52,135,0.5263157894736842,0,529,202.8174531155465,0.15619095477387046,0.15317496873244726,0.0,0.3266331658291457,0.271356783919598,0.3266331658291457,513,0.513,259,0.3266331658291457,0,527,156.067839195981,0
20,59,2024-02-06,0.4453332800766902,0.3572191309931332,0.0,0.8969483943121904,0.7176066464291421,0.8969483943121904,615,0.615,43,0.8969483943121904,0,629,445.29285828407023,0.26191107078039905,0.21514297324999498,0.0,0.677555958862674,0.3983666061705989,0.677555958862674,610,0.61,20,0.677555958862674,0,629,261.89382940108914,0.17162814070351942,0.13910635904511884,0.0,0.3165829145728643,0.2763819095477386,0.3165829145728643,604,0.604,627,0.3165829145728643,0,629,171.50502512562997,0
20,60,2024-02-06,0.49195342706502465,0.3249643129538924,0.0,0.7542738456622463,0.6833359961655217,0.7542738456622463,704,0.704,603,0.7542738456622463,0,709,491.926825371464,0.2948221415607974,0.19720771071925963,0.0,0.469751966122202,0.4216575922565033,0.469751966122202,700,0.7,93,0.469751966122202,0,709,294.80747126436864,0.20031155778894677,0.13389531453211928,0.0,0.3266331658291457,0.2864321608040201,0.3266331658291457,694,0.694,609,0.3266331658291457,0,709,200.1884422110573,0
20,61,2024-02-06,0.3224737977312675,0.3016766645178123,0.0,0.655376258188209,0.4747563508547691,0.655376258188209,544,0.544,254,0.655376258188209,0,549,322.45961814986407,0.20358136721113193,0.19407618189585094,0.0,0.484875983061101,0.3263762855414398,0.484875983061101,540,0.54,143,0.484875983061101,0,549,203.57002419842763,0.1624271356783932,0.15310747769052324,0.0,0.3266331658291457,0.271356783919598,0.3266331658291457,533,0.533,261,0.3266331658291457,0,547,162.30402010050375,0
20,62,2024-02-06,0.3203240933056404,0.31278639415012727,0.0,0.6719124460776482,0.468205783671513,0.6719124460776482,523,0.523,224,0.6719124460776482,0,529,320.30691803802574,0.20657078039927404,0.20303242813558933,0.0,0.5263157894736842,0.3197217180883243,0.5263157894736842,520,0.52,134,0.5263157894736842,0,529,206.55943738656964,0.14546733668341844,0.14154961828634102,0.0,0.3165829145728643,0.271356783919598,0.3165829145728643,514,0.514,527,0.3165829145728643,0,529,145.34422110552896,0
20,63,2024-02-06,0.3692020290781274,0.30717244320496306,0.0,0.6697555520051126,0.4780316344463972,0.6697555520051126,603,0.603,561,0.6697555520051126,0,609,369.1823374340959,0.2789513006654565,0.23293830516496336,0.0,0.5716878402903811,0.4304295220810647,0.5716878402903811,600,0.6,138,0.5716878402903811,0,609,278.9401088929221,0.16818090452261486,0.1394901899529273,0.0,0.3165829145728643,0.271356783919598,0.3165829145728643,594,0.594,607,0.3165829145728643,0,609,168.05778894472544,0
20,64,2024-02-06,0.28272823134686087,0.3035491303634008,0.0,0.6596900463332801,0.0,0.6596900463332801,474,0.474,389,0.6596900463332801,0,479,282.7126537785589,0.1774343617664845,0.19075260082401843,0.0,0.4065335753176043,0.0,0.4065335753176043,470,0.47,139,0.4065335753176043,0,479,177.4240774349673,0.13020100502512671,0.14011956172674497,0.0,0.3165829145728643,0.0,0.3165829145728643,464,0.464,477,0.3165829145728643,0,479,130.07788944723723,0
20,64,2024-02-06,0.2700979389678848,0.28968413995500153,0.0,0.6162326250199712,0.0,0.6162326250199712,474,0.474,219,0.6162326250199712,0,479,270.08707461255716,0.16262946158499728,0.17618482652283035,0.0,0.4277071990320629,0.0,0.4277071990320629,470,0.47,139,0.4277071990320629,0,479,162.6228070175438,0.0,0.0,0.0,0.0,0.0,0.0,0,0.0,0,0.0,-1,-1,0.0,0
20,65,2024-02-06,0.3021246205464125,0.29402554134844255,0.0,0.6324492730468126,0.4638121105607924,0.6324492730468126,524,0.524,483,0.6324492730468126,0,529,302.10728550886694,0.20388445251058657,0.19990627689473278,0.0,0.4969751966122202,0.33348457350272226,0.4969751966122202,520,0.52,133,0.4969751966122202,0,529,203.87568058076215,0.14713567839195987,0.14336073097038884,0.0,0.3165829145728643,0.2663316582914573,0.3165829145728643,514,0.514,527,0.3165829145728643,0,529,147.01256281407035,0
20,66,2024-02-06,0.35486203866432386,0.294002460025332,0.0,0.640437769611759,0.4821856526601694,0.640437769611759,603,0.603,486,0.640437769611759,0,609,354.8432257549133,0.27263762855414325,0.2285323060666523,0.0,0.5928614640048396,0.4068360556563823,0.5928614640048396,600,0.6,146,0.5928614640048396,0,609,272.6296128251665,0.17036180904522644,0.141153658629743,0.0,0.3165829145728643,0.271356783919598,0.3165829145728643,594,0.594,607,0.3165829145728643,0,609,170.2386934673367,0
20,67,2024-02-06,0.29903083559673993,0.3029839709999173,0.0,0.6560952228790542,0.13504553443042014,0.6560952228790542,504,0.504,159,0.6560952228790542,0,509,299.01669595782033,0.20426678765880274,0.20843322075434265,0.0,0.5323653962492438,0.0083182093163944,0.5323653962492438,500,0.5,132,0.5323653962492438,0,509,204.2554446460985,0.1537688442211066,0.15654278583465295,0.0,0.3266331658291457,0.0,0.3266331658291457,494,0.494,165,0.3266331658291457,0,509,153.64572864321715,0
20,68,2024-02-06,0.27447978910368986,0.29375237862738485,0.0,0.648665921073654,0.0,0.648665921073654,474,0.474,133,0.648665921073654,0,479,274.4632928582838,0.17872323049001823,0.1950703432386089,0.0,0.4879007864488808,0.0,0.4879007864488808,470,0.47,203,0.4879007864488808,0,479,178.71279491833056,0.13193969849246256,0.14199252204343377,0.0,0.3165829145728643,0.0,0.3165829145728643,464,0.464,477,0.3165829145728643,0,479,131.81658291457308,0
20,69,2024-02-06,0.307762501997124,0.3008592693384938,0.0,0.6592107365393833,0.4498322415721361,0.6592107365393833,523,0.523,458,0.6592107365393833,0,529,307.7431298929539,0.19926346037507553,0.19647434501543698,0.0,0.5,0.2991530550514216,0.5,520,0.52,129,0.5,0,529,199.25166364186342,0.14917587939698526,0.14563169570241977,0.0,0.3266331658291457,0.2663316582914573,0.3266331658291457,514,0.514,465,0.3266331658291457,0,529,149.05276381909582,0
20,70,2024-02-06,0.2886010544815461,0.31519812546800097,0.0,0.812989295414603,0.0,0.812989295414603,465,0.465,55,0.812989295414603,0,479,288.5707780795646,0.1943572292800971,0.21885708091463443,0.0,0.6712038717483364,0.0,0.6712038717483364,460,0.46,15,0.6712038717483364,0,479,194.33892921960063,0.1284422110552773,0.14100169410493202,0.0,0.3165829145728643,0.0,0.3165829145728643,454,0.454,477,0.3165829145728643,0,479,128.31909547738786,0
20,71,2024-02-06,0.3780194120466533,0.315379807798966,0.0,0.6864515098258508,0.4810672631410768,0.6864515098258508,604,0.604,495,0.6864515098258508,0,609,378.00187729669335,0.2569894131881426,0.2166221397875172,0.0,0.4969751966122202,0.3188142770719903,0.4969751966122202,600,0.6,202,0.4969751966122202,0,609,256.977767695099,0.16734673366834352,0.1387936419967105,0.0,0.3165829145728643,0.271356783919598,0.3165829145728643,594,0.594,607,0.3165829145728643,0,609,167.22361809045407,0
20,72,2024-02-06,0.31835732545134926,0.3462502281010253,0.0,0.82537146509027,0.0,0.82537146509027,465,0.465,15,0.82537146509027,0,479,318.32660968205863,0.18589927404718773,0.21422561151228361,0.0,0.7168784029038112,0.0,0.7168784029038112,460,0.46,12,0.7168784029038112,0,479,185.88112522686066,0.18712060301507655,0.21822210965943023,0.0,0.5025125628140703,0.0,0.5025125628140703,454,0.454,200,0.5025125628140703,0,479,186.99748743718706,0
20,73,2024-02-06,0.49157493209777897,0.3244458164378105,0.0,0.7414123661926826,0.7093784949672471,0.7414123661926826,704,0.704,702,0.7414123661926826,0,709,491.5487697715285,0.3462486388384714,0.2322161034185987,0.0,0.6439806412583182,0.4621899576527525,0.6439806412583182,700,0.7,26,0.6439806412583182,0,709,346.2323049001796,0.20030150753768855,0.13330933767226721,0.0,0.3165829145728643,0.2864321608040201,0.3165829145728643,694,0.694,707,0.3165829145728643,0,709,200.17839195979874,0
20,74,2024-02-06,0.30210712573893594,0.32898627428354077,0.0,0.8158651541779837,0.0,0.8158651541779837,465,0.465,20,0.8158651541779837,0,479,302.075131810193,0.19382002419842687,0.2179556191199814,0.0,0.6896551724137931,0.0,0.6896551724137931,460,0.46,17,0.6896551724137931,0,479,193.80111917725358,0.12861809045226236,0.14116229718523393,0.0,0.3165829145728643,0.0,0.3165829145728643,454,0.454,477,0.3165829145728643,0,479,128.49497487437284,0
20,75,2024-02-06,0.48306973957500926,0.3179874475345589,0.0,0.7248761783032434,0.6935612717686531,0.7248761783032434,704,0.704,445,0.7248761783032434,0,709,483.04273845662186,0.30627434966727185,0.20379950200772706,0.0,0.4788263762855414,0.4222625529340593,0.4788263762855414,700,0.7,169,0.4788263762855414,0,709,306.2593768905017,0.19690452261306743,0.1309781565490694,0.0,0.3165829145728643,0.2864321608040201,0.3165829145728643,694,0.694,707,0.3165829145728643,0,709,196.78140703517795,0
20,76,2024-02-06,0.3054154018213784,0.30943321252531103,0.0,0.6651222239974437,0.1395190925067902,0.6651222239974437,504,0.504,157,0.6651222239974437,0,509,305.4010624700434,0.2064897156684818,0.20958213786476845,0.0,0.5172413793103449,0.00801572897761645,0.5172413793103449,500,0.5,150,0.5172413793103449,0,509,206.47958257713228,0.15368341708542824,0.15647656310173594,0.0,0.3266331658291457,0.0,0.3266331658291457,494,0.494,163,0.3266331658291457,0,509,153.56030150753878,0
20,77,2024-02-06,0.486569260265218,0.320360353158652,0.0,0.7420514459178783,0.6984342546732705,0.7420514459178783,704,0.704,664,0.7420514459178783,0,709,486.5416200671042,0.29249727767695066,0.19536432169968132,0.0,0.4727767695099819,0.4095583787053841,0.4727767695099819,700,0.7,198,0.4727767695099819,0,709,292.48245614035034,0.20013065326633264,0.13338786116822127,0.0,0.3266331658291457,0.2864321608040201,0.3266331658291457,694,0.694,672,0.3266331658291457,0,709,200.00753768844316,0
20,78,2024-02-06,0.48069499920115044,0.31609721171949806,0.0,0.7179261862917399,0.6926026521808596,0.7179261862917399,704,0.704,669,0.7179261862917399,0,709,480.6654417638618,0.2898859649122807,0.1927838014447114,0.0,0.4579552329098608,0.4074410163339383,0.4579552329098608,700,0.7,219,0.4579552329098608,0,709,289.86978221415563,0.19725628140703666,0.13126831306872427,0.0,0.3165829145728643,0.2864321608040201,0.3165829145728643,694,0.694,707,0.3165829145728643,0,709,197.13316582914715,0
20,79,2024-02-06,0.31267774404857074,0.3045621476003845,0.0,0.6475475315545615,0.4741971560952229,0.6475475315545615,524,0.524,320,0.6475475315545615,0,529,312.66372423709925,0.21416243194192416,0.20896905170042196,0.0,0.5090744101633394,0.3626739261947973,0.5090744101633394,520,0.52,137,0.5090744101633394,0,529,214.14942528735625,0.14588944723618227,0.14227079165140463,0.0,0.3165829145728643,0.271356783919598,0.3165829145728643,514,0.514,527,0.3165829145728643,0,529,145.76633165829284,0
20,80,2024-02-06,0.30747651382009933,0.2993054411596192,0.0,0.6413963891995527,0.4697235980188528,0.6413963891995527,524,0.524,141,0.6413963891995527,0,529,307.4575810832393,0.20055535390199639,0.19806163518159703,0.0,0.5263157894736842,0.30837870538415,0.5263157894736842,520,0.52,135,0.5263157894736842,0,529,200.54718693284926,0.14660804020100554,0.14281176950819824,0.0,0.3165829145728643,0.2663316582914573,0.3165829145728643,514,0.514,527,0.3165829145728643,0,529,146.48492462311606,0
20,81,2024-02-06,0.3178999041380417,0.31012909271288314,0.0,0.6797411727112957,0.4745166959578207,0.6797411727112957,524,0.524,225,0.6797411727112957,0,529,317.88660329126105,0.2007525710828798,0.19776103772222342,0.0,0.5090744101633394,0.3466424682395644,0.5090744101633394,520,0.52,149,0.5090744101633394,0,529,200.74062310949793,0.15767336683417205,0.15431218020091564,0.0,0.3266331658291457,0.271356783919598,0.3266331658291457,514,0.514,231,0.3266331658291457,0,529,157.5502512562826,0
20,82,2024-02-06,0.3570952228790548,0.2963470110578875,0.0,0.6413963891995527,0.4823454225914683,0.6413963891995527,604,0.604,510,0.6413963891995527,0,609,357.0775683016444,0.2437044767090138,0.20452329933259827,0.0,0.4939503932244404,0.3460375075620084,0.4939503932244404,600,0.6,164,0.4939503932244404,0,609,243.69585601935893,0.16918592964824206,0.1401346879411891,0.0,0.3165829145728643,0.271356783919598,0.3165829145728643,594,0.594,607,0.3165829145728643,0,609,169.06281407035252,0
20,83,2024-02-06,0.31114347339830706,0.2904032178940723,0.0,0.6220642275123822,0.4732385365074293,0.6220642275123822,544,0.544,137,0.6220642275123822,0,549,311.1300926665596,0.21757289776164546,0.20416088782208708,0.0,0.5,0.352389594676346,0.5,540,0.54,130,0.5,0,549,217.56110102843334,0.16642713567839323,0.15688799848807583,0.0,0.3266331658291457,0.2663316582914573,0.3266331658291457,533,0.533,146,0.3266331658291457,0,547,166.30402010050378,0
20,84,2024-02-06,0.414201230228468,0.33346958807251276,0.0,0.902380571976354,0.6546572934973638,0.902380571976354,615,0.615,36,0.902380571976354,0,629,414.1623262501999,0.2927214156079838,0.24304716728891054,0.0,0.8194192377495463,0.4434361766485178,0.8194192377495463,610,0.61,29,0.8194192377495463,0,629,292.7038717483349,0.17328140703517617,0.14060977772968752,0.0,0.3165829145728643,0.271356783919598,0.3165829145728643,604,0.604,627,0.3165829145728643,0,629,173.1582914572866,1
20,85,2024-02-06,0.2921000958619587,0.29637437912273645,0.0,0.6311711135964212,0.12545933855248434,0.6311711135964212,504,0.504,156,0.6311711135964212,0,509,292.08643553283275,0.1996479128856623,0.20524014980268418,0.0,0.5353901996370236,0.0083182093163944,0.5353901996370236,500,0.5,30,0.5353901996370236,0,509,199.63641863278826,0.15330653266331765,0.15622419221224446,0.0,0.3266331658291457,0.0,0.3266331658291457,494,0.494,161,0.3266331658291457,0,509,153.1834170854282,0
20,86,2024-02-06,0.4338903179421617,0.34827021321716123,0.0,0.8993449432816744,0.6947595462533951,0.8993449432816744,615,0.615,37,0.8993449432816744,0,629,433.8480188528511,0.26807713248638726,0.22032408371326168,0.0,0.6712038717483364,0.3895946763460375,0.6712038717483364,610,0.61,30,0.6712038717483364,0,629,268.0600423472469,0.17318592964824173,0.14049937667689127,0.0,0.3165829145728643,0.271356783919598,0.3165829145728643,604,0.604,627,0.3165829145728643,0,629,173.0628140703521,0
20,87,2024-02-06,0.31865042339031807,0.2855662505874413,0.0,0.6130372263939926,0.4784310592746445,0.6130372263939926,564,0.564,532,0.6130372263939926,0,569,318.6372024285026,0.263388384754991,0.23795041253838917,0.0,0.5716878402903811,0.4122807017543859,0.5716878402903811,560,0.56,143,0.5716878402903811,0,569,263.37719298245594,0.15814070351758783,0.14246750497920668,0.0,0.3165829145728643,0.2663316582914573,0.3165829145728643,553,0.553,567,0.3165829145728643,0,567,158.01758793969822,0
20,88,2024-02-06,0.4419885764499102,0.35454241558492666,0.0,0.8872024285029557,0.7096980348298451,0.8872024285029557,615,0.615,36,0.8872024285029557,0,629,441.94683655536016,0.2652734422262555,0.2171759343812124,0.0,0.5837870538415003,0.382032667876588,0.5837870538415003,610,0.61,46,0.5837870538415003,0,629,265.2563520871142,0.17215075376884542,0.13956642432302077,0.0,0.3165829145728643,0.2763819095477386,0.3165829145728643,604,0.604,627,0.3165829145728643,0,629,172.02763819095583,0
20,89,2024-02-06,0.4397328646748684,0.35281347968272514,0.0,0.8937529956862118,0.7044256270969803,0.8937529956862118,615,0.615,35,0.8937529956862118,0,629,439.6908451829359,0.2688045977011497,0.21851676929931688,0.0,0.6110102843315185,0.4047186932849365,0.6110102843315185,610,0.61,48,0.6110102843315185,0,629,268.7867513611624,0.17125628140703678,0.13889647221651122,0.0,0.3165829145728643,0.271356783919598,0.3165829145728643,604,0.604,627,0.3165829145728643,0,629,171.13316582914732,0
20,90,2024-02-06,0.3009158811311708,0.3045769442776547,0.0,0.6556159130851573,0.1439527081003355,0.6556159130851573,504,0.504,155,0.6556159130851573,0,509,300.9017414922515,0.20699969751966155,0.2104980782077134,0.0,0.5172413793103449,0.00801572897761645,0.5172413793103449,500,0.5,148,0.5172413793103449,0,509,206.98956442831192,0.15340201005025234,0.156291042618499,0.0,0.3266331658291457,0.0,0.3266331658291457,494,0.494,161,0.3266331658291457,0,509,153.27889447236288,0
20,91,2024-02-06,0.3105915481706339,0.3154520184407928,0.0,0.681338872024285,0.14427224796293334,0.681338872024285,504,0.504,269,0.681338872024285,0,509,310.57688927943786,0.19557803992740422,0.20108884582796688,0.0,0.5414398064125832,0.0084694494857834,0.5414398064125832,500,0.5,139,0.5414398064125832,0,509,195.566394434361,0.15390954773869453,0.15669866384473605,0.0,0.3266331658291457,0.0,0.3266331658291457,494,0.494,157,0.3266331658291457,0,509,153.7864321608051,0
20,92,2024-02-06,0.31893553283272,0.32493826811760285,0.0,0.7285508867231187,0.14766735900303563,0.7285508867231187,504,0.504,192,0.7285508867231187,0,509,318.9211934813871,0.2025139140955833,0.2055573358527018,0.0,0.5199637023593466,0.00801572897761645,0.5199637023593466,500,0.5,188,0.5199637023593466,0,509,202.50378100423515,0.15215075376884538,0.15498197162900004,0.0,0.3266331658291457,0.0,0.3266331658291457,494,0.494,198,0.3266331658291457,0,509,152.02763819095594,0
20,93,2024-02-06,0.30950071896469195,0.31457124321192204,0.0,0.7042658571656815,0.1449512701709538,0.7042658571656815,504,0.504,260,0.7042658571656815,0,509,309.4869388081163,0.19115335753176116,0.19768552330816772,0.0,0.5030248033877798,0.0087719298245614,0.5030248033877798,500,0.5,140,0.5030248033877798,0,509,191.14352692074976,0.1498341708542724,0.15259590671010287,0.0,0.3266331658291457,0.0,0.3266331658291457,494,0.494,265,0.3266331658291457,0,509,149.71105527638295,0
20,94,2024-02-06,0.32084166799808267,0.3281130610579918,0.0,0.7319060552803962,0.14207541140757307,0.7319060552803962,504,0.504,204,0.7319060552803962,0,509,320.8273286467487,0.203762855414398,0.2068142771640111,0.0,0.5199637023593466,0.00801572897761645,0.5199637023593466,500,0.5,200,0.5199637023593466,0,509,203.7527223230491,0.15128643216080517,0.15420462144867578,0.0,0.3266331658291457,0.0,0.3266331658291457,494,0.494,211,0.3266331658291457,0,509,151.1633165829157,0
20,95,2024-02-06,0.35711143952708013,0.2961807176311435,0.0,0.6513820099057357,0.4802684134845822,0.6513820099057357,604,0.604,555,0.6513820099057357,0,609,357.09230707780756,0.23473109497882577,0.19748291514175645,0.0,0.4428312159709618,0.3188142770719903,0.4428312159709618,600,0.6,279,0.4428312159709618,0,609,234.72247428917072,0.1694120603015072,0.1404695318442084,0.0,0.3165829145728643,0.2663316582914573,0.3165829145728643,594,0.594,607,0.3165829145728643,0,609,169.2889447236176,0
20,96,2024-02-06,0.3204048570059125,0.28740357563673474,0.0,0.614475155775683,0.4722799169196357,0.614475155775683,564,0.564,465,0.614475155775683,0,569,320.39163604409606,0.2624038112522688,0.23697453607472319,0.0,0.5595886267392619,0.4101633393829401,0.5595886267392619,560,0.56,142,0.5595886267392619,0,569,262.39186327888666,0.15921105527638166,0.14345043956150402,0.0,0.3165829145728643,0.2663316582914573,0.3165829145728643,553,0.553,567,0.3165829145728643,0,567,159.08793969849214,0
20,97,2024-02-06,0.4597630611918846,0.368590809650348,0.0,0.899105288384726,0.736858923150663,0.899105288384726,615,0.615,43,0.899105288384726,0,629,459.7225195718158,0.2696503327283725,0.219491657768596,0.0,0.5535390199637024,0.4013914095583787,0.5535390199637024,610,0.61,23,0.5535390199637024,0,629,269.63309134906234,0.1717487437185948,0.13918385339845374,0.0,0.3165829145728643,0.2814070351758794,0.3165829145728643,604,0.604,627,0.3165829145728643,0,629,171.62562814070535,0
20,98,2024-02-06,0.2809046173510145,0.30190045692165085,0.0,0.6570538424668477,0.0,0.6570538424668477,474,0.474,256,0.6570538424668477,0,479,280.8891596101615,0.1842776769509981,0.19936711086833475,0.0,0.4727767695099819,0.0,0.4727767695099819,470,0.47,206,0.4727767695099819,0,479,184.2666364186327,0.1306331658291468,0.14055753230754542,0.0,0.3165829145728643,0.0,0.3165829145728643,464,0.464,477,0.3165829145728643,0,479,130.51005025125735,0
20,99,2024-02-06,0.45010448953507015,0.3321110451518384,0.0,0.8897587474037386,0.676865313947915,0.8897587474037386,655,0.655,48,0.8897587474037386,0,659,450.0626298130693,0.2547223230490021,0.19473895716710868,0.0,0.617059891107078,0.338777979431337,0.617059891107078,650,0.65,49,0.617059891107078,0,659,254.70417422867476,0.18346733668341894,0.13656715236976413,0.0,0.3165829145728643,0.2864321608040201,0.3165829145728643,644,0.644,657,0.3165829145728643,0,659,183.34422110552936,0
20,100,2024-02-06,0.31884294615753245,0.3105820968839073,0.0,0.6597699312989296,0.4753155456143154,0.6597699312989296,524,0.524,423,0.6597699312989296,0,529,318.8286866911654,0.22065214761040594,0.21637168571098256,0.0,0.5535390199637024,0.3690260133091349,0.5535390199637024,520,0.52,130,0.5535390199637024,0,529,220.64035087719324,0.1453869346733682,0.14148949319625118,0.0,0.3165829145728643,0.2663316582914573,0.3165829145728643,514,0.514,527,0.3165829145728643,0,529,145.2638190954787,0
20,101,2024-02-06,0.5460738137082582,0.3168404155514601,0.0,0.9180380252436492,0.720003195398626,0.9180380252436492,755,0.755,40,0.9180380252436492,0,769,546.0324332960538,0.3772437991530551,0.2350136072843083,0.0,0.9038112522686026,0.4482758620689655,0.9038112522686026,750,0.75,33,0.9038112522686026,0,769,377.22610405323746,0.22021105527638235,0.14591811595281162,0.0,1.0,0.2864321608040201,1.0,744,0.744,193,1.0,0,769,220.08793969849256,0
20,102,2024-02-06,0.317814746764659,0.29694586628327135,0.0,0.639239495127017,0.4787505991372424,0.639239495127017,544,0.544,282,0.639239495127017,0,549,317.79972839111605,0.22809286146400515,0.2150841215980667,0.0,0.5172413793103449,0.3608590441621294,0.5172413793103449,540,0.54,162,0.5172413793103449,0,549,228.08182093163953,0.15116582914573015,0.14131804745181184,0.0,0.3165829145728643,0.271356783919598,0.3165829145728643,534,0.534,547,0.3165829145728643,0,549,151.04271356784068,0
20,103,2024-02-06,0.5271012941364447,0.32225961298311684,0.0,0.9039782712893434,0.7089790701389999,0.9039782712893434,735,0.735,47,0.9039782712893434,0,749,527.0587553922355,0.3550166364186303,0.23187772140070476,0.0,0.867513611615245,0.4337568058076225,0.867513611615245,730,0.73,44,0.867513611615245,0,749,354.9996975196601,0.2056984924623141,0.12714795698150927,0.0,0.3165829145728643,0.2864321608040201,0.3165829145728643,724,0.724,747,0.3165829145728643,0,749,205.5753768844246,0
20,104,2024-02-06,0.368177903818501,0.30632077462905327,0.0,0.6697555520051126,0.481187090589551,0.6697555520051126,604,0.604,347,0.6697555520051126,0,609,368.1594503914373,0.23434240774349635,0.1978986659183975,0.0,0.4428312159709618,0.2891712038717483,0.4428312159709618,600,0.6,233,0.4428312159709618,0,609,234.3312159709615,0.16789949748743832,0.13908856548894247,0.0,0.3165829145728643,0.2663316582914573,0.3165829145728643,594,0.594,607,0.3165829145728643,0,609,167.77638190954883,0
20,105,2024-02-06,0.4963067582680932,0.3280379345864439,0.0,0.763141076849337,0.7122543537306278,0.763141076849337,704,0.704,550,0.763141076849337,0,709,496.27983703467186,0.2926076830006033,0.1978061887055226,0.0,0.4758015728977616,0.3802177858439201,0.4758015728977616,700,0.7,206,0.4758015728977616,0,709,292.59271022383507,0.20258291457286653,0.13557146391380315,0.0,0.3266331658291457,0.2864321608040201,0.3266331658291457,694,0.694,557,0.3266331658291457,0,709,202.45979899497704,0
20,106,2024-02-06,0.46932465250040006,0.3401948998856066,0.0,0.757309474356926,0.6872503594823454,0.757309474356926,664,0.664,369,0.757309474356926,0,679,469.2963332800784,0.26926830006049585,0.19748137651697145,0.0,0.4818511796733212,0.3717483363581367,0.4818511796733212,660,0.66,193,0.4818511796733212,0,679,269.25408348457375,0.18474371859296704,0.13486282930336554,0.0,0.3165829145728643,0.2814070351758794,0.3165829145728643,654,0.654,677,0.3165829145728643,0,679,184.6206030150776,0
20,107,2024-02-06,0.47052492410928654,0.31007498881568285,0.0,0.7065026362038664,0.6759066943601214,0.7065026362038664,704,0.704,427,0.7065026362038664,0,709,470.4971241412378,0.3560483968542036,0.23919089752329034,0.0,0.617059891107078,0.4718693284936479,0.617059891107078,700,0.7,34,0.617059891107078,0,709,356.0338777979432,0.1995226130653266,0.1328660677516985,0.0,0.3165829145728643,0.2864321608040201,0.3165829145728643,694,0.694,707,0.3165829145728643,0,709,199.39949748743683,0
20,108,2024-02-06,0.4392531554561433,0.29112078971194943,0.0,0.6752676146349257,0.6355647867071417,0.6752676146349257,703,0.703,606,0.6752676146349257,0,709,439.22934973637945,0.3743832425892312,0.2560468927423097,0.0,0.7286751361161524,0.4830611010284331,0.7286751361161524,700,0.7,164,0.7286751361161524,0,709,374.37038717483347,0.19794472361809087,0.1338020375513682,0.0,1.0,0.271356783919598,1.0,694,0.694,241,1.0,0,709,197.82160804020126,1
20,109,2024-02-06,0.48387889439207266,0.3184533604700053,0.0,0.7260744527879853,0.6918836874900144,0.7260744527879853,704,0.704,586,0.7260744527879853,0,709,483.8532912605847,0.29678372655777296,0.19731359776859184,0.0,0.469751966122202,0.4125831820931639,0.469751966122202,700,0.7,354,0.469751966122202,0,709,296.7681488203259,0.19652261306532767,0.13086534160307026,0.0,0.3165829145728643,0.2763819095477386,0.3165829145728643,694,0.694,707,0.3165829145728643,0,709,196.39949748743808,0
20,110,2024-02-06,0.4836976354050154,0.3183864387247837,0.0,0.7306278958300048,0.6876497843105928,0.7306278958300048,704,0.704,701,0.7306278958300048,0,709,483.6704345742135,0.30308802177858546,0.20268082025809972,0.0,0.4909255898366606,0.4195402298850574,0.4909255898366606,700,0.7,321,0.4909255898366606,0,709,303.0736539624912,0.1984824120603012,0.13226565915154695,0.0,0.3165829145728643,0.2738693467336683,0.3165829145728643,694,0.694,707,0.3165829145728643,0,709,198.3592964824115,0
20,111,2024-02-06,0.3207864674868169,0.3264588137587782,0.0,0.7123342386962773,0.15082281514618945,0.7123342386962773,504,0.504,320,0.7123342386962773,0,509,320.7725275603133,0.1916134301270415,0.197481423478845,0.0,0.5030248033877798,0.0087719298245614,0.5030248033877798,500,0.5,160,0.5030248033877798,0,509,191.60163339382905,0.15328643216080515,0.15609725808277317,0.0,0.3266331658291457,0.0,0.3266331658291457,494,0.494,171,0.3266331658291457,0,509,153.16331658291568,0
20,112,2024-02-06,0.44593441444320187,0.3580062931102507,0.0,0.886723118709059,0.6946796612877456,0.886723118709059,615,0.615,19,0.886723118709059,0,619,445.8960297172068,0.26713581367211103,0.21762372684069498,0.0,0.5653357531760436,0.4080459770114942,0.5653357531760436,610,0.61,36,0.5653357531760436,0,619,267.1170598911068,0.1712763819095496,0.13888623120217783,0.0,0.3165829145728643,0.271356783919598,0.3165829145728643,604,0.604,617,0.3165829145728643,0,619,171.1532663316601,0
20,113,2024-02-06,0.3129152420514465,0.3187331094140017,0.0,0.6922032273526122,0.14303403099536666,0.6922032273526122,504,0.504,186,0.6922032273526122,0,509,312.9016216648027,0.2032879612825166,0.20666887126304867,0.0,0.484875983061101,0.0084694494857834,0.484875983061101,500,0.5,183,0.484875983061101,0,509,203.27661826981225,0.15164824120603132,0.15461375879502562,0.0,0.3266331658291457,0.0,0.3266331658291457,494,0.494,194,0.3266331658291457,0,509,151.52512562814184,0
20,114,2024-02-06,0.4270111040102233,0.34298179028826536,0.0,0.9072535548809714,0.6830963412685732,0.9072535548809714,615,0.615,38,0.9072535548809714,0,619,426.97020290781256,0.25750423472474243,0.21471146627519827,0.0,0.6742286751361162,0.3306110102843315,0.6742286751361162,610,0.61,22,0.6742286751361162,0,619,257.4871445856019,0.17627638190954928,0.14362111103441344,0.0,0.3266331658291457,0.2763819095477386,0.3266331658291457,604,0.604,484,0.3266331658291457,0,619,176.1532663316598,1
20,115,2024-02-06,0.27090541620067,0.29104131635115343,0.0,0.6266975555200511,0.0,0.6266975555200511,474,0.474,269,0.6266975555200511,0,479,270.8919156414758,0.17910496067755638,0.19209125271572533,0.0,0.4156079854809437,0.0,0.4156079854809437,470,0.47,22,0.4156079854809437,0,479,179.09361766485205,0.13073869346733774,0.140687428279672,0.0,0.3165829145728643,0.0,0.3165829145728643,464,0.464,477,0.3165829145728643,0,479,130.61557788944828,0
20,117,2024-02-06,0.3507533951110391,0.3152448220691284,0.0,0.6763061191883688,0.5039143633168238,0.6763061191883688,564,0.564,382,0.6763061191883688,0,569,350.7401342067422,0.2755750151240171,0.24908496295641902,0.0,0.5898366606170599,0.4243799153055051,0.5898366606170599,560,0.56,165,0.5898366606170599,0,569,275.56352087114374,0.15631155778894634,0.14064811938855895,0.0,0.3165829145728643,0.271356783919598,0.3165829145728643,553,0.553,567,0.3165829145728643,0,567,156.1884422110569,0
20,118,2024-02-06,0.5401493848857621,0.3060557919988315,0.0,0.7605048729829046,0.7098578047611439,0.7605048729829046,764,0.764,447,0.7605048729829046,0,769,540.1210656654397,0.31234029038112554,0.1810455164075776,0.0,0.4788263762855414,0.4035087719298245,0.4788263762855414,760,0.76,447,0.4788263762855414,0,769,312.3253176043561,0.21267336683417323,0.1220435653884753,0.0,0.3165829145728643,0.2864321608040201,0.3165829145728643,753,0.753,767,0.3165829145728643,0,767,212.55025125628376,0
20,119,2024-02-06,0.353530755711775,0.3178991122087515,0.0,0.6815785269212334,0.5024764339351334,0.6815785269212334,564,0.564,490,0.6815785269212334,0,569,353.5160568780951,0.2726125226860257,0.24701734705900202,0.0,0.6046581972171808,0.4243799153055051,0.6046581972171808,560,0.56,174,0.6046581972171808,0,569,272.60072595281343,0.15650753768844386,0.14081205209176012,0.0,0.3165829145728643,0.271356783919598,0.3165829145728643,553,0.553,567,0.3165829145728643,0,567,156.38442211055437,0
20,121,2024-02-06,0.602591308515739,0.34819853934320216,0.0,0.8907173669915321,0.7998881610480908,0.8907173669915321,755,0.755,47,0.8907173669915321,0,779,602.5494088512551,0.31804083484573425,0.18968685078478478,0.0,0.5263157894736842,0.4001814882032667,0.5263157894736842,750,0.75,263,0.5263157894736842,0,779,318.0232909860854,0.22764321608040428,0.13545155046051938,0.0,0.3266331658291457,0.2864321608040201,0.3266331658291457,743,0.743,368,0.3266331658291457,0,777,227.52010050251485,0
20,123,2024-02-06,0.3005218085956225,0.3046268865451802,0.0,0.6680779677264739,0.14463173030835594,0.6680779677264739,504,0.504,218,0.6680779677264739,0,509,300.50734941684016,0.18609921355111947,0.1925489488269909,0.0,0.5353901996370236,0.0072595281306715,0.5353901996370236,500,0.5,178,0.5353901996370236,0,509,186.0877192982457,0.15113567839196085,0.153952186819052,0.0,0.3266331658291457,0.0,0.3266331658291457,494,0.494,225,0.3266331658291457,0,509,151.0125628140714,0
20,124,2024-02-06,0.3283464610960218,0.2942418656773377,0.0,0.6233423869627736,0.4883367950151781,0.6233423869627736,564,0.564,140,0.6233423869627736,0,569,328.3330004793088,0.28519267997580117,0.2595107412753048,0.0,0.632183908045977,0.426194797338173,0.632183908045977,560,0.56,130,0.632183908045977,0,569,285.1816394434366,0.15635678391959956,0.14070026692224852,0.0,0.3165829145728643,0.271356783919598,0.3165829145728643,553,0.553,567,0.3165829145728643,0,567,156.23366834171009,0
20,126,2024-02-06,0.28535476913245,0.28789186875227313,0.0,0.6121584917718486,0.1475874740373861,0.6121584917718486,504,0.504,181,0.6121584917718486,0,509,285.3391915641469,0.1824612825166362,0.18416614673439624,0.0,0.4186327888687235,0.00741076830006045,0.4186327888687235,500,0.5,138,0.4186327888687235,0,509,182.44978826376234,0.1526231155778905,0.1554314179427535,0.0,0.3266331658291457,0.0,0.3266331658291457,494,0.494,189,0.3266331658291457,0,509,152.50000000000105,0
20,128,2024-02-06,0.27858395909889744,0.299549449942064,0.0,0.6591308515737339,0.0,0.6591308515737339,474,0.474,261,0.6591308515737339,0,479,278.5684614155617,0.1800925589836661,0.19722922475463078,0.0,0.469751966122202,0.0,0.469751966122202,470,0.47,241,0.469751966122202,0,479,180.08061101028406,0.1308442211055286,0.14103626806024253,0.0,0.3165829145728643,0.0,0.3165829145728643,464,0.464,477,0.3165829145728643,0,479,130.72110552763908,0
20,129,2024-02-06,0.29099400862757696,0.29445691692074405,0.0,0.6358044416040901,0.1426346061671193,0.6358044416040901,504,0.504,481,0.6358044416040901,0,509,290.9802684134847,0.21981881427707187,0.22749994408467278,0.0,0.5232909860859044,0.0081669691470054,0.5232909860859044,500,0.5,148,0.5232909860859044,0,509,219.80550514216557,0.14067839195979845,0.14274143112174084,0.0,0.3165829145728643,0.0,0.3165829145728643,494,0.494,507,0.3165829145728643,0,509,140.55527638190895,0
21,0,2024-02-06,0.4795633487777598,0.31563560617198455,0.0,0.7323054801086436,0.6834158811311711,0.7323054801086436,704,0.704,694,0.7323054801086436,0,709,479.5375059913717,0.321661524500907,0.2163480820083287,0.0,0.5626134301270418,0.425589836660617,0.5626134301270418,700,0.7,145,0.5626134301270418,0,709,321.6450393224439,0.20120100502512472,0.13424587884162364,0.0,0.3165829145728643,0.2964824120603015,0.3165829145728643,694,0.694,707,0.3165829145728643,0,709,201.07788944723524,0
21,1,2024-02-06,0.4738404697236045,0.3118150432206524,0.0,0.7126537785588752,0.6763061191883688,0.7126537785588752,704,0.704,631,0.7126537785588752,0,709,473.8125499281053,0.3160450695704775,0.21016059383242533,0.0,0.4818511796733212,0.4478221415607986,0.4818511796733212,700,0.7,251,0.4818511796733212,0,709,316.02903811252105,0.1979497487437193,0.13213064371068117,0.0,0.3165829145728643,0.2864321608040201,0.3165829145728643,694,0.694,707,0.3165829145728643,0,709,197.82663316582963,0
21,2,2024-02-06,0.4834041380412202,0.3190236218410131,0.0,0.7334238696277361,0.6960377057037865,0.7334238696277361,704,0.704,557,0.7334238696277361,0,709,483.37681738296834,0.32223502722323183,0.2156788533456636,0.0,0.5595886267392619,0.4364791288566243,0.5595886267392619,700,0.7,37,0.5595886267392619,0,709,322.21869328493705,0.19771859296482597,0.13185419120831315,0.0,0.3165829145728643,0.2864321608040201,0.3165829145728643,694,0.694,707,0.3165829145728643,0,709,197.5954773869365,0
21,3,2024-02-06,0.30062805559993516,0.2930950250285065,0.0,0.6460297172072216,0.4547851094424029,0.6460297172072216,523,0.523,522,0.6460297172072216,0,529,300.6090829205945,0.21696551724137964,0.21805825057516365,0.0,0.5807622504537205,0.3163944343617665,0.5807622504537205,520,0.52,132,0.5807622504537205,0,529,216.95417422867527,0.14663316582914576,0.14284670695305324,0.0,0.3165829145728643,0.2663316582914573,0.3165829145728643,514,0.514,527,0.3165829145728643,0,529,146.51005025125625,0
21,4,2024-02-06,0.29576401981147143,0.2879344881847814,0.0,0.6357245566384406,0.4500319539862598,0.6357245566384406,523,0.523,516,0.6357245566384406,0,529,295.7453267295095,0.20402419842710195,0.20264220182537618,0.0,0.5353901996370236,0.3191167574107683,0.5353901996370236,520,0.52,135,0.5353901996370236,0,529,204.0127041742281,0.1468944723618089,0.143111146958678,0.0,0.3165829145728643,0.2663316582914573,0.3165829145728643,514,0.514,527,0.3165829145728643,0,529,146.77135678391937,0
21,5,2024-02-06,0.29785860361079997,0.30063383681907924,0.0,0.6663204984821857,0.1384406454705224,0.6663204984821857,504,0.504,145,0.6663204984821857,0,509,297.84426425946583,0.19677949183303056,0.20548191370900074,0.0,0.5683605565638233,0.0099818511796733,0.5683605565638233,500,0.5,129,0.5683605565638233,0,509,196.7695099818517,0.14836180904522692,0.15113548190467332,0.0,0.3266331658291457,0.0,0.3266331658291457,494,0.494,300,0.3266331658291457,0,509,148.23869346733747,0
21,6,2024-02-06,0.3186789423230565,0.3251768073138698,0.0,0.7121744687649785,0.1289343345582361,0.7121744687649785,504,0.504,298,0.7121744687649785,0,509,318.66492251158274,0.22047065940713825,0.22335326831749555,0.0,0.5,0.0087719298245614,0.5,500,0.5,131,0.5,0,509,220.45886267392612,0.13937185929648374,0.14147016328834544,0.0,0.3165829145728643,0.0,0.3165829145728643,494,0.494,507,0.3165829145728643,0,509,139.24874371859428,0
21,7,2024-02-06,0.4760869947275924,0.3139204217774237,0.0,0.8909570218884806,0.6638440645470522,0.8909570218884806,705,0.705,20,0.8909570218884806,0,719,476.0503275283594,0.28670205686630496,0.19789968769291127,0.0,0.5865093768905021,0.3312159709618875,0.5865093768905021,700,0.7,47,0.5865093768905021,0,719,286.68481548699293,0.20894472361809124,0.13996843158136532,0.0,0.3266331658291457,0.2964824120603015,0.3266331658291457,694,0.694,466,0.3266331658291457,0,719,208.8216080402018,0
21,8,2024-02-06,0.3105277999680468,0.2892571072547084,0.0,0.6403578846461097,0.4821856526601694,0.6403578846461097,544,0.544,216,0.6403578846461097,0,549,310.5127416520213,0.2090828796128256,0.19813177462601556,0.0,0.5199637023593466,0.3324258923169993,0.5199637023593466,540,0.54,153,0.5199637023593466,0,549,209.0716878402904,0.16362814070351883,0.15406646371136198,0.0,0.3266331658291457,0.2663316582914573,0.3266331658291457,534,0.534,222,0.3266331658291457,0,549,163.50502512562937,0
21,9,2024-02-06,0.31006294935293216,0.3139507732305259,0.0,0.6691963572455664,0.14167598657932573,0.6691963572455664,504,0.504,172,0.6691963572455664,0,509,310.0485301166326,0.20566787658802196,0.2084316281468701,0.0,0.514216575922565,0.00907441016333935,0.514216575922565,500,0.5,132,0.514216575922565,0,509,205.6557773744703,0.15260301507537796,0.15549662999353106,0.0,0.3266331658291457,0.0,0.3266331658291457,494,0.494,181,0.3266331658291457,0,509,152.4798994974885,0
21,10,2024-02-06,0.4887721680779638,0.3216982511079271,0.0,0.8904777120945838,0.6843745007189647,0.8904777120945838,705,0.705,26,0.8904777120945838,0,719,488.73202588272966,0.31438445251058655,0.21010948483864042,0.0,0.5774349667271628,0.425892316999395,0.5774349667271628,700,0.7,49,0.5774349667271628,0,719,314.3664549304297,0.19880402010050285,0.13268502905920151,0.0,0.3165829145728643,0.2864321608040201,0.3165829145728643,694,0.694,717,0.3165829145728643,0,719,198.6809045226131,1
21,11,2024-02-06,0.31203890397827044,0.29119175082261833,0.0,0.6413165042339032,0.4753155456143154,0.6413165042339032,544,0.544,199,0.6413165042339032,0,549,312.0238456622465,0.2080822746521479,0.19564177169558927,0.0,0.4939503932244404,0.338475499092559,0.4939503932244404,540,0.54,169,0.4939503932244404,0,549,208.07062915910484,0.16500000000000128,0.15517761857215354,0.0,0.3266331658291457,0.271356783919598,0.3266331658291457,534,0.534,205,0.3266331658291457,0,549,164.8768844221118,0
21,12,2024-02-06,0.31420961814986353,0.2933993368987737,0.0,0.6273366352452469,0.4717207221600895,0.6273366352452469,544,0.544,267,0.6273366352452469,0,549,314.19360121425075,0.20613188142770678,0.19529763069801376,0.0,0.4939503932244404,0.3402903811252268,0.4939503932244404,540,0.54,140,0.4939503932244404,0,549,206.1222020568662,0.16239195979899604,0.15278201293403382,0.0,0.3266331658291457,0.2663316582914573,0.3266331658291457,534,0.534,274,0.3266331658291457,0,549,162.2688442211066,0
21,13,2024-02-06,0.46883024444799426,0.3095833721612678,0.0,0.8948713852053044,0.6552963732225595,0.8948713852053044,705,0.705,31,0.8948713852053044,0,709,468.78974277041056,0.30895886267392647,0.21196223728140134,0.0,0.7441016333938294,0.4026013309134906,0.7441016333938294,700,0.7,24,0.7441016333938294,0,709,308.9414700544466,0.19952763819095523,0.13274681056149554,0.0,0.3165829145728643,0.2864321608040201,0.3165829145728643,694,0.694,707,0.3165829145728643,0,709,199.40452261306555,0
21,14,2024-02-06,0.22557477232784748,0.27898673110388794,0.0,0.6309314586994728,0.0,0.6309314586994728,404,0.404,184,0.6309314586994728,0,409,225.5611918836873,0.13557773744706575,0.17131589220171672,0.0,0.5,0.0,0.5,400,0.4,154,0.5,0,409,135.56503327283733,0.11919597989949812,0.14885534993463376,0.0,0.3266331658291457,0.0,0.3266331658291457,394,0.394,189,0.3266331658291457,0,409,119.07286432160869,0
21,15,2024-02-06,0.30428383128295194,0.29633170414934695,0.0,0.6293337593864835,0.4607764818661128,0.6293337593864835,523,0.523,131,0.6293337593864835,0,529,304.26401981147166,0.1986091954022987,0.19570973138809844,0.0,0.514216575922565,0.31246218995765274,0.514216575922565,520,0.52,131,0.514216575922565,0,529,198.60012099213552,0.1470150753768847,0.14323128403827984,0.0,0.3165829145728643,0.2663316582914573,0.3165829145728643,514,0.514,527,0.3165829145728643,0,529,146.89195979899512,0
21,16,2024-02-06,0.3382067422911013,0.31658509982582056,0.0,0.6902859881770251,0.4973637961335677,0.6902859881770251,544,0.544,359,0.6902859881770251,0,549,338.19180380252465,0.21714730792498485,0.20632460947289574,0.0,0.4969751966122202,0.3248638838475499,0.4969751966122202,540,0.54,139,0.4969751966122202,0,549,217.1356624319428,0.15827135678392096,0.14881568135616338,0.0,0.3266331658291457,0.2663316582914573,0.3266331658291457,534,0.534,366,0.3266331658291457,0,549,158.1482412060315,0
21,17,2024-02-06,0.3007955743729027,0.2926839662344174,0.0,0.6308515737338233,0.4626138360760505,0.6308515737338233,523,0.523,135,0.6308515737338233,0,529,300.77580284390405,0.1938454325468846,0.19002937603470615,0.0,0.4969751966122202,0.2983968542044767,0.4969751966122202,520,0.52,136,0.4969751966122202,0,529,193.83666061705983,0.14730653266331664,0.1435261919777762,0.0,0.3165829145728643,0.2663316582914573,0.3165829145728643,514,0.514,527,0.3165829145728643,0,529,147.18341708542715,0
21,18,2024-02-06,0.25605384246684776,0.30443675752725524,0.0,0.6636842946157533,0.0,0.6636842946157533,424,0.424,229,0.6636842946157533,0,429,256.0395031155142,0.15899243799153054,0.18931355387749974,0.0,0.4667271627344223,0.0,0.4667271627344223,420,0.42,129,0.4667271627344223,0,429,158.98245614035065,0.1280502512562821,0.15327141238798556,0.0,0.3266331658291457,0.0,0.3266331658291457,414,0.414,144,0.3266331658291457,0,429,127.92713567839266,0
21,19,2024-02-06,0.25998633967087403,0.30989619984773586,0.0,0.6924428822495606,0.0,0.6924428822495606,424,0.424,226,0.6924428822495606,0,429,259.97136123981494,0.16523774954627968,0.19914656012296103,0.0,0.5381125226860254,0.0,0.5381125226860254,420,0.42,133,0.5381125226860254,0,429,165.22731397459185,0.12805527638191022,0.1532312103263754,0.0,0.3266331658291457,0.0,0.3266331658291457,414,0.414,150,0.3266331658291457,0,429,127.9321608040208,0
21,20,2024-02-06,0.26294863396708795,0.28866669282895785,0.0,0.6280555999360921,0.0,0.6280555999360921,463,0.463,426,0.6280555999360921,0,469,262.9289423230544,0.17607441016333927,0.19482135748159762,0.0,0.5060496067755595,0.0,0.5060496067755595,460,0.46,133,0.5060496067755595,0,469,176.0674531155475,0.12989949748743715,0.1427351087855338,0.0,0.3165829145728643,0.0,0.3165829145728643,454,0.454,467,0.3165829145728643,0,469,129.77638190954764,0
21,21,2024-02-06,0.2704289822655383,0.2977025665603773,0.0,0.6675986579325771,0.0,0.6675986579325771,463,0.463,451,0.6675986579325771,0,469,270.4093705064706,0.1674933454325474,0.1840140277614811,0.0,0.4579552329098608,0.0,0.4579552329098608,460,0.46,138,0.4579552329098608,0,469,167.4816999395039,0.1365728643216076,0.16433822822530128,0.0,1.0,0.0,1.0,454,0.454,174,1.0,0,469,136.44974874371806,0
21,22,2024-02-06,0.2342531554561437,0.2905029271594984,0.0,0.6683975075890717,0.0,0.6683975075890717,404,0.404,215,0.6683975075890717,0,409,234.23877616232613,0.13584119782214127,0.17209346622212301,0.0,0.4788263762855414,0.0,0.4788263762855414,400,0.4,182,0.4788263762855414,0,409,135.8300060496067,0.118693467336684,0.14805930411975585,0.0,0.3266331658291457,0.0,0.3266331658291457,394,0.394,221,0.3266331658291457,0,409,118.57035175879457,0
21,23,2024-02-06,0.30873566064866614,0.30204392912283556,0.0,0.663284869787506,0.449992011503435,0.663284869787506,523,0.523,514,0.663284869787506,0,529,308.71616871704816,0.20281215970961913,0.19807299493859762,0.0,0.4909255898366606,0.33136721113127643,0.4909255898366606,520,0.52,144,0.4909255898366606,0,529,202.80066545674524,0.14562311557788993,0.1418808032976449,0.0,0.3165829145728643,0.2663316582914573,0.3165829145728643,514,0.514,527,0.3165829145728643,0,529,145.50000000000045,0
21,24,2024-02-06,0.2463921552963726,0.3065414898758796,0.0,0.6961974756350855,0.0,0.6961974756350855,404,0.404,189,0.6961974756350855,0,409,246.37709698034828,0.14371476104053257,0.18188520410936965,0.0,0.5199637023593466,0.0,0.5199637023593466,400,0.4,153,0.5199637023593466,0,409,143.70356926799766,0.11974874371859355,0.14938601477233618,0.0,0.3266331658291457,0.0,0.3266331658291457,394,0.394,194,0.3266331658291457,0,409,119.62562814070411,0
21,25,2024-02-06,0.3143037226393995,0.30680069196042165,0.0,0.6603291260584758,0.4634925706981946,0.6603291260584758,523,0.523,446,0.6603291260584758,0,529,314.28562869467953,0.1976149425287356,0.1951409819251645,0.0,0.4727767695099819,0.2810042347247429,0.4727767695099819,520,0.52,166,0.4727767695099819,0,529,197.60662431941907,0.14548743718593102,0.14166021628658348,0.0,0.3165829145728643,0.2663316582914573,0.3165829145728643,514,0.514,527,0.3165829145728643,0,529,145.36432160804156,0
21,26,2024-02-06,0.24597140118229904,0.306037908229113,0.0,0.7084198753794536,0.0,0.7084198753794536,404,0.404,206,0.7084198753794536,0,409,245.95754114075882,0.1385671506352088,0.17556617187818005,0.0,0.5090744101633394,0.0,0.5090744101633394,400,0.4,177,0.5090744101633394,0,409,138.55520266182677,0.11901005025125688,0.14846729297187375,0.0,0.3266331658291457,0.0,0.3266331658291457,394,0.394,211,0.3266331658291457,0,409,118.88693467336743,0
21,27,2024-02-06,0.3107561111998729,0.30329107271820727,0.0,0.6548969483943122,0.4597379773126697,0.6548969483943122,523,0.523,411,0.6548969483943122,0,529,310.7368589231504,0.1929110707803993,0.19200128158384325,0.0,0.4788263762855414,0.27994555353901995,0.4788263762855414,520,0.52,171,0.4788263762855414,0,529,192.9026013309133,0.1460100502512571,0.14223439125260293,0.0,0.3165829145728643,0.2663316582914573,0.3165829145728643,514,0.514,527,0.3165829145728643,0,529,145.88693467336765,0
21,28,2024-02-06,0.23980252436491462,0.28491204395441544,0.0,0.6253395111040102,0.0,0.6253395111040102,424,0.424,369,0.6253395111040102,0,429,239.78782553123472,0.165934361766485,0.1985688327692846,0.0,0.4727767695099819,0.0,0.4727767695099819,420,0.42,129,0.4727767695099819,0,429,165.92422867513596,0.11964824120603022,0.14286600076431707,0.0,0.3266331658291457,0.0,0.3266331658291457,414,0.414,377,0.3266331658291457,0,429,119.5251256281408,0
21,29,2024-02-06,0.3094161207860685,0.30220623412777614,0.0,0.655376258188209,0.4523086755072695,0.655376258188209,523,0.523,468,0.655376258188209,0,529,309.3955903498965,0.19997096188747726,0.194842670000496,0.0,0.4307320024198427,0.308681185722928,0.4307320024198427,520,0.52,148,0.4307320024198427,0,529,199.96082879612834,0.14584924623115667,0.14207332357620175,0.0,0.3165829145728643,0.2663316582914573,0.3165829145728643,514,0.514,527,0.3165829145728643,0,529,145.72613065326718,0
21,30,2024-02-06,0.4738212174468764,0.2981226672120915,0.0,0.7045055120626298,0.6451110401022527,0.7045055120626298,724,0.724,641,0.7045055120626298,0,729,473.7963732225604,0.30900725952813013,0.1973207990879713,0.0,0.514216575922565,0.4131881427707199,0.514216575922565,720,0.72,44,0.514216575922565,0,729,308.9912280701761,0.20134673366834402,0.1279501367486667,0.0,0.3165829145728643,0.2814070351758794,0.3165829145728643,714,0.714,727,0.3165829145728643,0,729,201.22361809045458,0
21,31,2024-02-06,0.3123804122064229,0.31683613509981384,0.0,0.6975555200511264,0.14770730148586037,0.6975555200511264,504,0.504,362,0.6975555200511264,0,509,312.3653938328809,0.22155172413793106,0.22891036074309204,0.0,0.5595886267392619,0.0087719298245614,0.5595886267392619,500,0.5,228,0.5595886267392619,0,509,221.5397761645495,0.14534170854271472,0.1478855345700416,0.0,0.3266331658291457,0.0,0.3266331658291457,494,0.494,369,0.3266331658291457,0,509,145.21859296482526,0
21,32,2024-02-06,0.4431849336954791,0.35606343222642306,0.0,0.8827288704265858,0.6854130052724078,0.8827288704265858,615,0.615,36,0.8827288704265858,0,629,443.146868509346,0.2621941923774944,0.2152978910283691,0.0,0.6137326073805203,0.3802177858439201,0.6137326073805203,610,0.61,36,0.6137326073805203,0,629,262.17619479733776,0.17297487437185957,0.14039124680419984,0.0,0.3165829145728643,0.271356783919598,0.3165829145728643,604,0.604,627,0.3165829145728643,0,629,172.85175879397008,0
21,33,2024-02-06,0.29320091068860826,0.2726213238816958,0.0,0.5823613995845982,0.470442562709698,0.5823613995845982,544,0.544,167,0.5823613995845982,0,549,293.184933695479,0.22001361161524502,0.20607380994778743,0.0,0.4579552329098608,0.3496672716273442,0.4579552329098608,540,0.54,167,0.4579552329098608,0,549,220.0037810042347,0.15033668341708675,0.140869796848543,0.0,0.3165829145728643,0.2663316582914573,0.3165829145728643,534,0.534,547,0.3165829145728643,0,549,150.21356783919725,0
21,34,2024-02-06,0.3661984342546729,0.30440277000330834,0.0,0.6621664802684135,0.4796293337593865,0.6621664802684135,603,0.603,298,0.6621664802684135,0,609,366.17890238057174,0.2507205081669689,0.21111646482782276,0.0,0.5444646098003629,0.3351482153660012,0.5444646098003629,600,0.6,149,0.5444646098003629,0,609,250.70780399274045,0.16881909547738763,0.13987146074041804,0.0,0.3165829145728643,0.2663316582914573,0.3165829145728643,594,0.594,607,0.3165829145728643,0,609,168.6959798994979,0
21,35,2024-02-06,0.368068780955425,0.3054611180534164,0.0,0.6616871704745168,0.4818661127975715,0.6616871704745168,604,0.604,413,0.6616871704745168,0,609,368.0492490813244,0.24259286146400494,0.20396446212948796,0.0,0.4667271627344223,0.3290986085904416,0.4667271627344223,600,0.6,210,0.4667271627344223,0,609,242.58469449485796,0.1692361809045236,0.14015437671327285,0.0,0.3165829145728643,0.271356783919598,0.3165829145728643,594,0.594,607,0.3165829145728643,0,609,169.11306532663414,0
21,36,2024-02-06,0.32407301485860335,0.2906722224824175,0.0,0.6183895190925068,0.4777120945837993,0.6183895190925068,564,0.564,243,0.6183895190925068,0,569,324.0657453267291,0.2580659407138539,0.23298602404189098,0.0,0.5595886267392619,0.4101633393829401,0.5595886267392619,560,0.56,133,0.5595886267392619,0,569,258.0571687840288,0.0,0.0,0.0,0.0,0.0,0.0,0,0.0,0,0.0,-1,-1,0.0,0
21,37,2024-02-06,0.4721334877776002,0.2955494338493142,0.0,0.6877296692762422,0.655376258188209,0.6877296692762422,724,0.724,704,0.6877296692762422,0,729,472.10516855727747,0.295483363581368,0.1888002070049345,0.0,0.4667271627344223,0.3989715668481549,0.4667271627344223,720,0.72,231,0.4667271627344223,0,729,295.4686932849365,0.20123618090452508,0.12786529512985095,0.0,0.3165829145728643,0.2864321608040201,0.3165829145728643,714,0.714,727,0.3165829145728643,0,729,201.11306532663562,0
21,38,2024-02-06,0.4399185972200028,0.3532581419788704,0.0,0.8862438089151622,0.6881290941044895,0.8862438089151622,615,0.615,29,0.8862438089151622,0,629,439.876897267934,0.26572776769510026,0.21703207090889193,0.0,0.5716878402903811,0.3853599516031458,0.5716878402903811,610,0.61,49,0.5716878402903811,0,629,265.7099213551119,0.1729346733668343,0.1403688233926667,0.0,0.3165829145728643,0.271356783919598,0.3165829145728643,604,0.604,627,0.3165829145728643,0,629,172.81155778894478,0
21,39,2024-02-06,0.2444618948713846,0.2906705065482299,0.0,0.6374820258827288,0.0,0.6374820258827288,424,0.424,304,0.6374820258827288,0,429,244.44815465729368,0.15377495462794924,0.18500927568776124,0.0,0.4277071990320629,0.0,0.4277071990320629,420,0.42,184,0.4277071990320629,0,429,153.76497277676955,0.11654271356783999,0.1387811186144076,0.0,0.3165829145728643,0.0,0.3165829145728643,414,0.414,427,0.3165829145728643,0,429,116.41959798995056,0
21,40,2024-02-06,0.27790285988177,0.2801152649582954,0.0,0.6312509985620706,0.14974436810992164,0.6312509985620706,504,0.504,187,0.6312509985620706,0,509,277.88927943760984,0.19978009679370828,0.2072078301396216,0.0,0.4909255898366606,0.0066545674531155,0.4909255898366606,500,0.5,203,0.4909255898366606,0,509,199.7705686630366,0.14107537688442187,0.1430359904474009,0.0,0.3165829145728643,0.0,0.3165829145728643,494,0.494,507,0.3165829145728643,0,509,140.95226130653236,0
21,41,2024-02-06,0.240256111199872,0.29868828853205864,0.0,0.67015497683336,0.0,0.67015497683336,404,0.404,298,0.67015497683336,0,409,240.24169196357275,0.14830641258318186,0.18556158279874208,0.0,0.4398064125831821,0.0,0.4398064125831821,400,0.4,178,0.4398064125831821,0,409,148.29612825166365,0.11110552763819168,0.1378942360391461,0.0,0.3165829145728643,0.0,0.3165829145728643,394,0.394,407,0.3165829145728643,0,409,110.98241206030222,0
21,42,2024-02-06,0.23939367311072096,0.29777368896916534,0.0,0.67015497683336,0.0,0.67015497683336,404,0.404,256,0.67015497683336,0,409,239.37917398945572,0.15013097398669084,0.1881492953583667,0.0,0.4519056261343013,0.0,0.4519056261343013,400,0.4,173,0.4519056261343013,0,409,150.12129461585027,0.11075879396984996,0.1374929212775323,0.0,0.3165829145728643,0.0,0.3165829145728643,394,0.394,407,0.3165829145728643,0,409,110.63567839196051,0
21,43,2024-02-06,0.44717846301326014,0.29417709250095214,0.0,0.6771848538105129,0.6266975555200511,0.6771848538105129,704,0.704,596,0.6771848538105129,0,709,447.1505831602496,0.2939845735027236,0.19573383371262112,0.0,0.4667271627344223,0.4080459770114942,0.4667271627344223,700,0.7,69,0.4667271627344223,0,709,293.9699032062919,0.1976381909547747,0.13161907237410936,0.0,0.3165829145728643,0.2864321608040201,0.3165829145728643,694,0.694,707,0.3165829145728643,0,709,197.51507537688516,0
21,44,2024-02-06,0.47524876178303105,0.3130203603888821,0.0,0.7164882569100496,0.6770250838792139,0.7164882569100496,704,0.704,584,0.7164882569100496,0,709,475.2205623901586,0.29630732002419957,0.19680873829411738,0.0,0.4667271627344223,0.4134906231094978,0.4667271627344223,700,0.7,90,0.4667271627344223,0,709,296.29264972776787,0.1961708542713592,0.1304329952246615,0.0,0.3165829145728643,0.2864321608040201,0.3165829145728643,694,0.694,707,0.3165829145728643,0,709,196.0477386934697,0
21,45,2024-02-06,0.3027324652500397,0.30873853124129014,0.0,0.6836555360281195,0.1259785908292059,0.6836555360281195,503,0.503,491,0.6836555360281195,0,509,302.71373222559515,0.20402903811252285,0.20967282403785478,0.0,0.4609800362976406,0.0099818511796733,0.4609800362976406,500,0.5,257,0.4609800362976406,0,509,204.01724137931015,0.13949748743718665,0.14140657087779473,0.0,0.3165829145728643,0.0,0.3165829145728643,494,0.494,507,0.3165829145728643,0,509,139.37437185929718,0
21,46,2024-02-06,0.3034734781914045,0.309769448128513,0.0,0.6810193321616872,0.12418117910209295,0.6810193321616872,503,0.503,489,0.6810193321616872,0,509,303.4547851094426,0.20064125831820934,0.20642886115973869,0.0,0.4667271627344223,0.0099818511796733,0.4667271627344223,500,0.5,276,0.4667271627344223,0,509,200.62931034482762,0.13841206030150863,0.1402597150178106,0.0,0.3165829145728643,0.0,0.3165829145728643,494,0.494,507,0.3165829145728643,0,509,138.28894472361915,0
21,47,2024-02-06,0.48575683016456117,0.31989094128545253,0.0,0.7402140917079406,0.6908451829365714,0.7402140917079406,704,0.704,453,0.7402140917079406,0,709,485.7307077807935,0.2841790683605551,0.1906013677797906,0.0,0.4758015728977616,0.3708408953418027,0.4758015728977616,700,0.7,259,0.4758015728977616,0,709,284.1631881427696,0.2072914572864332,0.1390616697775239,0.0,0.3266331658291457,0.2814070351758794,0.3266331658291457,694,0.694,459,0.3266331658291457,0,709,207.16834170854372,0
21,48,2024-02-06,0.2742257549129251,0.2949338514522884,0.0,0.6322895031155137,0.0,0.6322895031155137,474,0.474,145,0.6322895031155137,0,479,274.21337274324884,0.20031246218995877,0.2195921931564492,0.0,0.5928614640048396,0.0,0.5928614640048396,470,0.47,25,0.5928614640048396,0,479,200.29975801572908,0.14373366834170948,0.1557151264360492,0.0,0.3266331658291457,0.0,0.3266331658291457,463,0.463,157,0.3266331658291457,0,477,143.61055276382004,0
21,49,2024-02-06,0.29870131011343665,0.3166938628842941,0.0,0.902700111838952,0.0,0.902700111838952,486,0.486,16,0.902700111838952,0,499,298.67830324332994,0.18599667271627293,0.2089612123942259,0.0,0.8194192377495463,0.0,0.8194192377495463,480,0.48,10,0.8194192377495463,0,499,185.98064125831834,0.13298994974874434,0.14058921909967925,0.0,0.3165829145728643,0.0,0.3165829145728643,473,0.473,497,0.3165829145728643,0,497,132.86683417085493,0
21,50,2024-02-06,0.281917558715449,0.310176688743205,0.0,0.8552484422431699,0.0,0.8552484422431699,465,0.465,15,0.8552484422431699,0,479,281.8857245566376,0.1891793708408959,0.2135060805618425,0.0,0.6957047791893527,0.0,0.6957047791893527,460,0.46,14,0.6957047791893527,0,479,189.15895341802803,0.12933668341708573,0.14203563198903985,0.0,0.3165829145728643,0.0,0.3165829145728643,454,0.454,477,0.3165829145728643,0,479,129.2135678391963,0
21,51,2024-02-06,0.2820580763700274,0.3105481507508747,0.0,0.8663524524684454,0.0,0.8663524524684454,465,0.465,11,0.8663524524684454,0,479,282.02752037066534,0.18526588021778492,0.2087433022039183,0.0,0.6654567453115547,0.0,0.6654567453115547,460,0.46,14,0.6654567453115547,0,479,185.24379915305462,0.12889447236180898,0.1416199070604347,0.0,0.3165829145728643,0.0,0.3165829145728643,454,0.454,477,0.3165829145728643,0,479,128.77135678391954,0
21,52,2024-02-06,0.3250308355967401,0.3171669775327567,0.0,0.6758268093944719,0.4769931298929541,0.6758268093944719,524,0.524,513,0.6758268093944719,0,529,325.0176146349264,0.22224379915305556,0.2169791036546725,0.0,0.5353901996370236,0.3799153055051422,0.5353901996370236,520,0.52,136,0.5353901996370236,0,529,222.23124621899592,0.14518090452261442,0.14155388393833898,0.0,0.3165829145728643,0.271356783919598,0.3165829145728643,513,0.513,527,0.3165829145728643,0,527,145.05778894472496,0
21,53,2024-02-06,0.4355556798210558,0.3500679481020763,0.0,0.8839271449113277,0.6724716408371945,0.8839271449113277,615,0.615,27,0.8839271449113277,0,629,435.5140996964352,0.26520901391409635,0.2157178067264086,0.0,0.5807622504537205,0.3983666061705989,0.5807622504537205,610,0.61,47,0.5807622504537205,0,629,265.1931336963102,0.17052261306532795,0.13834506199309907,0.0,0.3165829145728643,0.2663316582914573,0.3165829145728643,604,0.604,627,0.3165829145728643,0,629,170.3994974874385,0
21,54,2024-02-06,0.4080770889918513,0.32883853716024963,0.0,0.8827288704265858,0.647307876657613,0.8827288704265858,615,0.615,45,0.8827288704265858,0,629,408.0355488097136,0.2520789473684209,0.20551259537744104,0.0,0.5626134301270418,0.3771929824561403,0.5626134301270418,610,0.61,49,0.5626134301270418,0,629,252.06246218995753,0.17084422110552946,0.13845785062460703,0.0,0.3165829145728643,0.2763819095477386,0.3165829145728643,604,0.604,627,0.3165829145728643,0,629,170.72110552764002,0
21,55,2024-02-06,0.4243126697555517,0.3411125943945821,0.0,0.8864834638121105,0.6640038344783512,0.8864834638121105,615,0.615,33,0.8864834638121105,0,629,424.27096980348523,0.26005444646097975,0.2118374830099598,0.0,0.5323653962492438,0.3838475499092559,0.5323653962492438,610,0.61,49,0.5323653962492438,0,629,260.03675136116135,0.17119095477387036,0.13890655386372217,0.0,0.3165829145728643,0.2663316582914573,0.3165829145728643,604,0.604,627,0.3165829145728643,0,629,171.06783919598092,0
21,56,2024-02-06,0.42862150503275237,0.3445094116067835,0.0,0.8850455344304202,0.6715929062150503,0.8850455344304202,615,0.615,33,0.8850455344304202,0,629,428.5816024924108,0.2588469449485785,0.21052703515602592,0.0,0.5837870538415003,0.3980641258318209,0.5837870538415003,610,0.61,46,0.5837870538415003,0,629,258.82985480943717,0.1716582914572877,0.1392498852500707,0.0,0.3165829145728643,0.271356783919598,0.3165829145728643,604,0.604,627,0.3165829145728643,0,629,171.53517587939828,0
21,57,2024-02-06,0.43314874580603974,0.34768358638719976,0.0,0.8904777120945838,0.694919316184694,0.8904777120945838,615,0.615,46,0.8904777120945838,0,629,433.1086036108007,0.2533042952208107,0.20551476312689007,0.0,0.5626134301270418,0.3926194797338173,0.5626134301270418,610,0.61,49,0.5626134301270418,0,629,253.28675136116132,0.17215075376884545,0.1395476062342065,0.0,0.3165829145728643,0.2763819095477386,0.3165829145728643,604,0.604,627,0.3165829145728643,0,629,172.02763819095597,0
21,58,2024-02-06,0.3291441124780313,0.3221179800339893,0.0,0.693880811631251,0.4734781914043777,0.693880811631251,524,0.524,242,0.693880811631251,0,529,329.13053203387096,0.22897489413188107,0.22372985093426645,0.0,0.5290381125226861,0.3859649122807017,0.5290381125226861,520,0.52,172,0.5290381125226861,0,529,228.96355111917686,0.14513065326633307,0.14150372230680475,0.0,0.3165829145728643,0.271356783919598,0.3165829145728643,513,0.513,527,0.3165829145728643,0,527,145.0075376884436,0
21,59,2024-02-06,0.4389926505831595,0.35227236725714567,0.0,0.8965489694839431,0.7031474676465889,0.8965489694839431,615,0.615,49,0.8965489694839431,0,629,438.95398625978487,0.25855928614640233,0.21229916565443124,0.0,0.6563823351482153,0.3911070780399274,0.6563823351482153,610,0.61,22,0.6563823351482153,0,629,258.5412885662429,0.17106532663316767,0.1386501494511624,0.0,0.3165829145728643,0.2763819095477386,0.3165829145728643,604,0.604,627,0.3165829145728643,0,629,170.9422110552782,0
21,60,2024-02-06,0.49316879693241616,0.32560523609893943,0.0,0.7513979868988656,0.6895670234861799,0.7513979868988656,704,0.704,627,0.7513979868988656,0,709,493.1422751238204,0.2936606170598894,0.19626505974966027,0.0,0.469751966122202,0.4125831820931639,0.469751966122202,700,0.7,94,0.469751966122202,0,709,293.6450393224437,0.19948743718593165,0.13322145382292283,0.0,0.3266331658291457,0.2864321608040201,0.3266331658291457,694,0.694,633,0.3266331658291457,0,709,199.36432160804216,1
21,61,2024-02-06,0.3187946157533144,0.2982661496650728,0.0,0.6355647867071417,0.4760345103051606,0.6355647867071417,544,0.544,273,0.6355647867071417,0,549,318.78091548170596,0.22601058681185693,0.21176464732894074,0.0,0.5,0.3738656987295826,0.5,540,0.54,143,0.5,0,549,225.9978826376284,0.15069849246231304,0.14117963942658887,0.0,0.3165829145728643,0.26884422110552764,0.3165829145728643,533,0.533,547,0.3165829145728643,0,547,150.57537688442358,0
21,62,2024-02-06,0.32530036747084184,0.3179209435231476,0.0,0.6858124301006551,0.4706822176066464,0.6858124301006551,523,0.523,307,0.6858124301006551,0,529,325.2815545614312,0.20647912885662428,0.20279414728460582,0.0,0.514216575922565,0.30943738656987296,0.514216575922565,520,0.52,133,0.514216575922565,0,529,206.46702964307306,0.14546733668341844,0.14154961828634102,0.0,0.3165829145728643,0.271356783919598,0.3165829145728643,514,0.514,527,0.3165829145728643,0,529,145.34422110552896,0
21,63,2024-02-06,0.36970027160888363,0.30739767011511687,0.0,0.6635245246844543,0.4813868030036747,0.6635245246844543,603,0.603,453,0.6635245246844543,0,609,369.68205783671664,0.27825468844525103,0.23294924241425408,0.0,0.5774349667271628,0.425892316999395,0.5774349667271628,600,0.6,143,0.5774349667271628,0,609,278.2434966727165,0.16817085427135858,0.13917392238564338,0.0,0.3165829145728643,0.2763819095477386,0.3165829145728643,594,0.594,607,0.3165829145728643,0,609,168.0477386934691,0
21,64,2024-02-06,0.22370402620226867,0.2908103553251993,0.0,0.6123981466687969,0.0,0.6123981466687969,470,0.47,257,0.6123981466687969,0,479,223.70282792778372,0.11461464004839715,0.15071043614608562,0.0,0.3418027828191167,0.0,0.3418027828191167,470,0.47,418,0.3418027828191167,0,479,114.61403508771967,0.0,0.0,0.0,0.0,0.0,0.0,0,0.0,0,0.0,-1,-1,0.0,0
21,64,2024-02-06,0.2700120626298134,0.2897131883245065,0.0,0.6176705544016616,0.0,0.6176705544016616,474,0.474,141,0.6176705544016616,0,479,270.00119827448407,0.17043738656987267,0.18436595521808055,0.0,0.4667271627344223,0.0,0.4667271627344223,470,0.47,131,0.4667271627344223,0,479,170.43012704174245,0.0,0.0,0.0,0.0,0.0,0.0,0,0.0,0,0.0,-1,-1,0.0,0
21,65,2024-02-06,0.306344783511742,0.2983221976016138,0.0,0.6446716727911806,0.4702029078127496,0.6446716727911806,524,0.524,482,0.6446716727911806,0,529,306.3270889918518,0.20100302480338772,0.197211189580868,0.0,0.4969751966122202,0.3286448880822746,0.4969751966122202,520,0.52,132,0.4969751966122202,0,529,200.99425287356303,0.14657286432160857,0.14278483746658313,0.0,0.3165829145728643,0.2663316582914573,0.3165829145728643,514,0.514,527,0.3165829145728643,0,529,146.44974874371908,0
21,66,2024-02-06,0.3623832081802201,0.30034859898791044,0.0,0.6500239654896949,0.4843425467327049,0.6500239654896949,603,0.603,161,0.6500239654896949,0,609,362.3641156734309,0.26806836055656375,0.22474674804761166,0.0,0.5562613430127041,0.3950393224440411,0.5562613430127041,600,0.6,141,0.5562613430127041,0,609,268.0597398669082,0.1695376884422124,0.1403410042892369,0.0,0.3165829145728643,0.2763819095477386,0.3165829145728643,594,0.594,607,0.3165829145728643,0,609,169.41457286432262,0
21,67,2024-02-06,0.3066465090270022,0.31139313012074205,0.0,0.6761463492570698,0.13308835277200826,0.6761463492570698,504,0.504,256,0.6761463492570698,0,509,306.6332081802206,0.20121929824561413,0.20737548084523058,0.0,0.5444646098003629,0.0084694494857834,0.5444646098003629,500,0.5,129,0.5444646098003629,0,509,201.20765275257105,0.15380904522613176,0.15660845225592837,0.0,0.3266331658291457,0.0,0.3266331658291457,494,0.494,157,0.3266331658291457,0,509,153.68592964824228,0
21,68,2024-02-06,0.2622650583160245,0.28088935060876036,0.0,0.6107205623901582,0.0,0.6107205623901582,474,0.474,140,0.6107205623901582,0,479,262.2494408052405,0.18401996370235904,0.19982744843482325,0.0,0.5263157894736842,0.0,0.5263157894736842,470,0.47,140,0.5263157894736842,0,479,184.00967937084062,0.13346231155778843,0.1437110831049114,0.0,0.3165829145728643,0.0,0.3165829145728643,464,0.464,477,0.3165829145728643,0,479,133.33919597989893,0
21,69,2024-02-06,0.31003291260584753,0.3028291868940272,0.0,0.6532193641156734,0.4559833839271449,0.6532193641156734,523,0.523,512,0.6532193641156734,0,529,310.01370027160897,0.2005635208711434,0.19630252332496204,0.0,0.4969751966122202,0.338475499092559,0.4969751966122202,520,0.52,131,0.4969751966122202,0,529,200.55187537810042,0.14696482412060322,0.14317529913948057,0.0,0.3165829145728643,0.2663316582914573,0.3165829145728643,514,0.514,527,0.3165829145728643,0,529,146.84170854271372,0
21,70,2024-02-06,0.3070541620067105,0.33428130728713723,0.0,0.8122703307237578,0.0,0.8122703307237578,465,0.465,21,0.8122703307237578,0,479,307.02552324652487,0.1984443436176652,0.22237174130677442,0.0,0.6802782819116757,0.0,0.6802782819116757,460,0.46,17,0.6802782819116757,0,479,198.4243799153059,0.1282160804020111,0.14074279557655595,0.0,0.3165829145728643,0.0,0.3165829145728643,454,0.454,477,0.3165829145728643,0,479,128.09296482412165,0
21,71,2024-02-06,0.3752865473717848,0.3130190010219386,0.0,0.6843745007189647,0.4804281834158811,0.6843745007189647,603,0.603,519,0.6843745007189647,0,609,375.27045055120703,0.2583300060496067,0.21779133417976262,0.0,0.4969751966122202,0.3188142770719903,0.4969751966122202,600,0.6,193,0.4969751966122202,0,609,258.3183605565633,0.1675678391959817,0.13869713453749247,0.0,0.3165829145728643,0.271356783919598,0.3165829145728643,594,0.594,607,0.3165829145728643,0,609,167.4447236180922,0
21,72,2024-02-06,0.3104555040741333,0.3378419040210392,0.0,0.8256111199872184,0.0,0.8256111199872184,465,0.465,15,0.8256111199872184,0,479,310.42638600415495,0.18610738052026482,0.21262845626309138,0.0,0.7047791893526921,0.0,0.7047791893526921,460,0.46,14,0.7047791893526921,0,479,186.08817301875368,0.13850251256281493,0.1527869722602426,0.0,0.3266331658291457,0.0,0.3266331658291457,454,0.454,232,0.3266331658291457,0,479,138.37939698492548,0
21,73,2024-02-06,0.4925348298450227,0.32490111173108355,0.0,0.7425307557117751,0.7134526282153699,0.7425307557117751,704,0.704,663,0.7425307557117751,0,709,492.50862757628937,0.34745462794918097,0.23304901244935392,0.0,0.6258318209316395,0.4615849969751966,0.6258318209316395,700,0.7,39,0.6258318209316395,0,709,347.4387477313977,0.19939698492462346,0.13270001015308494,0.0,0.3165829145728643,0.2864321608040201,0.3165829145728643,694,0.694,707,0.3165829145728643,0,709,199.27386934673365,0
21,74,2024-02-06,0.2866846940405821,0.3133759906626348,0.0,0.8194599776322096,0.0,0.8194599776322096,465,0.465,15,0.8194599776322096,0,479,286.654177983703,0.19427071990320585,0.218020819565219,0.0,0.7014519056261344,0.0,0.7014519056261344,460,0.46,15,0.7014519056261344,0,479,194.2501512401689,0.12888442211055318,0.1415156119213154,0.0,0.3165829145728643,0.0,0.3165829145728643,454,0.454,477,0.3165829145728643,0,479,128.76130653266372,0
21,75,2024-02-06,0.5053947915002399,0.33381926754137664,0.0,0.7648186611279757,0.7348617990094264,0.7648186611279757,704,0.704,678,0.7648186611279757,0,709,505.36783032433425,0.3074204476709004,0.20482912553282992,0.0,0.4939503932244404,0.4219600725952813,0.4939503932244404,700,0.7,238,0.4939503932244404,0,709,307.4059286146399,0.1964070351758818,0.1306000833969424,0.0,0.3165829145728643,0.2864321608040201,0.3165829145728643,694,0.694,707,0.3165829145728643,0,709,196.28391959799228,0
21,76,2024-02-06,0.3034804281834163,0.3076683637868289,0.0,0.6558555679821058,0.13812110560792457,0.6558555679821058,504,0.504,155,0.6558555679821058,0,509,303.4662486020128,0.2062577132486388,0.2096597002867944,0.0,0.5199637023593466,0.00801572897761645,0.5199637023593466,500,0.5,144,0.5199637023593466,0,509,206.24652147610442,0.15366834170854377,0.15645868857069742,0.0,0.3266331658291457,0.0,0.3266331658291457,494,0.494,163,0.3266331658291457,0,509,153.54522613065433,0
21,77,2024-02-06,0.48849744368109704,0.32158127529664043,0.0,0.7456462693721042,0.7047451669595782,0.7456462693721042,704,0.704,684,0.7456462693721042,0,709,488.46968365553596,0.29295462794918353,0.1950837197820684,0.0,0.4667271627344223,0.4098608590441621,0.4667271627344223,700,0.7,183,0.4667271627344223,0,709,292.9381427707196,0.19813065326633347,0.13191512943443065,0.0,0.3266331658291457,0.2864321608040201,0.3266331658291457,694,0.694,691,0.3266331658291457,0,709,198.007537688444,1
21,78,2024-02-06,0.48234797891037573,0.31734737289080384,0.0,0.7184054960856366,0.6986739095702189,0.7184054960856366,704,0.704,680,0.7184054960856366,0,709,482.32121744687726,0.289635813672113,0.192614288550251,0.0,0.454930429522081,0.4047186932849365,0.454930429522081,700,0.7,244,0.454930429522081,0,709,289.6215970961881,0.19682412060301688,0.13094784880859325,0.0,0.3165829145728643,0.2864321608040201,0.3165829145728643,694,0.694,707,0.3165829145728643,0,709,196.7010050251274,0
21,79,2024-02-06,0.309585476913244,0.30133237499538174,0.0,0.6408371944400064,0.4724396868509347,0.6408371944400064,524,0.524,371,0.6408371944400064,0,529,309.5716568141872,0.21739655172413827,0.212532107358235,0.0,0.5381125226860254,0.3714458560193587,0.5381125226860254,520,0.52,134,0.5381125226860254,0,529,217.38505747126436,0.14625125628140834,0.1423536746013532,0.0,0.3165829145728643,0.271356783919598,0.3165829145728643,514,0.514,527,0.3165829145728643,0,529,146.12814070351885,0
21,80,2024-02-06,0.3107895830004795,0.3028183698516124,0.0,0.6493050007988497,0.4703626777440485,0.6493050007988497,523,0.523,466,0.6493050007988497,0,529,310.77041060872364,0.19838898971566843,0.19582148313179568,0.0,0.5060496067755595,0.3157894736842105,0.5060496067755595,520,0.52,135,0.5060496067755595,0,529,198.3800665456747,0.14662311557788976,0.14286303270964493,0.0,0.3165829145728643,0.2663316582914573,0.3165829145728643,514,0.514,527,0.3165829145728643,0,529,146.50000000000028,0
21,81,2024-02-06,0.3144711615274005,0.30645195198474295,0.0,0.6514618948713852,0.4752356606486659,0.6514618948713852,524,0.524,296,0.6514618948713852,0,529,314.4571417159294,0.21640290381125227,0.21184257307730292,0.0,0.5263157894736842,0.367211131276467,0.5263157894736842,520,0.52,139,0.5263157894736842,0,529,216.39156079854808,0.14589949748743855,0.1419925558329439,0.0,0.3165829145728643,0.271356783919598,0.3165829145728643,514,0.514,527,0.3165829145728643,0,529,145.7763819095491,0
21,82,2024-02-06,0.37270474516695895,0.3106824930283645,0.0,0.6794216328486978,0.4796293337593865,0.6794216328486978,604,0.604,355,0.6794216328486978,0,609,372.68745007189636,0.23897307924984887,0.19987035782334697,0.0,0.4758015728977616,0.3372655777374471,0.4758015728977616,600,0.6,198,0.4758015728977616,0,609,238.96476104053272,0.16776381909547924,0.1388858522039802,0.0,0.3165829145728643,0.271356783919598,0.3165829145728643,594,0.594,607,0.3165829145728643,0,609,167.64070351758977,0
21,83,2024-02-06,0.3095939447196023,0.2889338975679103,0.0,0.6147148106726315,0.4748362358204186,0.6147148106726315,544,0.544,137,0.6147148106726315,0,549,309.58072375778875,0.22140078644888034,0.20831308342577112,0.0,0.5263157894736842,0.3548094373865699,0.5263157894736842,540,0.54,137,0.5263157894736842,0,549,221.3874773139741,0.1505075376884437,0.1410147848318501,0.0,0.3165829145728643,0.2663316582914573,0.3165829145728643,533,0.533,547,0.3165829145728643,0,547,150.3844221105542,0
21,84,2024-02-06,0.4166918038025237,0.3353793175525807,0.0,0.8904777120945838,0.663444639718805,0.8904777120945838,615,0.615,26,0.8904777120945838,0,629,416.65166160728677,0.28799425287356245,0.23543793148102993,0.0,0.6923774954627949,0.4425287356321839,0.6923774954627949,610,0.61,46,0.6923774954627949,0,629,287.9767090139133,0.1734773869346735,0.14079587026582716,0.0,0.3165829145728643,0.271356783919598,0.3165829145728643,604,0.604,627,0.3165829145728643,0,629,173.35427135678376,0
21,85,2024-02-06,0.290299728391116,0.29439885017787637,0.0,0.6359642115353891,0.12218405496085635,0.6359642115353891,504,0.504,222,0.6359642115353891,0,509,290.2860281195077,0.20564609800363062,0.21162291757259472,0.0,0.5535390199637024,0.0086206896551724,0.5535390199637024,500,0.5,32,0.5535390199637024,0,509,205.63309134906257,0.15352261306532772,0.15646432112709527,0.0,0.3266331658291457,0.0,0.3266331658291457,494,0.494,150,0.3266331658291457,0,509,153.39949748743823,0
21,86,2024-02-06,0.4372676146349236,0.35094305756985794,0.0,0.8892794376098418,0.6974756350854769,0.8892794376098418,615,0.615,20,0.8892794376098418,0,629,437.2257948554086,0.26507834240774375,0.21685230685678716,0.0,0.6046581972171808,0.3865698729582577,0.6046581972171808,610,0.61,44,0.6046581972171808,0,629,265.0606473079251,0.17349246231155802,0.14075765065987486,0.0,0.3165829145728643,0.271356783919598,0.3165829145728643,604,0.604,627,0.3165829145728643,0,629,173.36934673366838,0
21,87,2024-02-06,0.3187017095382639,0.2859327602074846,0.0,0.6084038983863237,0.4748362358204186,0.6084038983863237,564,0.564,551,0.6084038983863237,0,569,318.6886084038983,0.2629906231094974,0.23730193336473862,0.0,0.5653357531760436,0.4101633393829401,0.5653357531760436,560,0.56,131,0.5653357531760436,0,569,262.9795825771322,0.15856783919597967,0.14287387265093576,0.0,0.3165829145728643,0.2663316582914573,0.3165829145728643,553,0.553,567,0.3165829145728643,0,567,158.44472361809008,0
21,88,2024-02-06,0.44173358363955845,0.35434030903457925,0.0,0.886723118709059,0.7093784949672471,0.886723118709059,615,0.615,49,0.886723118709059,0,629,441.6918836874904,0.26305384150030287,0.21545372636081603,0.0,0.5955837870538415,0.3808227465214761,0.5955837870538415,610,0.61,43,0.5955837870538415,0,629,263.0364488808225,0.17284422110552827,0.14016346321093234,0.0,0.3165829145728643,0.2763819095477386,0.3165829145728643,604,0.604,627,0.3165829145728643,0,629,172.72110552763866,0
21,89,2024-02-06,0.44314962454065926,0.35538738648019846,0.0,0.893273685892315,0.7110560792458859,0.893273685892315,615,0.615,43,0.893273685892315,0,629,443.10760504872974,0.266424077434967,0.2169917981543756,0.0,0.5716878402903811,0.3944343617664851,0.5716878402903811,610,0.61,43,0.5716878402903811,0,629,266.4062310949789,0.1708944723618107,0.13858253665841264,0.0,0.3165829145728643,0.271356783919598,0.3165829145728643,604,0.604,627,0.3165829145728643,0,629,170.77135678392128,0
21,90,2024-02-06,0.3063994248282471,0.3112443438059326,0.0,0.6873302444479948,0.1414762741652021,0.6873302444479948,504,0.504,331,0.6873302444479948,0,509,306.3859642115356,0.20001542649727758,0.20819700272406005,0.0,0.5290381125226861,0.0081669691470054,0.5290381125226861,500,0.5,147,0.5290381125226861,0,509,200.00514216575905,0.14687939698492575,0.14954359822643984,0.0,0.3266331658291457,0.0,0.3266331658291457,494,0.494,336,0.3266331658291457,0,509,146.75628140703625,0
21,91,2024-02-06,0.3159634126857363,0.32143756592192785,0.0,0.7161687170474517,0.14602971720722155,0.7161687170474517,504,0.504,287,0.7161687170474517,0,509,315.9493928742631,0.193133393829402,0.19911751733189378,0.0,0.5090744101633394,0.00892316999395035,0.5090744101633394,500,0.5,147,0.5090744101633394,0,509,193.12341197822195,0.1486080402010061,0.15133361443182028,0.0,0.3266331658291457,0.0,0.3266331658291457,494,0.494,293,0.3266331658291457,0,509,148.48492462311665,0
21,92,2024-02-06,0.3060214890557599,0.3103675849875714,0.0,0.6711135964211535,0.14734781914043776,0.6711135964211535,504,0.504,390,0.6711135964211535,0,509,306.00702987697696,0.19671869328493605,0.20212641939859521,0.0,0.5090744101633394,0.00892316999395035,0.5090744101633394,500,0.5,147,0.5090744101633394,0,509,196.70871143375615,0.1536834170854282,0.1564717216843888,0.0,0.3266331658291457,0.0,0.3266331658291457,494,0.494,163,0.3266331658291457,0,509,153.56030150753872,0
21,93,2024-02-06,0.3144362517974099,0.3194730469191201,0.0,0.7042658571656815,0.1518613196996325,0.7042658571656815,504,0.504,307,0.7042658571656815,0,509,314.422471640837,0.19447882637628547,0.20204409701668963,0.0,0.5060496067755595,0.0098306110102843,0.5060496067755595,500,0.5,167,0.5060496067755595,0,509,194.46687840290392,0.14743216080402122,0.15016031255521511,0.0,0.3266331658291457,0.0,0.3266331658291457,494,0.494,312,0.3266331658291457,0,509,147.30904522613173,0
21,94,2024-02-06,0.30814107684933667,0.31323121613415716,0.0,0.6779837034670075,0.1435532832720882,0.6779837034670075,504,0.504,170,0.6779837034670075,0,509,308.12645790062373,0.20515396249243756,0.20861689641965941,0.0,0.5,0.0087719298245614,0.5,500,0.5,163,0.5,0,509,205.14413188142726,0.15288442211055392,0.1557497317491293,0.0,0.3266331658291457,0.0,0.3266331658291457,494,0.494,176,0.3266331658291457,0,509,152.76130653266443,0
21,95,2024-02-06,0.35982169675667025,0.29865127194472213,0.0,0.6546572934973638,0.4801086435532832,0.6546572934973638,604,0.604,453,0.6546572934973638,0,609,359.8024444799491,0.23259770114942563,0.19540111631181808,0.0,0.4367816091954023,0.30943738656987296,0.4367816091954023,600,0.6,250,0.4367816091954023,0,609,232.5892316999392,0.1690653266331661,0.14012635248856883,0.0,0.3165829145728643,0.2663316582914573,0.3165829145728643,594,0.594,607,0.3165829145728643,0,609,168.94221105527643,0
21,96,2024-02-06,0.3220610321137558,0.2892857416235527,0.0,0.6204665281993929,0.4720402620226873,0.6204665281993929,564,0.564,516,0.6204665281993929,0,569,322.04765138200935,0.26055807622504473,0.2351452977345739,0.0,0.5535390199637024,0.4101633393829401,0.5535390199637024,560,0.56,133,0.5535390199637024,0,569,260.54506957047755,0.1585376884422112,0.1428267297654274,0.0,0.3165829145728643,0.2663316582914573,0.3165829145728643,553,0.553,567,0.3165829145728643,0,567,158.41457286432163,0
21,97,2024-02-06,0.477300926665601,0.3826663597912813,0.0,0.8981466687969324,0.7678542898226554,0.8981466687969324,615,0.615,49,0.8981466687969324,0,629,477.2604249880184,0.2691675741076825,0.2194226020723708,0.0,0.5562613430127041,0.3950393224440411,0.5562613430127041,610,0.61,49,0.5562613430127041,0,629,269.15018148820235,0.17161306532663503,0.13907058544736678,0.0,0.3165829145728643,0.2814070351758794,0.3165829145728643,604,0.604,627,0.3165829145728643,0,629,171.48994974874557,0
21,98,2024-02-06,0.26924620546413075,0.28895393462841995,0.0,0.6216648026841348,0.0,0.6216648026841348,474,0.474,182,0.6216648026841348,0,479,269.2315865154176,0.18708862673926205,0.2030065829461574,0.0,0.5090744101633394,0.0,0.5090744101633394,470,0.47,152,0.5090744101633394,0,479,187.0766787658803,0.13075376884422218,0.14066848092131146,0.0,0.3165829145728643,0.0,0.3165829145728643,464,0.464,477,0.3165829145728643,0,479,130.63065326633273,0
21,99,2024-02-06,0.46243385524844044,0.340716044928381,0.0,0.8885604729189966,0.6969164403259307,0.8885604729189966,655,0.655,47,0.8885604729189966,0,659,462.3903179421636,0.2532147610405326,0.19292857146813122,0.0,0.5653357531760436,0.3348457350272232,0.5653357531760436,650,0.65,48,0.5653357531760436,0,659,253.19706594071388,0.18278391959799203,0.1360228387859812,0.0,0.3165829145728643,0.2864321608040201,0.3165829145728643,644,0.644,657,0.3165829145728643,0,659,182.66080402010252,0
21,100,2024-02-06,0.3148834478351174,0.3068879550320787,0.0,0.6560952228790542,0.4688049209138839,0.6560952228790542,524,0.524,244,0.6560952228790542,0,529,314.8692682537156,0.2275105868118571,0.22330291851810155,0.0,0.5562613430127041,0.3708408953418027,0.5562613430127041,520,0.52,134,0.5562613430127041,0,529,227.49863883847533,0.14531658291457422,0.141415399066202,0.0,0.3165829145728643,0.2663316582914573,0.3165829145728643,514,0.514,527,0.3165829145728643,0,529,145.19346733668473,0
21,101,2024-02-06,0.5539661287745647,0.3212179505397454,0.0,0.9385684614155616,0.7287905416200671,0.9385684614155616,755,0.755,31,0.9385684614155616,0,769,553.9256670394624,0.36804506957047795,0.2262805135127762,0.0,0.8735632183908046,0.4401088929219601,0.8735632183908046,750,0.75,21,0.8735632183908046,0,769,368.02797943133805,0.2139547738693469,0.12619591006437922,0.0,0.3165829145728643,0.2864321608040201,0.3165829145728643,744,0.744,767,0.3165829145728643,0,769,213.831658291457,0
21,102,2024-02-06,0.30850143792938123,0.2881350895890619,0.0,0.6220642275123822,0.4708419875379454,0.6220642275123822,544,0.544,313,0.6220642275123822,0,549,308.4868189806674,0.23267755595886253,0.2198280077594098,0.0,0.5353901996370236,0.3569267997580157,0.5353901996370236,540,0.54,43,0.5353901996370236,0,549,232.6660617059888,0.1508492462311573,0.14108514640062356,0.0,0.3165829145728643,0.2663316582914573,0.3165829145728643,534,0.534,547,0.3165829145728643,0,549,150.7261306532678,0
21,103,2024-02-06,0.5408473398306443,0.33055503955911814,0.0,0.899105288384726,0.7298290461735102,0.899105288384726,734,0.734,49,0.899105288384726,0,749,540.8067982105763,0.3515051421657603,0.2307411952566009,0.0,0.8796128251663642,0.4292196007259528,0.8796128251663642,730,0.73,49,0.8796128251663642,0,749,351.48790078644925,0.20569849246231406,0.12714636815249766,0.0,0.3165829145728643,0.2864321608040201,0.3165829145728643,724,0.724,747,0.3165829145728643,0,749,205.5753768844246,1
21,104,2024-02-06,0.3676191883687489,0.30626436361658,0.0,0.6755072695318741,0.4794695638280875,0.6755072695318741,603,0.603,608,0.6755072695318741,0,609,367.59933695478486,0.23629824561403442,0.19897092565042046,0.0,0.4428312159709618,0.3015728977616455,0.4428312159709618,600,0.6,281,0.4428312159709618,0,609,236.28705384150044,0.16789949748743832,0.13909147029985108,0.0,0.3165829145728643,0.2663316582914573,0.3165829145728643,594,0.594,607,0.3165829145728643,0,609,167.77638190954883,0
21,105,2024-02-06,0.499603131490653,0.33037467290999273,0.0,0.7605048729829046,0.7217606646429142,0.7605048729829046,704,0.704,657,0.7605048729829046,0,709,499.5762901421939,0.30026315789473534,0.20142408257602668,0.0,0.4818511796733212,0.4098608590441621,0.4818511796733212,700,0.7,297,0.4818511796733212,0,709,300.24894131881314,0.19795979899497723,0.13193560537075036,0.0,0.3266331658291457,0.2864321608040201,0.3266331658291457,694,0.694,665,0.3266331658291457,0,709,197.83668341708773,1
21,106,2024-02-06,0.4689893752995688,0.33971071620903326,0.0,0.763141076849337,0.689846620865953,0.763141076849337,664,0.664,478,0.763141076849337,0,679,468.9624540661464,0.2621415607985482,0.1942301373167636,0.0,0.4818511796733212,0.337568058076225,0.4818511796733212,660,0.66,198,0.4818511796733212,0,679,262.12734422262565,0.19263316582914783,0.14127293645522598,0.0,0.3266331658291457,0.2814070351758794,0.3266331658291457,654,0.654,487,0.3266331658291457,0,679,192.51005025125835,0
21,107,2024-02-06,0.4703813708260078,0.3101714371088823,0.0,0.7088193002077009,0.6754273845662246,0.7088193002077009,704,0.704,701,0.7088193002077009,0,709,470.3536108004475,0.3566007259528118,0.23950071563129566,0.0,0.6291591046581972,0.4736842105263157,0.6291591046581972,700,0.7,21,0.6291591046581972,0,709,356.5860556563824,0.19939698492462296,0.13281603817865814,0.0,0.3165829145728643,0.2864321608040201,0.3165829145728643,694,0.694,707,0.3165829145728643,0,709,199.27386934673325,0
21,108,2024-02-06,0.43767287106566644,0.28956958042496017,0.0,0.6630452148905576,0.6370826010544816,0.6630452148905576,703,0.703,207,0.6630452148905576,0,709,437.6495047132135,0.35955353901996384,0.24512155673919492,0.0,0.6802782819116757,0.4629461584996975,0.6802782819116757,700,0.7,181,0.6802782819116757,0,709,359.54022988505704,0.21437185929648442,0.14418419151838668,0.0,0.3266331658291457,0.271356783919598,0.3266331658291457,694,0.694,219,0.3266331658291457,0,709,214.24874371859494,0
21,109,2024-02-06,0.4803741811791027,0.31619486822051923,0.0,0.7251158332001917,0.6852532353411088,0.7251158332001917,704,0.704,624,0.7251158332001917,0,709,480.3486179900939,0.29972262552934065,0.19914849190842482,0.0,0.469751966122202,0.4162129461584997,0.469751966122202,700,0.7,311,0.469751966122202,0,709,299.7070477918931,0.19680402010050357,0.13102123521271147,0.0,0.3165829145728643,0.2763819095477386,0.3165829145728643,694,0.694,707,0.3165829145728643,0,709,196.68090452261384,0
21,110,2024-02-06,0.48498282473238413,0.31916002207057903,0.0,0.7258347978910369,0.6987537945358684,0.7258347978910369,704,0.704,673,0.7258347978910369,0,709,484.9543856846137,0.3024113732607372,0.20260091815611356,0.0,0.4939503932244404,0.4140955837870538,0.4939503932244404,700,0.7,314,0.4939503932244404,0,709,302.39685420447694,0.19773869346733708,0.13171059416055203,0.0,0.3165829145728643,0.2763819095477386,0.3165829145728643,694,0.694,707,0.3165829145728643,0,709,197.61557788944734,0
21,111,2024-02-06,0.30911767055440226,0.31372008359776715,0.0,0.6760664642914204,0.1431538584438408,0.6760664642914204,504,0.504,371,0.6760664642914204,0,509,309.1044495925867,0.19696007259528195,0.20339975843223218,0.0,0.514216575922565,0.00907441016333935,0.514216575922565,500,0.5,148,0.514216575922565,0,509,196.95009074410163,0.15365829145728752,0.15644983701245924,0.0,0.3266331658291457,0.0,0.3266331658291457,494,0.494,163,0.3266331658291457,0,509,153.53517587939803,0
21,112,2024-02-06,0.4369038983863231,0.3506290276164702,0.0,0.8880811631250999,0.6965170154976833,0.8880811631250999,615,0.615,28,0.8880811631250999,0,619,436.8673510145392,0.2627534785238954,0.21434959381798788,0.0,0.5562613430127041,0.3950393224440411,0.5562613430127041,610,0.61,28,0.5562613430127041,0,619,262.7360859044157,0.17254271356784018,0.13994745755637303,0.0,0.3165829145728643,0.2763819095477386,0.3165829145728643,604,0.604,617,0.3165829145728643,0,619,172.4195979899504,0
21,113,2024-02-06,0.30374596580923546,0.30831991533295094,0.0,0.6723118709058955,0.14367311072056238,0.6723118709058955,504,0.504,189,0.6723118709058955,0,509,303.73146668796954,0.2017613430127041,0.20522396330741452,0.0,0.4939503932244404,0.0086206896551724,0.4939503932244404,500,0.5,179,0.4939503932244404,0,509,201.74969751966125,0.15201005025125738,0.154901035991497,0.0,0.3266331658291457,0.0,0.3266331658291457,494,0.494,195,0.3266331658291457,0,509,151.8869346733679,0
21,114,2024-02-06,0.42796828566863565,0.34365194222161266,0.0,0.9014219523885604,0.6858124301006551,0.9014219523885604,615,0.615,27,0.9014219523885604,0,619,427.927664163603,0.251418027828192,0.2089782640441587,0.0,0.5955837870538415,0.3151845130066545,0.5955837870538415,610,0.61,21,0.5955837870538415,0,619,251.40063520871175,0.17659798994975,0.14392634867733564,0.0,0.3266331658291457,0.271356783919598,0.3266331658291457,604,0.604,481,0.3266331658291457,0,619,176.47487437186052,0
21,115,2024-02-06,0.25652811950790844,0.27472208703622425,0.0,0.5845981786227832,0.0,0.5845981786227832,474,0.474,129,0.5845981786227832,0,479,256.51433935133383,0.18151966122202062,0.19462451075290102,0.0,0.4337568058076225,0.0,0.4337568058076225,470,0.47,19,0.4337568058076225,0,479,181.50771324863896,0.132130653266332,0.14226853642373055,0.0,0.3165829145728643,0.0,0.3165829145728643,464,0.464,477,0.3165829145728643,0,479,132.0075376884425,0
21,117,2024-02-06,0.337292458859242,0.30320031293512245,0.0,0.6489055759706023,0.4860201310113436,0.6489055759706023,564,0.564,458,0.6489055759706023,0,569,337.27975714970455,0.27566212946158486,0.24920991612982732,0.0,0.5865093768905021,0.425589836660617,0.5865093768905021,560,0.56,138,0.5865093768905021,0,569,275.65063520871166,0.1565427135678408,0.14088402778569054,0.0,0.3165829145728643,0.271356783919598,0.3165829145728643,553,0.553,567,0.3165829145728643,0,567,156.41959798995134,0
21,118,2024-02-06,0.5265474516695938,0.2976218376850318,0.0,0.7324652500399425,0.6949992011503435,0.7324652500399425,764,0.764,646,0.7324652500399425,0,769,526.5186131969954,0.31191137326073837,0.18089849721284,0.0,0.4758015728977616,0.3989715668481549,0.4758015728977616,760,0.76,356,0.4758015728977616,0,769,311.89640048396944,0.2148592964824128,0.12343839852881228,0.0,0.3165829145728643,0.2864321608040201,0.3165829145728643,753,0.753,767,0.3165829145728643,0,767,214.73618090452302,0
21,119,2024-02-06,0.34209434414443246,0.30784536699954473,0.0,0.6575331522607445,0.4866592107365394,0.6575331522607445,564,0.564,391,0.6575331522607445,0,569,342.08140277999746,0.2739186327888691,0.24747252894029145,0.0,0.5955837870538415,0.4274047186932849,0.5955837870538415,560,0.56,161,0.5955837870538415,0,569,273.906987295826,0.1565879396984941,0.14088906278316762,0.0,0.3165829145728643,0.271356783919598,0.3165829145728643,553,0.553,567,0.3165829145728643,0,567,156.46482412060465,0
21,121,2024-02-06,0.6128352772008331,0.35416943087837105,0.0,0.8909570218884806,0.8175427384566225,0.8909570218884806,755,0.755,41,0.8909570218884806,0,779,612.7933775363485,0.3063109497882636,0.18462269733076836,0.0,0.5290381125226861,0.3714458560193587,0.5290381125226861,750,0.75,255,0.5290381125226861,0,779,306.29446460980046,0.22776381909547974,0.1356005150593142,0.0,0.3266331658291457,0.2864321608040201,0.3266331658291457,743,0.743,349,0.3266331658291457,0,777,227.64070351759028,0
21,122,2024-02-06,0.30960736539383193,0.28837634192093103,0.0,0.6092826330084679,0.4821057676945199,0.6092826330084679,544,0.544,349,0.6092826330084679,0,549,309.59298610001576,0.22293587416817925,0.2107057985906595,0.0,0.5323653962492438,0.3590441621294616,0.5323653962492438,540,0.54,166,0.5323653962492438,0,549,222.92453115547522,0.1516984924623124,0.14194825016393492,0.0,0.3165829145728643,0.2663316582914573,0.3165829145728643,534,0.534,547,0.3165829145728643,0,549,151.57537688442292,0
21,123,2024-02-06,0.30355400223677875,0.3081111773435328,0.0,0.6866911647227991,0.14535069499920109,0.6866911647227991,504,0.504,192,0.6866911647227991,0,509,303.5392235181343,0.19804809437386572,0.2040116955171307,0.0,0.5626134301270418,0.0087719298245614,0.5626134301270418,500,0.5,174,0.5626134301270418,0,509,198.03720508166958,0.15227135678392065,0.15508133624975118,0.0,0.3266331658291457,0.0,0.3266331658291457,494,0.494,198,0.3266331658291457,0,509,152.1482412060312,0
21,124,2024-02-06,0.32770562390158126,0.29396296858183313,0.0,0.6250998562070619,0.4829046173510145,0.6250998562070619,564,0.564,138,0.6250998562070619,0,569,327.6921632848694,0.2783814277071992,0.2530210753776493,0.0,0.6019358741681791,0.4222625529340593,0.6019358741681791,560,0.56,18,0.6019358741681791,0,569,278.36963097398717,0.17574371859296625,0.1587489815254754,0.0,0.3266331658291457,0.2763819095477386,0.3266331658291457,553,0.553,93,0.3266331658291457,0,567,175.6206030150768,0
21,125,2024-02-06,0.26369364115673366,0.28271497192597683,0.0,0.6193481386803004,0.0,0.6193481386803004,474,0.474,148,0.6193481386803004,0,479,263.67786387601836,0.16070689655172443,0.17299407258393404,0.0,0.4398064125831821,0.0,0.4398064125831821,470,0.47,131,0.4398064125831821,0,479,160.69661222020605,0.14382412060301603,0.15564862108326016,0.0,0.3266331658291457,0.0,0.3266331658291457,464,0.464,147,0.3266331658291457,0,479,143.70100502512656,0
21,126,2024-02-06,0.28351078447036304,0.2863241476866091,0.0,0.622543537306279,0.1403578846461096,0.622543537306279,504,0.504,274,0.622543537306279,0,509,283.4961655216486,0.18559770114942511,0.18799164409716937,0.0,0.4277071990320629,0.0066545674531155,0.4277071990320629,500,0.5,144,0.4277071990320629,0,509,185.58771929824604,0.1400603015075385,0.14191293004923516,0.0,0.3165829145728643,0.0,0.3165829145728643,494,0.494,507,0.3165829145728643,0,509,139.9371859296489,0
21,127,2024-02-06,0.3167982904617339,0.32119833501933287,0.0,0.7054641316504234,0.1465889119667678,0.7054641316504234,504,0.504,181,0.7054641316504234,0,509,316.7831123182613,0.21533545069570523,0.2182302971393156,0.0,0.5232909860859044,0.0071082879612825,0.5232909860859044,500,0.5,138,0.5232909860859044,0,509,215.32531760435612,0.1526331658291468,0.1554481920142346,0.0,0.3266331658291457,0.0,0.3266331658291457,494,0.494,188,0.3266331658291457,0,509,152.51005025125735,0
21,128,2024-02-06,0.2795106247004304,0.3005910627486996,0.0,0.6503435053522927,0.0,0.6503435053522927,474,0.474,417,0.6503435053522927,0,479,279.49532672950954,0.1725650332728373,0.18784697259361618,0.0,0.4246823956442831,0.0,0.4246823956442831,470,0.47,174,0.4246823956442831,0,479,172.55505142165774,0.14273366834170947,0.15439806100920808,0.0,0.3266331658291457,0.0,0.3266331658291457,464,0.464,186,0.3266331658291457,0,479,142.61055276382,0
21,129,2024-02-06,0.291522926985141,0.29490643682048223,0.0,0.6493848857644992,0.14766735900303554,0.6493848857644992,504,0.504,185,0.6493848857644992,0,509,291.5089471161522,0.21769570477918948,0.22618543983079983,0.0,0.5323653962492438,0.0083182093163944,0.5323653962492438,500,0.5,205,0.5323653962492438,0,509,217.68436176648495,0.14124623115577847,0.14321611002379925,0.0,0.3165829145728643,0.0,0.3165829145728643,494,0.494,507,0.3165829145728643,0,509,141.12311557788897,0
21,130,2024-02-06,0.29524380891516183,0.2989135650111052,0.0,0.6408371944400064,0.13692283112318254,0.6408371944400064,504,0.504,149,0.6408371944400064,0,509,295.2287505991369,0.21332123411978204,0.21702808037193966,0.0,0.5414398064125832,0.00741076830006045,0.5414398064125832,500,0.5,129,0.5414398064125832,0,509,213.31170598911055,0.15366834170854377,0.15652145922460162,0.0,0.3266331658291457,0.0,0.3266331658291457,494,0.494,157,0.3266331658291457,0,509,153.54522613065433,0
21,131,2024-02-06,0.2929306598498155,0.29680693783089723,0.0,0.6417958140278,0.14343345582361394,0.6417958140278,504,0.504,476,0.6417958140278,0,509,292.916839750758,0.22267392619479717,0.2298351914426213,0.0,0.5232909860859044,0.0081669691470054,0.5232909860859044,500,0.5,219,0.5232909860859044,0,509,222.66273442226282,0.14152763819095415,0.14359881011768663,0.0,0.3165829145728643,0.0,0.3165829145728643,494,0.494,507,0.3165829145728643,0,509,141.40452261306464,0
21,133,2024-02-06,0.23187034670075007,0.27455066188112076,0.0,0.6131969963252916,0.0,0.6131969963252916,424,0.424,228,0.6131969963252916,0,429,231.855887521968,0.15063127646702978,0.1841076584584283,0.0,0.5090744101633394,0.0,0.5090744101633394,420,0.42,149,0.5090744101633394,0,429,150.61932849364783,0.12415577889447307,0.14872446152337315,0.0,0.3266331658291457,0.0,0.3266331658291457,414,0.414,233,0.3266331658291457,0,429,124.03266331658364,0
22,0,2024-02-14,0.49750862757628916,0.3275636457249547,0.0,0.7525962613836076,0.7142514778718645,0.7525962613836076,704,0.704,674,0.7525962613836076,0,709,497.48354369707556,0.30502903811252297,0.2050353386849283,0.0,0.5381125226860254,0.4074410163339383,0.5381125226860254,700,0.7,164,0.5381125226860254,0,709,305.01330913490597,0.20098492462311493,0.1337393531857422,0.0,0.3165829145728643,0.2864321608040201,0.3165829145728643,694,0.694,707,0.3165829145728643,0,709,200.8618090452254,0
22,1,2024-02-14,0.4860142994088497,0.3198575090940907,0.0,0.7287106566544176,0.7001118389519092,0.7287106566544176,704,0.704,570,0.7287106566544176,0,709,485.98717846301344,0.3052453115547489,0.2033141516236845,0.0,0.469751966122202,0.4346642468239564,0.469751966122202,700,0.7,410,0.469751966122202,0,709,305.23064125831854,0.19879396984924685,0.13232773148316956,0.0,0.3165829145728643,0.2864321608040201,0.3165829145728643,694,0.694,707,0.3165829145728643,0,709,198.67085427135723,0
22,2,2024-02-14,0.4907298290461738,0.32337569685991885,0.0,0.736858923150663,0.7108164243489375,0.736858923150663,704,0.704,476,0.736858923150663,0,709,490.70238856047365,0.3115559588626741,0.2078699229919136,0.0,0.5090744101633394,0.4228675136116152,0.5090744101633394,700,0.7,73,0.5090744101633394,0,709,311.53992740471875,0.19788944723618274,0.1316563350961328,0.0,0.3165829145728643,0.2864321608040201,0.3165829145728643,694,0.694,707,0.3165829145728643,0,709,197.76633165829324,0
22,3,2024-02-14,0.3079511902859884,0.3002748414197324,0.0,0.6508228151461894,0.46580923470202906,0.6508228151461894,523,0.523,520,0.6508228151461894,0,529,307.9320578367152,0.21496370235934692,0.2171475916554074,0.0,0.5807622504537205,0.30852994555353896,0.5807622504537205,520,0.52,131,0.5807622504537205,0,529,214.95235934664254,0.14651256281407046,0.14272273875268368,0.0,0.3165829145728643,0.2663316582914573,0.3165829145728643,514,0.514,527,0.3165829145728643,0,529,146.38944723618096,0
22,4,2024-02-14,0.3054348138680301,0.29766253314524505,0.0,0.6501038504553444,0.4639718804920913,0.6501038504553444,523,0.523,520,0.6501038504553444,0,529,305.41572136124,0.20011494252873588,0.20002673322994535,0.0,0.5290381125226861,0.3112522686025408,0.5290381125226861,520,0.52,137,0.5290381125226861,0,529,200.10359951603158,0.14682914572864308,0.14304380355016402,0.0,0.3165829145728643,0.2663316582914573,0.3165829145728643,514,0.514,527,0.3165829145728643,0,529,146.70603015075358,0
22,5,2024-02-14,0.30368165841188727,0.30707635543319184,0.0,0.6597699312989296,0.13891995526441914,0.6597699312989296,504,0.504,135,0.6597699312989296,0,509,303.6660808435857,0.20840986085904442,0.21259866427712296,0.0,0.5505142165759226,0.0096793708408953,0.5505142165759226,500,0.5,128,0.5505142165759226,0,509,208.39700544464654,0.13986934673366921,0.14172853880802788,0.0,0.3165829145728643,0.0,0.3165829145728643,494,0.494,507,0.3165829145728643,0,509,139.7462311557797,0
22,6,2024-02-14,0.30418709058955196,0.3088851313078266,0.0,0.6670394631730309,0.1268173829685253,0.6670394631730309,504,0.504,275,0.6670394631730309,0,509,304.172711295734,0.21468784029038115,0.2186992945977091,0.0,0.5323653962492438,0.0072595281306715,0.5323653962492438,500,0.5,135,0.5323653962492438,0,509,214.67740471869328,0.13966331658291584,0.1417424093499116,0.0,0.3165829145728643,0.0,0.3165829145728643,493,0.493,507,0.3165829145728643,0,507,139.54020100502638,0
22,7,2024-02-14,0.5000211695158973,0.32907437265252437,0.0,0.886723118709059,0.6954785109442403,0.886723118709059,705,0.705,30,0.886723118709059,0,719,499.9846620865951,0.2900278281911689,0.1951691951139871,0.0,0.5716878402903811,0.3832425892316999,0.5716878402903811,700,0.7,44,0.5716878402903811,0,719,290.00998185118004,0.20090452261306438,0.1337889658629672,0.0,0.3165829145728643,0.2864321608040201,0.3165829145728643,694,0.694,717,0.3165829145728643,0,719,200.7814070351748,1
22,8,2024-02-14,0.3056822974916101,0.28504972782339744,0.0,0.6204665281993929,0.4696437130532034,0.6204665281993929,544,0.544,226,0.6204665281993929,0,549,305.66771848538076,0.20455142165759127,0.1941688796628184,0.0,0.5263157894736842,0.3402903811252268,0.5263157894736842,540,0.54,143,0.5263157894736842,0,549,204.5400786448873,0.16354271356784042,0.15422649856059548,0.0,0.3266331658291457,0.2663316582914573,0.3266331658291457,533,0.533,232,0.3266331658291457,0,547,163.419597989951,0
22,9,2024-02-14,0.31270514459178705,0.3167868050802702,0.0,0.6834957660968206,0.1433935133407892,0.6834957660968206,504,0.504,456,0.6834957660968206,0,509,312.69040581562564,0.2083614640048401,0.21208208388591904,0.0,0.5232909860859044,0.0081669691470054,0.5232909860859044,500,0.5,130,0.5232909860859044,0,509,208.35133091349087,0.14128140703517705,0.14372226292886012,0.0,0.3266331658291457,0.0,0.3266331658291457,493,0.493,462,0.3266331658291457,0,507,141.15829145728762,1
22,10,2024-02-14,0.49729653299248977,0.3270138508793033,0.0,0.8895190925067902,0.6976354050167758,0.8895190925067902,705,0.705,35,0.8895190925067902,0,719,497.2546732704903,0.3094195402298849,0.20721764977867627,0.0,0.5807622504537205,0.4165154264972777,0.5807622504537205,700,0.7,35,0.5807622504537205,0,719,309.4026013309139,0.19987939698492455,0.13311839716563556,0.0,0.3165829145728643,0.2864321608040201,0.3165829145728643,694,0.694,717,0.3165829145728643,0,719,199.75628140703503,0
22,11,2024-02-14,0.309044336155935,0.2882947291094872,0.0,0.630452148905576,0.4722000319539862,0.630452148905576,544,0.544,212,0.630452148905576,0,549,309.0295174948069,0.19953357531760463,0.1881962712616476,0.0,0.484875983061101,0.3396854204476709,0.484875983061101,540,0.54,155,0.484875983061101,0,549,199.5222323049003,0.16391959798995104,0.15457874537106336,0.0,0.3266331658291457,0.2663316582914573,0.3266331658291457,533,0.533,219,0.3266331658291457,0,547,163.79648241206158,0
22,12,2024-02-14,0.32693872823134695,0.3055218297897661,0.0,0.663444639718805,0.4858603610800447,0.663444639718805,544,0.544,201,0.663444639718805,0,549,326.92307077808056,0.20909165154265036,0.1959948016454227,0.0,0.4818511796733212,0.352994555353902,0.4818511796733212,540,0.54,161,0.4818511796733212,0,549,209.0812159709623,0.16438693467336812,0.1549798465431054,0.0,0.3266331658291457,0.2663316582914573,0.3266331658291457,533,0.533,207,0.3266331658291457,0,547,164.26381909547868,0
22,13,2024-02-14,0.47761966767854286,0.31511301778593737,0.0,0.8941524205144592,0.6627256750279598,0.8941524205144592,705,0.705,33,0.8941524205144592,0,709,477.57936571337194,0.301437386569873,0.20754747005873528,0.0,0.7078039927404719,0.3856624319419238,0.7078039927404719,700,0.7,20,0.7078039927404719,0,709,301.41938898971546,0.20029145728643205,0.13327253106388207,0.0,0.3165829145728643,0.2864321608040201,0.3165829145728643,694,0.694,707,0.3165829145728643,0,709,200.1683417085425,0
22,14,2024-02-14,0.22647435692602533,0.28043426779661124,0.0,0.6355647867071417,0.0,0.6355647867071417,404,0.404,206,0.6355647867071417,0,409,226.4606566544175,0.1344733817301873,0.1698896028122516,0.0,0.4818511796733212,0.0,0.4818511796733212,400,0.4,152,0.4818511796733212,0,409,134.4620387174833,0.1186834170854277,0.14818192120047025,0.0,0.3266331658291457,0.0,0.3266331658291457,394,0.394,212,0.3266331658291457,0,409,118.56030150753827,0
22,15,2024-02-14,0.3095520051126386,0.30181389856202234,0.0,0.6455504074133248,0.465809234702029,0.6455504074133248,523,0.523,514,0.6455504074133248,0,529,309.533032433296,0.19672141560798523,0.1943758018925183,0.0,0.4939503932244404,0.3073200241984271,0.4939503932244404,520,0.52,131,0.4939503932244404,0,529,196.71279491833,0.14691457286432152,0.1431104524518383,0.0,0.3165829145728643,0.2663316582914573,0.3165829145728643,514,0.514,527,0.3165829145728643,0,529,146.79145728643195,0
22,16,2024-02-14,0.3335528039622944,0.31319549846947253,0.0,0.6861319699632529,0.4735580763700271,0.6861319699632529,544,0.544,357,0.6861319699632529,0,549,333.5380252436493,0.21330822746521488,0.20329383223615768,0.0,0.4879007864488808,0.3130671506352087,0.4879007864488808,540,0.54,151,0.4879007864488808,0,549,213.29673321234156,0.1580000000000014,0.14887511478764803,0.0,0.3266331658291457,0.2663316582914573,0.3266331658291457,533,0.533,364,0.3266331658291457,0,547,157.87688442211194,0
22,17,2024-02-14,0.301894312190445,0.2937896064953919,0.0,0.641636044096501,0.4616951589710816,0.641636044096501,523,0.523,518,0.641636044096501,0,529,301.87545933855216,0.194246823956443,0.19086663243368857,0.0,0.4939503932244404,0.30626134301270413,0.4939503932244404,520,0.52,134,0.4939503932244404,0,529,194.2382032667874,0.147914572864321,0.14413298789324747,0.0,0.3165829145728643,0.2663316582914573,0.3165829145728643,514,0.514,527,0.3165829145728643,0,529,147.79145728643155,0
22,18,2024-02-14,0.25177288704265866,0.29934040525541367,0.0,0.6513021249400863,0.0,0.6513021249400863,424,0.424,360,0.6513021249400863,0,429,251.75886723118737,0.16139110707803964,0.19124985702064173,0.0,0.4519056261343013,0.0,0.4519056261343013,420,0.42,127,0.4519056261343013,0,429,161.38142770719932,0.12824120603015146,0.15344972963403858,0.0,0.3266331658291457,0.0,0.3266331658291457,414,0.414,144,0.3266331658291457,0,429,128.118090452262,0
22,19,2024-02-14,0.25386243808915115,0.3021330559634397,0.0,0.6799009426425947,0.0,0.6799009426425947,424,0.424,242,0.6799009426425947,0,429,253.84773925547276,0.15966485178463452,0.19367715566370403,0.0,0.4969751966122202,0.0,0.4969751966122202,420,0.42,176,0.4969751966122202,0,429,159.65320629159137,0.12394974874371925,0.14835107452286256,0.0,0.3266331658291457,0.0,0.3266331658291457,414,0.414,248,0.3266331658291457,0,429,123.8266331658298,0
22,20,2024-02-14,0.2654451190285986,0.2912588510894815,0.0,0.6310912286307717,0.0,0.6310912286307717,463,0.463,140,0.6310912286307717,0,469,265.42534749960043,0.1751352087114338,0.1939156989926029,0.0,0.4969751966122202,0.0,0.4969751966122202,460,0.46,133,0.4969751966122202,0,469,175.1264367816094,0.12995477386934629,0.14279738488138183,0.0,0.3165829145728643,0.0,0.3165829145728643,454,0.454,467,0.3165829145728643,0,469,129.83165829145685,0
22,21,2024-02-14,0.2677550726953191,0.29449129399140805,0.0,0.6661607285508867,0.0,0.6661607285508867,463,0.463,441,0.6661607285508867,0,469,267.7354209937693,0.16804355716878425,0.185295709623674,0.0,0.4667271627344223,0.0,0.4667271627344223,460,0.46,138,0.4667271627344223,0,469,168.03160919540213,0.13009547738693417,0.1429690789874726,0.0,0.3165829145728643,0.0,0.3165829145728643,454,0.454,467,0.3165829145728643,0,469,129.9723618090447,0
22,22,2024-02-14,0.22995925866751815,0.2848570252843467,0.0,0.6269372104169996,0.0,0.6269372104169996,404,0.404,199,0.6269372104169996,0,409,229.94451989135595,0.1467211131276469,0.18307163515792174,0.0,0.4637023593466424,0.0,0.4637023593466424,400,0.4,162,0.4637023593466424,0,409,146.7093163944342,0.1107788944723625,0.13781483534141398,0.0,0.3165829145728643,0.0,0.3165829145728643,394,0.394,407,0.3165829145728643,0,409,110.6557788944731,0
22,23,2024-02-14,0.31432992490813216,0.3079061421946817,0.0,0.6829365713372744,0.4526282153698674,0.6829365713372744,523,0.523,526,0.6829365713372744,0,529,314.3111918836878,0.19410193587416746,0.18901516955303105,0.0,0.4428312159709618,0.3216878402903811,0.4428312159709618,520,0.52,147,0.4428312159709618,0,529,194.09074410163382,0.14608040201005043,0.14234745842205695,0.0,0.3165829145728643,0.2663316582914573,0.3165829145728643,514,0.514,527,0.3165829145728643,0,529,145.9572864321609,0
22,24,2024-02-14,0.2364409650103856,0.29358597042035095,0.0,0.6533791340469723,0.0,0.6533791340469723,404,0.404,197,0.6533791340469723,0,409,236.42690525643073,0.15422232304900177,0.19245988400402947,0.0,0.5,0.0,0.5,400,0.4,147,0.5,0,409,154.21052631578956,0.11067336683417156,0.13763666120923565,0.0,0.3165829145728643,0.0,0.3165829145728643,394,0.394,407,0.3165829145728643,0,409,110.55025125628212,0
22,25,2024-02-14,0.31016288544495885,0.30271855346148574,0.0,0.6488256910049529,0.45670234861799003,0.6488256910049529,523,0.523,366,0.6488256910049529,0,529,310.143832880652,0.19553932244404107,0.19288768583279148,0.0,0.4727767695099819,0.30611010284331513,0.4727767695099819,520,0.52,139,0.4727767695099819,0,529,195.5310042347246,0.1456984924623126,0.1419072668400406,0.0,0.3165829145728643,0.2663316582914573,0.3165829145728643,514,0.514,527,0.3165829145728643,0,529,145.57537688442315,0
22,26,2024-02-14,0.23101214251477883,0.28630859709093226,0.0,0.6297331842147308,0.0,0.6297331842147308,404,0.404,196,0.6297331842147308,0,409,230.99736379613321,0.15000332728372648,0.1875998816834324,0.0,0.4727767695099819,0.0,0.4727767695099819,400,0.4,156,0.4727767695099819,0,409,149.99228675136095,0.11085929648241274,0.13788007782384984,0.0,0.3165829145728643,0.0,0.3165829145728643,394,0.394,407,0.3165829145728643,0,409,110.73618090452331,0
22,27,2024-02-14,0.31087026681578556,0.3039055469423165,0.0,0.6766256590509666,0.4511104010225276,0.6766256590509666,523,0.523,356,0.6766256590509666,0,529,310.85169356127227,0.18441439806412563,0.18722278776551624,0.0,0.4879007864488808,0.2610405323653962,0.4879007864488808,520,0.52,136,0.4879007864488808,0,529,184.4077434966724,0.1525376884422116,0.14929283530351692,0.0,0.3266331658291457,0.2663316582914573,0.3266331658291457,514,0.514,363,0.3266331658291457,0,529,152.4145728643222,0
22,28,2024-02-14,0.24786371624860143,0.293834590038294,0.0,0.645071097619428,0.0,0.645071097619428,424,0.424,136,0.645071097619428,0,429,247.84729988816073,0.16284754990925587,0.19325250354010018,0.0,0.4428312159709618,0.0,0.4428312159709618,420,0.42,129,0.4428312159709618,0,429,162.83711433756812,0.12752763819095544,0.15278010988249427,0.0,0.3266331658291457,0.0,0.3266331658291457,414,0.414,144,0.3266331658291457,0,429,127.404522613066,0
22,29,2024-02-14,0.31693177823933516,0.30999775218061915,0.0,0.6817382968525324,0.4598178622783192,0.6817382968525324,523,0.523,426,0.6817382968525324,0,529,316.9117271129576,0.18735904416212942,0.18356392918757072,0.0,0.4125831820931639,0.2988505747126437,0.4125831820931639,520,0.52,144,0.4125831820931639,0,529,187.34860859044187,0.1510351758793969,0.14756774576413642,0.0,0.3266331658291457,0.2663316582914573,0.3266331658291457,514,0.514,434,0.3266331658291457,0,529,150.91206030150744,0
22,30,2024-02-14,0.4883693880811623,0.3077552177752148,0.0,0.7332640996964371,0.6714331362837513,0.7332640996964371,724,0.724,712,0.7332640996964371,0,729,488.34498322415646,0.29718693284936565,0.18997572027701443,0.0,0.484875983061101,0.4047186932849365,0.484875983061101,720,0.72,42,0.484875983061101,0,729,297.17075015124067,0.2020201005025149,0.1281504771127397,0.0,0.3266331658291457,0.2814070351758794,0.3266331658291457,714,0.714,717,0.3266331658291457,0,729,201.89698492462546,0
22,31,2024-02-14,0.3031143153858437,0.30717697688802587,0.0,0.6656015337913405,0.142235181338872,0.6656015337913405,504,0.504,226,0.6656015337913405,0,509,303.0999760345112,0.21704839685420446,0.22416727626946092,0.0,0.5562613430127041,0.0086206896551724,0.5562613430127041,500,0.5,206,0.5562613430127041,0,509,217.0387174833639,0.14587939698492577,0.14846360117114746,0.0,0.3266331658291457,0.0,0.3266331658291457,494,0.494,357,0.3266331658291457,0,509,145.7562814070363,0
22,32,2024-02-14,0.44341620067103404,0.3564718311083264,0.0,0.8939127656175108,0.6835756510624701,0.8939127656175108,615,0.615,34,0.8939127656175108,0,629,443.37765617510826,0.2633393829401081,0.21678525017250824,0.0,0.6412583182093164,0.3796128251663642,0.6412583182093164,610,0.61,28,0.6412583182093164,0,629,263.3206291591053,0.1724824120603018,0.13999832470760618,0.0,0.3165829145728643,0.2663316582914573,0.3165829145728643,604,0.604,627,0.3165829145728643,0,629,172.3592964824123,0
22,33,2024-02-14,0.29829709218724987,0.2773714271925828,0.0,0.5848378335197316,0.4742770410608723,0.5848378335197316,544,0.544,292,0.5848378335197316,0,549,298.28215369867405,0.22029128856624364,0.20666383931923135,0.0,0.454930429522081,0.3402903811252268,0.454930429522081,540,0.54,252,0.454930429522081,0,549,220.28145795523258,0.14996482412060447,0.14052558302263488,0.0,0.3165829145728643,0.2663316582914573,0.3165829145728643,533,0.533,547,0.3165829145728643,0,547,149.84170854271503,0
22,34,2024-02-14,0.3764474356926037,0.3137687889330384,0.0,0.6877296692762422,0.4800287585876338,0.6877296692762422,603,0.603,489,0.6877296692762422,0,609,376.42858284070894,0.24629824561403516,0.20635439657471646,0.0,0.4969751966122202,0.3402903811252268,0.4969751966122202,600,0.6,183,0.4969751966122202,0,609,246.28660012099172,0.1675678391959817,0.1387131553282713,0.0,0.3165829145728643,0.271356783919598,0.3165829145728643,594,0.594,607,0.3165829145728643,0,609,167.4447236180922,0
22,35,2024-02-14,0.3681837354209924,0.3063418250271402,0.0,0.6750279597379774,0.4791500239654896,0.6750279597379774,603,0.603,585,0.6750279597379774,0,609,368.16524205144594,0.2430704779189363,0.20283165445308116,0.0,0.4758015728977616,0.3560193587416818,0.4758015728977616,600,0.6,162,0.4758015728977616,0,609,243.0621597096193,0.16918592964824222,0.14013234535715663,0.0,0.3165829145728643,0.271356783919598,0.3165829145728643,594,0.594,607,0.3165829145728643,0,609,169.06281407035272,0
22,36,2024-02-14,0.3240710177344626,0.29066699610479857,0.0,0.6174308995047132,0.4769931298929541,0.6174308995047132,564,0.564,156,0.6174308995047132,0,569,324.06378814507053,0.25663036902601344,0.23211625576803355,0.0,0.5774349667271628,0.4032062915910466,0.5774349667271628,560,0.56,150,0.5774349667271628,0,569,256.6214458560192,0.0,0.0,0.0,0.0,0.0,0.0,0,0.0,0,0.0,-1,-1,0.0,0
22,37,2024-02-14,0.47267582680939446,0.2962710833574966,0.0,0.6965969004633328,0.661048090749321,0.6965969004633328,724,0.724,267,0.6965969004633328,0,729,472.6471481067262,0.29179098608590287,0.18606015888342303,0.0,0.469751966122202,0.395946763460375,0.469751966122202,720,0.72,277,0.469751966122202,0,729,291.77631578947415,0.20160301507537923,0.12780968566428075,0.0,0.3165829145728643,0.2814070351758794,0.3165829145728643,714,0.714,727,0.3165829145728643,0,729,201.47989949748978,0
22,38,2024-02-14,0.4431599297012305,0.3559262282394978,0.0,0.8909570218884806,0.6882888640357885,0.8909570218884806,615,0.615,23,0.8909570218884806,0,629,443.119787505991,0.26430217785843935,0.216095332324075,0.0,0.5807622504537205,0.3871748336358137,0.5807622504537205,610,0.61,36,0.5807622504537205,0,629,264.2852389594676,0.17291457286432171,0.1403561667296869,0.0,0.3165829145728643,0.271356783919598,0.3165829145728643,604,0.604,627,0.3165829145728643,0,629,172.79145728643223,0
22,39,2024-02-14,0.24398138680300346,0.29004843479313647,0.0,0.6360440965010385,0.0,0.6360440965010385,424,0.424,300,0.6360440965010385,0,429,243.96768653139478,0.15194978826376274,0.18233183141000264,0.0,0.4246823956442831,0.0,0.4246823956442831,420,0.42,193,0.4246823956442831,0,429,151.93980641258304,0.11666331658291537,0.13892571625696062,0.0,0.3165829145728643,0.0,0.3165829145728643,414,0.414,427,0.3165829145728643,0,429,116.54020100502595,0
22,40,2024-02-14,0.2950821217446876,0.298244477950806,0.0,0.6384406454705225,0.1564547052244767,0.6384406454705225,504,0.504,368,0.6384406454705225,0,509,295.06838153059573,0.19746944948578304,0.20444556066248804,0.0,0.4579552329098608,0.00892316999395035,0.4579552329098608,500,0.5,348,0.4579552329098608,0,509,197.45961887477304,0.13944723618090576,0.14125175854279348,0.0,0.3165829145728643,0.0,0.3165829145728643,494,0.494,507,0.3165829145728643,0,509,139.32412060301633,0
22,41,2024-02-14,0.24785293177823978,0.30861999983031646,0.0,0.6984342546732705,0.0,0.6984342546732705,404,0.404,276,0.6984342546732705,0,409,247.83783351973224,0.14974500907440982,0.18810640093469752,0.0,0.4519056261343013,0.0,0.4519056261343013,400,0.4,226,0.4519056261343013,0,409,149.7353297035692,0.11098994974874446,0.13774486528698981,0.0,0.3165829145728643,0.0,0.3165829145728643,394,0.394,407,0.3165829145728643,0,409,110.86683417085501,0
22,42,2024-02-14,0.2466209458379931,0.3071678777706422,0.0,0.6975555200511264,0.0,0.6975555200511264,404,0.404,255,0.6975555200511264,0,409,246.60592746445172,0.14901270417422846,0.18745083006841426,0.0,0.454930429522081,0.0,0.454930429522081,400,0.4,225,0.454930429522081,0,409,149.0028735632185,0.111045226130654,0.1378156984462003,0.0,0.3165829145728643,0.0,0.3165829145728643,394,0.394,407,0.3165829145728643,0,409,110.92211055276455,0
22,43,2024-02-14,0.45074412845502515,0.2966110157928677,0.0,0.6834158811311711,0.6244607764818662,0.6834158811311711,704,0.704,700,0.6834158811311711,0,709,450.7160089471161,0.28955021173623813,0.19273226575029,0.0,0.4519056261343013,0.4001814882032667,0.4519056261343013,700,0.7,180,0.4519056261343013,0,709,289.53508771929785,0.19703517587939795,0.13121332417479178,0.0,0.3165829145728643,0.2864321608040201,0.3165829145728643,694,0.694,707,0.3165829145728643,0,709,196.91206030150838,0
22,44,2024-02-14,0.4750088672311819,0.3134013917528797,0.0,0.7203227352612238,0.6863716248602013,0.7203227352612238,704,0.704,613,0.7203227352612238,0,709,474.980627895828,0.29524863883847496,0.19670693970814485,0.0,0.4879007864488808,0.4071385359951603,0.4879007864488808,700,0.7,56,0.4879007864488808,0,709,295.2324561403513,0.195984924623118,0.1303362019635533,0.0,0.3165829145728643,0.2814070351758794,0.3165829145728643,694,0.694,707,0.3165829145728643,0,709,195.8618090452285,0
22,45,2024-02-14,0.30204857005911534,0.3077472967811193,0.0,0.6757469244288224,0.1250199712414123,0.6757469244288224,503,0.503,349,0.6757469244288224,0,509,302.02863876018586,0.20172413793103433,0.20692335531794925,0.0,0.4609800362976406,0.0099818511796733,0.4609800362976406,500,0.5,276,0.4609800362976406,0,509,201.71415607985494,0.13932663316582977,0.1412728006086581,0.0,0.3165829145728643,0.0,0.3165829145728643,494,0.494,507,0.3165829145728643,0,509,139.2035175879403,0
22,46,2024-02-14,0.2977541140757309,0.30331756227521656,0.0,0.6697555520051126,0.1239015817223198,0.6697555520051126,503,0.503,466,0.6697555520051126,0,509,297.73566064866606,0.20024652147610378,0.20497646939764647,0.0,0.4579552329098608,0.0098306110102843,0.4579552329098608,500,0.5,283,0.4579552329098608,0,509,200.2348759830611,0.13937688442211088,0.14134690517423032,0.0,0.3165829145728643,0.0,0.3165829145728643,494,0.494,507,0.3165829145728643,0,509,139.2537688442214,0
22,47,2024-02-14,0.4898878415082262,0.32303936029035907,0.0,0.7454864994408053,0.6957181658411887,0.7454864994408053,704,0.704,656,0.7454864994408053,0,709,489.8615593545287,0.2902301875378102,0.19400981971400644,0.0,0.4667271627344223,0.4044162129461585,0.4667271627344223,700,0.7,276,0.4667271627344223,0,709,290.21370235934717,0.19912060301507709,0.13278226498937856,0.0,0.3266331658291457,0.2864321608040201,0.3266331658291457,694,0.694,661,0.3266331658291457,0,709,198.9974874371876,1
22,48,2024-02-14,0.27258619587793526,0.2928066656542908,0.0,0.630452148905576,0.0,0.630452148905576,474,0.474,144,0.630452148905576,0,479,272.57261543377484,0.1989019963702367,0.2182441456262817,0.0,0.5898366606170599,0.0,0.5898366606170599,470,0.47,31,0.5898366606170599,0,479,198.89050211736236,0.1439849246231165,0.1559848363948283,0.0,0.3266331658291457,0.0,0.3266331658291457,463,0.463,150,0.3266331658291457,0,477,143.86180904522706,0
22,49,2024-02-14,0.3023764978431069,0.32010396882762976,0.0,0.9078127496405176,0.0,0.9078127496405176,486,0.486,57,0.9078127496405176,0,499,302.35337114554915,0.18405353901996346,0.20810819510830322,0.0,0.8076225045372051,0.0,0.8076225045372051,480,0.48,10,0.8076225045372051,0,499,184.0378100423469,0.13338190954773946,0.14094381410109993,0.0,0.3165829145728643,0.0,0.3165829145728643,473,0.473,497,0.3165829145728643,0,497,133.25879396985002,0
22,50,2024-02-14,0.3108419875379463,0.33943877375446,0.0,0.876577728071577,0.0,0.876577728071577,466,0.466,11,0.876577728071577,0,479,310.81095222879145,0.19015849969751975,0.21565278320315998,0.0,0.7138535995160314,0.0,0.7138535995160314,460,0.46,11,0.7138535995160314,0,479,190.13611615244994,0.12925628140703635,0.14255925516713103,0.0,0.5025125628140703,0.0,0.5025125628140703,454,0.454,334,0.5025125628140703,0,479,129.13316582914686,0
22,51,2024-02-14,0.28497140118229725,0.31403860303008324,0.0,0.8793737018693082,0.0,0.8793737018693082,465,0.465,11,0.8793737018693082,0,479,284.9403658731431,0.18504506957047898,0.20884215439530904,0.0,0.677555958862674,0.0,0.677555958862674,460,0.46,18,0.677555958862674,0,479,185.02253478523943,0.1287537688442209,0.14147965370259902,0.0,0.3165829145728643,0.0,0.3165829145728643,454,0.454,477,0.3165829145728643,0,479,128.63065326633142,0
22,52,2024-02-14,0.324449273046813,0.31577382947060684,0.0,0.6799808276082441,0.4960057517175267,0.6799808276082441,524,0.524,370,0.6799808276082441,0,529,324.43597220003215,0.20647519661222,0.205530449082958,0.0,0.5290381125226861,0.3049001814882032,0.5290381125226861,520,0.52,133,0.5290381125226861,0,529,206.46385359951566,0.15128140703517706,0.1482141168503422,0.0,0.3266331658291457,0.271356783919598,0.3266331658291457,513,0.513,377,0.3266331658291457,0,527,151.15829145728762,1
22,53,2024-02-14,0.4382748042818345,0.3524452731214063,0.0,0.8862438089151622,0.6707940565585557,0.8862438089151622,615,0.615,34,0.8862438089151622,0,629,438.2313868030027,0.26567453115547446,0.21693810810128497,0.0,0.617059891107078,0.4041137326073805,0.617059891107078,610,0.61,34,0.617059891107078,0,629,265.6563823351484,0.1709748743718604,0.13873910690338476,0.0,0.3165829145728643,0.2663316582914573,0.3165829145728643,604,0.604,627,0.3165829145728643,0,629,170.85175879397096,0
22,54,2024-02-14,0.40790421792618486,0.3286956831821176,0.0,0.8897587474037386,0.6454705224476753,0.8897587474037386,615,0.615,17,0.8897587474037386,0,629,407.8623582041869,0.24647882637628557,0.20132955630525695,0.0,0.5535390199637024,0.3623714458560194,0.5535390199637024,610,0.61,47,0.5535390199637024,0,629,246.46158499697515,0.17137688442211216,0.1389127957719195,0.0,0.3165829145728643,0.2763819095477386,0.3165829145728643,604,0.604,627,0.3165829145728643,0,629,171.25376884422272,0
22,55,2024-02-14,0.4327612238376722,0.34767924952820284,0.0,0.8832081802204825,0.6788624380891516,0.8832081802204825,615,0.615,28,0.8832081802204825,0,629,432.71968365553397,0.25406987295825767,0.20751383457665326,0.0,0.5535390199637024,0.3732607380520266,0.5535390199637024,610,0.61,45,0.5535390199637024,0,629,254.05263157894754,0.17144723618090574,0.13906948481978418,0.0,0.3165829145728643,0.271356783919598,0.3165829145728643,604,0.604,627,0.3165829145728643,0,629,171.3241206030163,0
22,56,2024-02-14,0.4306578526921233,0.3462439697066396,0.0,0.886723118709059,0.6658811311711136,0.886723118709059,615,0.615,34,0.886723118709059,0,629,430.6161527400541,0.2582988505747126,0.21027348030106446,0.0,0.5955837870538415,0.397156684815487,0.5955837870538415,610,0.61,34,0.5955837870538415,0,629,258.28145795523204,0.17157788944723726,0.13921260209516487,0.0,0.3165829145728643,0.2663316582914573,0.3165829145728643,604,0.604,627,0.3165829145728643,0,629,171.4547738693478,0
22,57,2024-02-14,0.4330130212494003,0.3476595320766276,0.0,0.8908771369228311,0.6874900143792938,0.8908771369228311,615,0.615,49,0.8908771369228311,0,629,432.97271928422964,0.252200846944949,0.20506337234456068,0.0,0.5928614640048396,0.38687235329703573,0.5928614640048396,610,0.61,46,0.5928614640048396,0,629,252.18345432546968,0.17317587939698578,0.14045927796858235,0.0,0.3165829145728643,0.2763819095477386,0.3165829145728643,604,0.604,627,0.3165829145728643,0,629,173.05276381909633,0
22,58,2024-02-14,0.3125371465090268,0.3044909382759905,0.0,0.6707141715929062,0.4695238856047292,0.6707141715929062,524,0.524,168,0.6707141715929062,0,529,312.52268733024545,0.2137338173018755,0.20835582143596704,0.0,0.5199637023593466,0.3691772534785238,0.5199637023593466,520,0.52,132,0.5199637023593466,0,529,213.72262552934083,0.15961306532663433,0.1564566897427486,0.0,0.3266331658291457,0.271356783919598,0.3266331658291457,513,0.513,175,0.3266331658291457,0,527,159.4899497487449,0
22,59,2024-02-14,0.43733032433296004,0.35093556723679414,0.0,0.8965489694839431,0.6996325291580124,0.8965489694839431,615,0.615,30,0.8965489694839431,0,629,437.28990254034164,0.25700544464610026,0.21097792660056555,0.0,0.6439806412583182,0.3862673926194797,0.6439806412583182,610,0.61,24,0.6439806412583182,0,629,256.98790078644925,0.17238190954773963,0.1397694754769218,0.0,0.3165829145728643,0.2763819095477386,0.3165829145728643,604,0.604,627,0.3165829145728643,0,629,172.2587939698502,0
22,60,2024-02-14,0.4918658731426752,0.32450261156550264,0.0,0.7492410928263301,0.6963572455663845,0.7492410928263301,704,0.704,708,0.7492410928263301,0,709,491.8394312190441,0.293317604355715,0.19465330304501882,0.0,0.4637023593466424,0.4107683000604961,0.4637023593466424,700,0.7,235,0.4637023593466424,0,709,293.3012704174227,0.1971457286432179,0.1311956442234487,0.0,0.3165829145728643,0.2864321608040201,0.3165829145728643,694,0.694,707,0.3165829145728643,0,709,197.0226130653284,1
22,61,2024-02-14,0.31955064706822184,0.29899675000294296,0.0,0.6374021409170794,0.4723598018852852,0.6374021409170794,544,0.544,346,0.6374021409170794,0,549,319.53690685412994,0.22098880822746517,0.20696584130336354,0.0,0.484875983061101,0.3684210526315789,0.484875983061101,540,0.54,136,0.484875983061101,0,549,220.97746521476085,0.15084422110552914,0.14135667459225856,0.0,0.3165829145728643,0.2663316582914573,0.3165829145728643,533,0.533,547,0.3165829145728643,0,547,150.72110552763965,0
22,62,2024-02-14,0.3217297491612086,0.31430178868520603,0.0,0.6791020929861,0.4686850934654098,0.6791020929861,523,0.523,293,0.6791020929861,0,529,321.7111359642117,0.2050943738656987,0.2014542614700326,0.0,0.5172413793103449,0.31533575317604357,0.5172413793103449,520,0.52,133,0.5172413793103449,0,529,205.08333333333334,0.14554773869346868,0.1416324953650808,0.0,0.3165829145728643,0.271356783919598,0.3165829145728643,514,0.514,527,0.3165829145728643,0,529,145.4246231155792,0
22,63,2024-02-14,0.36202500399424764,0.3006343514354146,0.0,0.6520210896309314,0.480747723278479,0.6520210896309314,603,0.603,335,0.6520210896309314,0,609,362.00583160249255,0.2767114337568052,0.23213417337851744,0.0,0.5898366606170599,0.4162129461584997,0.5898366606170599,600,0.6,148,0.5898366606170599,0,609,276.6999395039322,0.1681005025125646,0.1391318989699225,0.0,0.3165829145728643,0.271356783919598,0.3165829145728643,594,0.594,607,0.3165829145728643,0,609,167.9773869346751,0
22,64,2024-02-14,0.2850561591308511,0.3057955013893474,0.0,0.6575331522607445,0.0,0.6575331522607445,474,0.474,452,0.6575331522607445,0,479,285.04070138999856,0.17646733212341176,0.18986652897171555,0.0,0.4186327888687235,0.0,0.4186327888687235,470,0.47,232,0.4186327888687235,0,479,176.457501512401,0.12975879396985032,0.13963071961483003,0.0,0.3165829145728643,0.0,0.3165829145728643,464,0.464,477,0.3165829145728643,0,479,129.63567839196082,0
22,64,2024-02-14,0.2701202268733031,0.289688388729657,0.0,0.616711934813868,0.0,0.616711934813868,474,0.474,270,0.616711934813868,0,479,270.1093625179737,0.16054779189352722,0.1734763979340479,0.0,0.4277071990320629,0.0,0.4277071990320629,470,0.47,136,0.4277071990320629,0,479,160.54113732607368,0.0,0.0,0.0,0.0,0.0,0.0,0,0.0,0,0.0,-1,-1,0.0,0
22,65,2024-02-14,0.308648106726314,0.3007748864725905,0.0,0.6558555679821058,0.4698833679501518,0.6558555679821058,524,0.524,403,0.6558555679821058,0,529,308.630052724078,0.19931457955232912,0.1958831327174538,0.0,0.5060496067755595,0.322746521476104,0.5060496067755595,520,0.52,136,0.5060496067755595,0,529,199.3056563823353,0.14693969849246252,0.1431629028488249,0.0,0.3165829145728643,0.2663316582914573,0.3165829145728643,514,0.514,527,0.3165829145728643,0,529,146.81658291457305,0
22,66,2024-02-14,0.36887753634765835,0.3060621792597448,0.0,0.6635245246844543,0.48789742770410605,0.6635245246844543,603,0.603,229,0.6635245246844543,0,609,368.85932257549086,0.2643820326678759,0.2226624421955809,0.0,0.5535390199637024,0.3862673926194797,0.5535390199637024,600,0.6,169,0.5535390199637024,0,609,264.3734119782211,0.170673366834171,0.14131477991901745,0.0,0.3165829145728643,0.2763819095477386,0.3165829145728643,594,0.594,607,0.3165829145728643,0,609,170.55025125628123,0
22,67,2024-02-14,0.29788480587953275,0.30181545312790353,0.0,0.6560952228790542,0.13376737498002875,0.6560952228790542,504,0.504,159,0.6560952228790542,0,509,297.87066624061384,0.20974894131881436,0.21253230118257757,0.0,0.5471869328493648,0.0084694494857834,0.5471869328493648,500,0.5,129,0.5471869328493648,0,509,209.73714458560198,0.1536080402010061,0.15640120277313235,0.0,0.3266331658291457,0.0,0.3266331658291457,494,0.494,166,0.3266331658291457,0,509,153.48492462311663,0
22,68,2024-02-14,0.2862561910848382,0.3072339303778063,0.0,0.6594503914363317,0.0,0.6594503914363317,474,0.474,238,0.6594503914363317,0,479,286.24061351653637,0.17690229885057446,0.19153857120552395,0.0,0.4458560193587417,0.0,0.4458560193587417,470,0.47,138,0.4458560193587417,0,479,176.89186327888663,0.13064321608040308,0.1405384886472124,0.0,0.3165829145728643,0.0,0.3165829145728643,464,0.464,477,0.3165829145728643,0,479,130.5201005025136,0
22,69,2024-02-14,0.3069252276721511,0.2997338368277709,0.0,0.6534590190126218,0.4510305160568781,0.6534590190126218,523,0.523,438,0.6534590190126218,0,529,306.90473717846265,0.19787991530550506,0.19592403654869148,0.0,0.5030248033877798,0.2831215970961887,0.5030248033877798,520,0.52,131,0.5030248033877798,0,529,197.86705989110717,0.1498492462311563,0.1463776571911998,0.0,0.3266331658291457,0.2663316582914573,0.3266331658291457,514,0.514,443,0.3266331658291457,0,529,149.72613065326684,0
22,70,2024-02-14,0.2957537945358687,0.3224189629355701,0.0,0.8110720562390158,0.0,0.8110720562390158,465,0.465,17,0.8110720562390158,0,479,295.72519571816656,0.19390925589836583,0.21852704832484232,0.0,0.7014519056261344,0.0,0.7014519056261344,460,0.46,17,0.7014519056261344,0,479,193.89004839685342,0.12849748743718695,0.14106584351916132,0.0,0.3165829145728643,0.0,0.3165829145728643,454,0.454,477,0.3165829145728643,0,479,128.37437185929744,0
22,71,2024-02-14,0.36672375778878424,0.30551319652565534,0.0,0.6728710656654417,0.478950311551366,0.6728710656654417,603,0.603,553,0.6728710656654417,0,609,366.706622463653,0.2537589231699941,0.21229654144222032,0.0,0.4939503932244404,0.3499697519661222,0.4939503932244404,600,0.6,213,0.4939503932244404,0,609,253.74727767695117,0.16863316582914675,0.13966311652155028,0.0,0.3165829145728643,0.271356783919598,0.3165829145728643,594,0.594,607,0.3165829145728643,0,609,168.51005025125727,0
22,72,2024-02-14,0.3074598178622797,0.3348352898316955,0.0,0.8347180060712573,0.0,0.8347180060712573,465,0.465,12,0.8347180060712573,0,479,307.43038025243777,0.18715033272837345,0.21395780235893125,0.0,0.7014519056261344,0.0,0.7014519056261344,460,0.46,12,0.7014519056261344,0,479,187.13112522686106,0.13810050251256364,0.15233423432206866,0.0,0.3266331658291457,0.0,0.3266331658291457,454,0.454,244,0.3266331658291457,0,479,137.9773869346742,0
22,73,2024-02-14,0.49389598977472476,0.32573973867858746,0.0,0.7415721361239814,0.7154497523566065,0.7415721361239814,704,0.704,700,0.7415721361239814,0,709,493.86982744847415,0.3472205081669712,0.23269698065106828,0.0,0.6137326073805203,0.4621899576527525,0.6137326073805203,700,0.7,40,0.6137326073805203,0,709,347.2049304295214,0.19874371859296566,0.13224136299362582,0.0,0.3165829145728643,0.2864321608040201,0.3165829145728643,694,0.694,707,0.3165829145728643,0,709,198.62060301507597,1
22,74,2024-02-14,0.28956870107045884,0.31618326178910183,0.0,0.8268093944719603,0.0,0.8268093944719603,465,0.465,15,0.8268093944719603,0,479,289.5379054162011,0.19298366606170603,0.21716184257319873,0.0,0.7196007259528131,0.0,0.7196007259528131,460,0.46,12,0.7196007259528131,0,479,192.96536600120962,0.1285728643216087,0.1411526038523689,0.0,0.3165829145728643,0.0,0.3165829145728643,454,0.454,477,0.3165829145728643,0,479,128.44974874371925,0
22,75,2024-02-14,0.4991023326409943,0.32980447884027647,0.0,0.7566703946317304,0.7270330723757789,0.7566703946317304,704,0.704,633,0.7566703946317304,0,709,499.07417319060517,0.3054143980641252,0.20306938505032346,0.0,0.4909255898366606,0.4231699939503932,0.4909255898366606,700,0.7,223,0.4909255898366606,0,709,305.4000302480329,0.19620100502512802,0.13047862932405777,0.0,0.3165829145728643,0.2864321608040201,0.3165829145728643,694,0.694,707,0.3165829145728643,0,709,196.07788944723853,0
22,76,2024-02-14,0.3040916280556012,0.30737935569362757,0.0,0.661048090749321,0.14123661926825365,0.661048090749321,504,0.504,145,0.661048090749321,0,509,304.0774085317148,0.2072695099818513,0.21012980063829842,0.0,0.5232909860859044,0.0081669691470054,0.5232909860859044,500,0.5,135,0.5232909860859044,0,509,207.2593768905022,0.15342713567839303,0.15637727318700803,0.0,0.3266331658291457,0.0,0.3266331658291457,494,0.494,152,0.3266331658291457,0,509,153.30402010050355,0
22,77,2024-02-14,0.4908988656334861,0.32378683628262844,0.0,0.746125579166001,0.7110560792458859,0.746125579166001,704,0.704,207,0.746125579166001,0,709,490.87110560792377,0.2926993345432548,0.194996744698443,0.0,0.5,0.4074410163339383,0.5,700,0.7,207,0.5,0,709,292.6846642468236,0.19781909547738835,0.1316180117907571,0.0,0.3165829145728643,0.2864321608040201,0.3165829145728643,694,0.694,707,0.3165829145728643,0,709,197.69597989949878,0
22,78,2024-02-14,0.47358875219683266,0.31179889547140416,0.0,0.7140917079405655,0.6748681898066784,0.7140917079405655,704,0.704,597,0.7140917079405655,0,709,473.5607525163766,0.2920777374470657,0.19392295532602097,0.0,0.4579552329098608,0.4074410163339383,0.4579552329098608,700,0.7,195,0.4579552329098608,0,709,292.06155474894143,0.19869346733668397,0.13227352511873747,0.0,0.3165829145728643,0.2864321608040201,0.3165829145728643,694,0.694,707,0.3165829145728643,0,709,198.57035175879403,0
22,79,2024-02-14,0.3098462214411241,0.30194978467918665,0.0,0.6429142035468924,0.4689247483623582,0.6429142035468924,524,0.524,473,0.6429142035468924,0,529,309.83236139958433,0.2183690260133093,0.21310932769948973,0.0,0.5290381125226861,0.3714458560193587,0.5290381125226861,520,0.52,130,0.5290381125226861,0,529,218.35768300060522,0.1458592964824134,0.14204522924168986,0.0,0.3165829145728643,0.2663316582914573,0.3165829145728643,514,0.514,527,0.3165829145728643,0,529,145.7361809045239,0
22,80,2024-02-14,0.3115407413324825,0.3038319179563586,0.0,0.6551366032912606,0.4675667039463173,0.6551366032912606,523,0.523,509,0.6551366032912606,0,529,311.52148905576036,0.19881246218995788,0.19572944285541993,0.0,0.5,0.322746521476104,0.5,520,0.52,136,0.5,0,529,198.8036902601329,0.14595477386934752,0.14218255081272158,0.0,0.3165829145728643,0.2663316582914573,0.3165829145728643,514,0.514,527,0.3165829145728643,0,529,145.83165829145807,0
22,81,2024-02-14,0.3153618788943929,0.3075366443574987,0.0,0.6582521169515897,0.4723598018852852,0.6582521169515897,524,0.524,410,0.6582521169515897,0,529,315.34769931299036,0.21740744101633372,0.2124795357905438,0.0,0.5263157894736842,0.3735632183908046,0.5263157894736842,520,0.52,137,0.5263157894736842,0,529,217.3960980036295,0.1460904522613079,0.14219372517237588,0.0,0.3165829145728643,0.26884422110552764,0.3165829145728643,514,0.514,527,0.3165829145728643,0,529,145.96733668341844,0
22,82,2024-02-14,0.35974332960536765,0.29894492594077343,0.0,0.6511423550087874,0.4788304841028918,0.6511423550087874,603,0.603,582,0.6511423550087874,0,609,359.7254753155457,0.24223895946763552,0.20229907875456998,0.0,0.4788263762855414,0.3656987295825771,0.4788263762855414,600,0.6,208,0.4788263762855414,0,609,242.230490018149,0.16967839195979978,0.1405624960922877,0.0,0.3165829145728643,0.271356783919598,0.3165829145728643,594,0.594,607,0.3165829145728643,0,609,169.55527638191023,0
22,83,2024-02-14,0.3164587793577254,0.29554108712236876,0.0,0.629253874420834,0.4750359482345422,0.629253874420834,544,0.544,339,0.629253874420834,0,549,316.44523885604684,0.22103266787658818,0.20709092813227017,0.0,0.5,0.3620689655172414,0.5,540,0.54,132,0.5,0,549,221.02087114337573,0.1506582914572879,0.14115958382394955,0.0,0.3165829145728643,0.2663316582914573,0.3165829145728643,533,0.533,547,0.3165829145728643,0,547,150.53517587939848,0
22,84,2024-02-14,0.41884070937849405,0.33708765166101784,0.0,0.8974277041060872,0.6652021089630932,0.8974277041060872,615,0.615,21,0.8974277041060872,0,629,418.8002476433924,0.28692770719903377,0.23424090776107584,0.0,0.677555958862674,0.441016333938294,0.677555958862674,610,0.61,18,0.677555958862674,0,629,286.91046581972273,0.17334673366834188,0.14068485016153337,0.0,0.3165829145728643,0.271356783919598,0.3165829145728643,604,0.604,627,0.3165829145728643,0,629,173.22361809045236,1
22,85,2024-02-14,0.28812414123661795,0.2919987675802211,0.0,0.6285349097299888,0.12689726793417475,0.6285349097299888,504,0.504,156,0.6285349097299888,0,509,288.11060073494184,0.19850937689050244,0.20646892930197086,0.0,0.5505142165759226,0.0086206896551724,0.5505142165759226,500,0.5,30,0.5505142165759226,0,509,198.4965214761053,0.1530301507537699,0.1559800768499982,0.0,0.3266331658291457,0.0,0.3266331658291457,494,0.494,163,0.3266331658291457,0,509,152.90703517588045,0
22,86,2024-02-14,0.4434916919635714,0.35577177055232795,0.0,0.8927943760984183,0.7142514778718645,0.8927943760984183,615,0.615,34,0.8927943760984183,0,629,443.4514299408843,0.2617271627344228,0.21417618169915104,0.0,0.5928614640048396,0.3787053841500302,0.5928614640048396,610,0.61,24,0.5928614640048396,0,629,261.7097701149436,0.17354773869346757,0.1407443142578385,0.0,0.3165829145728643,0.2763819095477386,0.3165829145728643,604,0.604,627,0.3165829145728643,0,629,173.42462311557793,0
22,87,2024-02-14,0.3156013740214085,0.28277505451551926,0.0,0.6086435532832721,0.4749960057517175,0.6086435532832721,564,0.564,567,0.6086435532832721,0,569,315.58827288704236,0.26517483363581335,0.23967877902954318,0.0,0.5928614640048396,0.4137931034482758,0.5928614640048396,560,0.56,138,0.5928614640048396,0,569,265.16333938294,0.15910050251256241,0.14337327870999683,0.0,0.3165829145728643,0.2663316582914573,0.3165829145728643,553,0.553,567,0.3165829145728643,0,567,158.9773869346728,0
22,88,2024-02-14,0.44384518293657044,0.35597641525796964,0.0,0.8862438089151622,0.7124940086275763,0.8862438089151622,615,0.615,46,0.8862438089151622,0,629,443.80348298450065,0.26019056261343004,0.21273174579146975,0.0,0.5653357531760436,0.3790078644888082,0.5653357531760436,610,0.61,40,0.5653357531760436,0,629,260.17286751361155,0.17326633165829183,0.14050808394357067,0.0,0.3165829145728643,0.2763819095477386,0.3165829145728643,604,0.604,627,0.3165829145728643,0,629,173.14321608040217,0
22,89,2024-02-14,0.4460700591148736,0.3576550491002856,0.0,0.893273685892315,0.7180859562230388,0.893273685892315,615,0.615,44,0.893273685892315,0,629,446.028039622942,0.2600084694494858,0.21190472042188144,0.0,0.5653357531760436,0.3790078644888082,0.5653357531760436,610,0.61,47,0.5653357531760436,0,629,259.9907743496677,0.17171859296482533,0.1392952148854279,0.0,0.3165829145728643,0.271356783919598,0.3165829145728643,604,0.604,627,0.3165829145728643,0,629,171.5954773869359,0
22,90,2024-02-14,0.2982045055120631,0.30185340211374717,0.0,0.6520210896309314,0.1418756989934494,0.6520210896309314,504,0.504,150,0.6520210896309314,0,509,298.19044575810847,0.20626557773744716,0.20985987997083125,0.0,0.5232909860859044,0.0081669691470054,0.5232909860859044,500,0.5,137,0.5232909860859044,0,509,206.25544464609774,0.15391959798995083,0.15670555153881294,0.0,0.3266331658291457,0.0,0.3266331658291457,494,0.494,157,0.3266331658291457,0,509,153.79648241206135,0
22,91,2024-02-14,0.30558595622303913,0.30998966157135477,0.0,0.6711135964211535,0.1433935133407892,0.6711135964211535,504,0.504,391,0.6711135964211535,0,509,305.57149704425643,0.19938505747126467,0.20583844463040782,0.0,0.5381125226860254,0.0083182093163944,0.5381125226860254,500,0.5,138,0.5381125226860254,0,509,199.37462189957662,0.1540301507537699,0.1568160397454818,0.0,0.3266331658291457,0.0,0.3266331658291457,494,0.494,153,0.3266331658291457,0,509,153.90703517588045,0
22,92,2024-02-14,0.315030116632049,0.3193141300237205,0.0,0.6934813868030036,0.1522607445278798,0.6934813868030036,504,0.504,337,0.6934813868030036,0,509,315.0151781434736,0.192980036297641,0.19915130281149612,0.0,0.4909255898366606,0.0086206896551724,0.4909255898366606,500,0.5,144,0.4909255898366606,0,509,192.96854204476747,0.1538140703517599,0.1566235907939847,0.0,0.3266331658291457,0.0,0.3266331658291457,494,0.494,155,0.3266331658291457,0,509,153.69095477387043,0
22,93,2024-02-14,0.30216823773765816,0.3060674017930832,0.0,0.6539383288065186,0.14870586355647863,0.6539383288065186,504,0.504,151,0.6539383288065186,0,509,302.1541380412207,0.20507683000604932,0.20916588558460203,0.0,0.5,0.0087719298245614,0.5,500,0.5,144,0.5,0,509,205.0669993950393,0.15388442211055386,0.1566726566133025,0.0,0.3266331658291457,0.0,0.3266331658291457,494,0.494,157,0.3266331658291457,0,509,153.76130653266438,0
22,94,2024-02-14,0.30299904138041195,0.30749448214691827,0.0,0.665361878894392,0.14475155775683016,0.665361878894392,504,0.504,161,0.665361878894392,0,509,302.98470202907833,0.2067928009679369,0.21067045034157864,0.0,0.5060496067755595,0.00892316999395035,0.5060496067755595,500,0.5,154,0.5060496067755595,0,509,206.78297035692685,0.15330150753768956,0.1561512773196263,0.0,0.3266331658291457,0.0,0.3266331658291457,494,0.494,167,0.3266331658291457,0,509,153.17839195980008,0
22,95,2024-02-14,0.35774308995047177,0.29727958349404476,0.0,0.6537785588752196,0.4793896788624381,0.6537785588752196,603,0.603,575,0.6537785588752196,0,609,357.7238776162327,0.23488324258923182,0.1963663149787523,0.0,0.4367816091954023,0.3248638838475499,0.4367816091954023,600,0.6,235,0.4367816091954023,0,609,234.8747731397459,0.16946733668341707,0.14047359390677727,0.0,0.3165829145728643,0.2663316582914573,0.3165829145728643,594,0.594,607,0.3165829145728643,0,609,169.34422110552734,0
22,96,2024-02-14,0.3190393034030996,0.28623529850766255,0.0,0.608803323214571,0.4722000319539862,0.608803323214571,564,0.564,316,0.608803323214571,0,569,319.0261223837671,0.264138838475499,0.2383510583397484,0.0,0.5683605565638233,0.4122807017543859,0.5683605565638233,560,0.56,146,0.5683605565638233,0,569,264.1277979431332,0.15830653266331696,0.1426282559610823,0.0,0.3165829145728643,0.2663316582914573,0.3165829145728643,553,0.553,567,0.3165829145728643,0,567,158.18341708542718,0
22,97,2024-02-14,0.4703870426585728,0.37711131526813296,0.0,0.9061351653618788,0.7533152260744528,0.9061351653618788,615,0.615,36,0.9061351653618788,0,629,470.3444240293979,0.26436388384755066,0.2153461982097673,0.0,0.5471869328493648,0.3926194797338173,0.5471869328493648,610,0.61,46,0.5471869328493648,0,629,264.34679370840917,0.17160301507537876,0.13906083447163425,0.0,0.3165829145728643,0.2814070351758794,0.3165829145728643,604,0.604,627,0.3165829145728643,0,629,171.47989949748927,0
22,98,2024-02-14,0.29327304681259014,0.3159736171080133,0.0,0.6823773765777281,0.0,0.6823773765777281,474,0.474,255,0.6823773765777281,0,479,293.2569499920116,0.18739564428312142,0.2025925424226227,0.0,0.4609800362976406,0.0,0.4609800362976406,470,0.47,185,0.4609800362976406,0,479,187.38384754990912,0.13103015075376998,0.1409279773703118,0.0,0.3165829145728643,0.0,0.3165829145728643,464,0.464,477,0.3165829145728643,0,479,130.9070351758805,0
22,99,2024-02-14,0.45959474356925684,0.3387661503375859,0.0,0.8890397827128934,0.6938009266656016,0.8890397827128934,655,0.655,42,0.8890397827128934,0,659,459.55292378974406,0.24985208711433715,0.1917003941782196,0.0,0.5955837870538415,0.3318209316394434,0.5955837870538415,650,0.65,48,0.5955837870538415,0,659,249.83469449485776,0.1845879396984939,0.13744501378679844,0.0,0.3165829145728643,0.2864321608040201,0.3165829145728643,644,0.644,657,0.3165829145728643,0,659,184.46482412060445,0
22,100,2024-02-14,0.3227744048570058,0.3148078547510297,0.0,0.6730308355967407,0.475075890717367,0.6730308355967407,524,0.524,527,0.6730308355967407,0,529,322.75990573574063,0.22316606170598907,0.2186841797186869,0.0,0.5562613430127041,0.37855414398064124,0.5562613430127041,520,0.52,134,0.5562613430127041,0,529,223.15411373260702,0.14546733668341844,0.14154961828634102,0.0,0.3165829145728643,0.271356783919598,0.3165829145728643,514,0.514,527,0.3165829145728643,0,529,145.34422110552896,0
22,101,2024-02-14,0.5535891516216637,0.3210746943349557,0.0,0.9133248122703308,0.7324652500399425,0.9133248122703308,755,0.755,24,0.9133248122703308,0,769,553.5479709218725,0.3703920145190562,0.23044809773551075,0.0,0.8862673926194797,0.441318814277072,0.8862673926194797,750,0.75,21,0.8862673926194797,0,769,370.3747731397457,0.21504522613065327,0.1285113924932555,0.0,1.0,0.2864321608040201,1.0,744,0.744,197,1.0,0,769,214.92211055276331,0
22,102,2024-02-14,0.3182111359642112,0.29702273123977335,0.0,0.638520530436172,0.480747723278479,0.638520530436172,544,0.544,423,0.638520530436172,0,549,318.1961175906691,0.21979128856624294,0.21026186121074955,0.0,0.5290381125226861,0.3009679370840895,0.5290381125226861,540,0.54,160,0.5290381125226861,0,549,219.77994555353882,0.1559798994974888,0.14642515926050004,0.0,0.3266331658291457,0.271356783919598,0.3266331658291457,534,0.534,429,0.3266331658291457,0,549,155.85678391959934,0
22,103,2024-02-14,0.4976649624540617,0.30547451561172473,0.0,0.8948713852053044,0.6658411886882889,0.8948713852053044,734,0.734,32,0.8948713852053044,0,749,497.62446077648167,0.349409860859044,0.23595373928175833,0.0,0.9458560193587416,0.4171203871748336,0.9458560193587416,730,0.73,29,0.9458560193587416,0,749,349.3932244404105,0.20657788944723793,0.12783025937839196,0.0,0.3165829145728643,0.2864321608040201,0.3165829145728643,724,0.724,747,0.3165829145728643,0,749,206.45477386934832,1
22,104,2024-02-14,0.37007309474356864,0.308610037123189,0.0,0.6826969164403259,0.4792299089311391,0.6826969164403259,603,0.603,571,0.6826969164403259,0,609,370.05304361719084,0.23767211131276483,0.19952099702273218,0.0,0.4458560193587417,0.3070175438596491,0.4458560193587417,600,0.6,261,0.4458560193587417,0,609,237.6607683000605,0.16788944723618235,0.1390246119622148,0.0,0.3165829145728643,0.271356783919598,0.3165829145728643,594,0.594,607,0.3165829145728643,0,609,167.76633165829284,0
22,105,2024-02-14,0.5002446077648165,0.33115332524572466,0.0,0.7674548649944081,0.7298290461735102,0.7674548649944081,704,0.704,323,0.7674548649944081,0,709,500.2160488895982,0.2949455535390206,0.20105180185875837,0.0,0.5030248033877798,0.382032667876588,0.5030248033877798,700,0.7,270,0.5030248033877798,0,709,294.92982456140385,0.20252261306532893,0.13555762315422262,0.0,0.3266331658291457,0.2864321608040201,0.3266331658291457,694,0.694,551,0.3266331658291457,0,709,202.39949748743942,1
22,106,2024-02-14,0.4593289662885434,0.3324479071101434,0.0,0.7509186771049688,0.6758667518772967,0.7509186771049688,664,0.664,283,0.7509186771049688,0,679,459.3010065505661,0.2665139140955841,0.19623293584495227,0.0,0.4818511796733212,0.368118572292801,0.4818511796733212,660,0.66,210,0.4818511796733212,0,679,266.4996975196613,0.2008140703517607,0.14747768246956908,0.0,0.3266331658291457,0.2814070351758794,0.3266331658291457,654,0.654,289,0.3266331658291457,0,679,200.69095477387123,0
22,107,2024-02-14,0.461683335996164,0.30404629322681154,0.0,0.6977951749480747,0.6567343026042499,0.6977951749480747,704,0.704,682,0.6977951749480747,0,709,461.65461735101474,0.3712099213551116,0.2518700301680111,0.0,0.7168784029038112,0.4833635813672111,0.7168784029038112,700,0.7,36,0.7168784029038112,0,709,371.19449485783497,0.20368341708542637,0.14463852458935053,0.0,1.0,0.2864321608040201,1.0,694,0.694,188,1.0,0,709,203.56030150753676,0
22,108,2024-02-14,0.43559354529477434,0.28825040738337193,0.0,0.6714331362837515,0.6319699632529158,0.6714331362837515,703,0.703,206,0.6714331362837515,0,709,435.56985940246267,0.3688266787658798,0.2528280931367489,0.0,0.7138535995160314,0.4646098003629764,0.7138535995160314,700,0.7,157,0.7138535995160314,0,709,368.8141258318203,0.21485427135678595,0.14445785061490402,0.0,0.3266331658291457,0.271356783919598,0.3266331658291457,694,0.694,211,0.3266331658291457,0,709,214.73115577889646,0
22,109,2024-02-14,0.4816882888640328,0.31712171426111896,0.0,0.728950311551366,0.6831762262342227,0.728950311551366,704,0.704,610,0.728950311551366,0,709,481.66256590509624,0.2992988505747134,0.1987786049740177,0.0,0.4667271627344223,0.4171203871748336,0.4667271627344223,700,0.7,224,0.4667271627344223,0,709,299.28236539624936,0.19637688442211162,0.13077234223952247,0.0,0.3165829145728643,0.271356783919598,0.3165829145728643,694,0.694,707,0.3165829145728643,0,709,196.25376884422198,0
22,110,2024-02-14,0.4806362038664324,0.3164903386062826,0.0,0.7311072056239016,0.6795015178143473,0.7311072056239016,704,0.704,638,0.7311072056239016,0,709,480.60900303562823,0.3051206896551715,0.2037035244475487,0.0,0.4939503932244404,0.4201451905626134,0.4939503932244404,700,0.7,335,0.4939503932244404,0,709,305.1061705989113,0.19871859296482336,0.13247683472819868,0.0,0.3165829145728643,0.271356783919598,0.3165829145728643,694,0.694,707,0.3165829145728643,0,709,198.59547738693365,0
22,111,2024-02-14,0.3076478670714176,0.3121315954237165,0.0,0.6742291100814827,0.14670873941524198,0.6742291100814827,504,0.504,157,0.6742291100814827,0,509,307.63468605208556,0.2061960072595281,0.21041863874765185,0.0,0.5263157894736842,0.0102843315184513,0.5263157894736842,500,0.5,151,0.5263157894736842,0,509,206.1846642468238,0.15364321608040307,0.15643631539616554,0.0,0.3266331658291457,0.0,0.3266331658291457,494,0.494,163,0.3266331658291457,0,509,153.5201005025136,0
22,112,2024-02-14,0.4428006071257377,0.355513539802272,0.0,0.8888001278159451,0.6901262182457262,0.8888001278159451,615,0.615,28,0.8888001278159451,0,619,442.76230228470894,0.2410689655172411,0.20129329292003453,0.0,0.5626134301270418,0.3218390804597701,0.5626134301270418,610,0.61,28,0.5626134301270418,0,619,241.05021173623584,0.18113567839196143,0.1478415431834407,0.0,0.3266331658291457,0.271356783919598,0.3266331658291457,604,0.604,374,0.3266331658291457,0,619,181.01256281407194,0
22,113,2024-02-14,0.2941239015817229,0.2983085508563055,0.0,0.6580124620546414,0.135964211535389,0.6580124620546414,504,0.504,275,0.6580124620546414,0,509,294.1109602172873,0.19568421052631646,0.20233221187924097,0.0,0.514216575922565,0.00907441016333935,0.514216575922565,500,0.5,188,0.514216575922565,0,509,195.67422867513582,0.1486633165829156,0.15151924119567692,0.0,0.3266331658291457,0.0,0.3266331658291457,494,0.494,281,0.3266331658291457,0,509,148.54020100502615,0
22,114,2024-02-14,0.4343268892794365,0.34861360597451335,0.0,0.8963093145869947,0.6959578207381371,0.8963093145869947,615,0.615,34,0.8963093145869947,0,619,434.28646748681876,0.24963097398669123,0.20652937776219907,0.0,0.617059891107078,0.3411978221415608,0.617059891107078,610,0.61,24,0.617059891107078,0,619,249.61282516636408,0.1780000000000016,0.1451932563511697,0.0,0.3266331658291457,0.271356783919598,0.3266331658291457,604,0.604,438,0.3266331658291457,0,619,177.8768844221121,0
22,115,2024-02-14,0.26908507748841654,0.2890425520835665,0.0,0.616871704745167,0.0,0.616871704745167,474,0.474,201,0.616871704745167,0,479,269.07173669915306,0.172899274047187,0.18554633568616646,0.0,0.4398064125831821,0.0,0.4398064125831821,470,0.47,17,0.4398064125831821,0,479,172.88808227465165,0.13074371859296588,0.14097404681969064,0.0,0.3165829145728643,0.0,0.3165829145728643,464,0.464,477,0.3165829145728643,0,479,130.6206030150764,0
22,117,2024-02-14,0.331122543537306,0.2971210961241655,0.0,0.6334078926346062,0.4843425467327049,0.6334078926346062,564,0.564,427,0.6334078926346062,0,569,331.11016136763084,0.2752876588021778,0.24970642074209876,0.0,0.5989110707803993,0.4156079854809437,0.5989110707803993,560,0.56,147,0.5989110707803993,0,569,275.2772232304903,0.15793467336683495,0.14222055111503945,0.0,0.3165829145728643,0.271356783919598,0.3165829145728643,553,0.553,567,0.3165829145728643,0,567,157.81155778894544,0
22,118,2024-02-14,0.5357799169196341,0.30351471073361436,0.0,0.7652979709218725,0.696277360600735,0.7652979709218725,764,0.764,523,0.7652979709218725,0,769,535.7514379293805,0.28765124016939,0.16880430494617385,0.0,0.4519056261343013,0.3342407743496672,0.4519056261343013,760,0.76,340,0.4519056261343013,0,769,287.63611615245003,0.22306030150753928,0.1292967537841833,0.0,0.3266331658291457,0.2864321608040201,0.3266331658291457,753,0.753,528,0.3266331658291457,0,767,222.93718592964976,1
22,119,2024-02-14,0.3357478830484105,0.3012396253828447,0.0,0.6415561591308516,0.4930500079884966,0.6415561591308516,564,0.564,555,0.6415561591308516,0,569,335.7340629493527,0.2690414398064132,0.2440063724054558,0.0,0.6079854809437386,0.4122807017543859,0.6079854809437386,560,0.56,148,0.6079854809437386,0,569,269.02964307320053,0.15721105527638304,0.14149059962798435,0.0,0.3165829145728643,0.271356783919598,0.3165829145728643,553,0.553,567,0.3165829145728643,0,567,157.08793969849359,0
22,121,2024-02-14,0.612093944719603,0.35383100878702767,0.0,0.8927943760984183,0.8157852692123342,0.8927943760984183,755,0.755,22,0.8927943760984183,0,779,612.051965170156,0.3078197217180877,0.18497317556906656,0.0,0.5232909860859044,0.3835450695704779,0.5232909860859044,750,0.75,212,0.5232909860859044,0,779,307.80232909860996,0.22808542713568072,0.1357481375733201,0.0,0.3266331658291457,0.2864321608040201,0.3266331658291457,743,0.743,347,0.3266331658291457,0,777,227.9623115577913,0
22,122,2024-02-14,0.3187758427863874,0.2974862841059455,0.0,0.6374021409170794,0.4873781754273845,0.6374021409170794,544,0.544,535,0.6374021409170794,0,549,318.76086435532847,0.2134416212946159,0.2015535426651478,0.0,0.514216575922565,0.3405928614640048,0.514216575922565,540,0.54,145,0.514216575922565,0,549,213.43163944343578,0.15268844221105554,0.14321015371674056,0.0,0.3165829145728643,0.2663316582914573,0.3165829145728643,533,0.533,547,0.3165829145728643,0,547,152.56532663316602,0
22,123,2024-02-14,0.2904039782712889,0.2928987324036117,0.0,0.6310912286307717,0.14722799169196354,0.6310912286307717,504,0.504,220,0.6310912286307717,0,509,290.389159610161,0.17217090139140928,0.17588108564492597,0.0,0.4519056261343013,0.0071082879612825,0.4519056261343013,500,0.5,134,0.4519056261343013,0,509,172.15940713853584,0.15117587939698598,0.15398881891094346,0.0,0.3266331658291457,0.0,0.3266331658291457,494,0.494,226,0.3266331658291457,0,509,151.05276381909655,0
22,124,2024-02-14,0.3302594663684292,0.29648553569652525,0.0,0.6334078926346062,0.4818661127975715,0.6334078926346062,564,0.564,194,0.6334078926346062,0,569,330.24580603930343,0.28038233514821437,0.25497060672454147,0.0,0.6137326073805203,0.426194797338173,0.6137326073805203,560,0.56,14,0.6137326073805203,0,569,280.37038717483375,0.15712060301507655,0.14140400926428578,0.0,0.3165829145728643,0.271356783919598,0.3165829145728643,553,0.553,567,0.3165829145728643,0,567,156.9974874371871,0
22,125,2024-02-14,0.2817601054481549,0.30345176595559215,0.0,0.6684773925547212,0.0,0.6684773925547212,474,0.474,164,0.6684773925547212,0,479,281.74440805240494,0.16657199032062944,0.17988032133865295,0.0,0.4818511796733212,0.0,0.4818511796733212,470,0.47,131,0.4818511796733212,0,479,166.56155474894132,0.14295477386934774,0.15470266064054014,0.0,0.3266331658291457,0.0,0.3266331658291457,464,0.464,171,0.3266331658291457,0,479,142.83165829145827,0
22,126,2024-02-14,0.29083679501517795,0.29400981590697955,0.0,0.6401182297491612,0.1455504074133248,0.6401182297491612,504,0.504,503,0.6401182297491612,0,509,290.82173669915284,0.17304113732607357,0.1746756619941753,0.0,0.4125831820931639,0.0072595281306715,0.4125831820931639,500,0.5,137,0.4125831820931639,0,509,173.02979431336948,0.1409346733668347,0.14311129764645714,0.0,0.3165829145728643,0.0,0.3165829145728643,494,0.494,507,0.3165829145728643,0,509,140.81155778894527,0
22,128,2024-02-14,0.2783913564467167,0.2989386213267331,0.0,0.639239495127017,0.0,0.639239495127017,474,0.474,189,0.639239495127017,0,479,278.3750998562068,0.16685238959467646,0.18146316952876976,0.0,0.4277071990320629,0.0,0.4277071990320629,470,0.47,166,0.4277071990320629,0,479,166.84074410163325,0.13206030150753795,0.1421181222352007,0.0,0.3165829145728643,0.0,0.3165829145728643,464,0.464,477,0.3165829145728643,0,479,131.93718592964848,0
22,129,2024-02-14,0.30217566703946264,0.3061862405114889,0.0,0.6575331522607445,0.149544655695798,0.6575331522607445,504,0.504,203,0.6575331522607445,0,509,302.16148745806106,0.21506715063520876,0.2237498748826598,0.0,0.5090744101633394,0.00892316999395035,0.5090744101633394,500,0.5,233,0.5090744101633394,0,509,215.05520266182705,0.1390050251256294,0.14108614127588823,0.0,0.3165829145728643,0.0,0.3165829145728643,494,0.494,507,0.3165829145728643,0,509,138.88190954773995,0
23,0,2024-02-14,0.47677152899824143,0.3137467014686228,0.0,0.7284710017574693,0.6770250838792139,0.7284710017574693,704,0.704,708,0.7284710017574693,0,709,476.74584598178643,0.32414398064125943,0.21792181377610095,0.0,0.5562613430127041,0.4277071990320629,0.5562613430127041,700,0.7,145,0.5562613430127041,0,709,324.12764670296457,0.2007688442211049,0.13367389482929862,0.0,0.3165829145728643,0.2864321608040201,0.3165829145728643,694,0.694,707,0.3165829145728643,0,709,200.6457286432154,0
23,1,2024-02-14,0.4757664962454122,0.31299266980194623,0.0,0.7109761942802365,0.6858923150663045,0.7109761942802365,704,0.704,298,0.7109761942802365,0,709,475.73861639239453,0.3134313369630964,0.20888337218958333,0.0,0.4818511796733212,0.4401088929219601,0.4818511796733212,700,0.7,248,0.4818511796733212,0,709,313.4171203871728,0.19833165829145796,0.13207010816941953,0.0,0.3165829145728643,0.2864321608040201,0.3165829145728643,694,0.694,707,0.3165829145728643,0,709,198.20854271356822,0
23,2,2024-02-14,0.48060289183575433,0.3171619092772842,0.0,0.7227192842307077,0.6970762102572295,0.7227192842307077,704,0.704,414,0.7227192842307077,0,709,480.5758907173668,0.3243142770719915,0.2170858565618904,0.0,0.5535390199637024,0.4382940108892922,0.5535390199637024,700,0.7,41,0.5535390199637024,0,709,324.3002117362386,0.19710050251256517,0.131097358039425,0.0,0.3165829145728643,0.2864321608040201,0.3165829145728643,694,0.694,707,0.3165829145728643,0,709,196.97738693467562,0
23,3,2024-02-14,0.3009343345582369,0.2932585306488879,0.0,0.6413963891995527,0.4595782073813708,0.6413963891995527,523,0.523,457,0.6413963891995527,0,529,300.91540182137703,0.21563853599515992,0.21690609584725923,0.0,0.5837870538415003,0.3157894736842105,0.5837870538415003,520,0.52,131,0.5837870538415003,0,529,215.62719298245585,0.14672361809045223,0.14293835330001622,0.0,0.3165829145728643,0.2663316582914573,0.3165829145728643,514,0.514,527,0.3165829145728643,0,529,146.6005025125627,0
23,4,2024-02-14,0.301215609522287,0.293448858832579,0.0,0.6409969643713053,0.4600575171752676,0.6409969643713053,523,0.523,512,0.6409969643713053,0,529,301.1967566703942,0.20059467634603703,0.19961709291242746,0.0,0.5263157894736842,0.3166969147005445,0.5263157894736842,520,0.52,139,0.5263157894736842,0,529,200.583333333333,0.14687437185929633,0.1430908397116454,0.0,0.3165829145728643,0.2663316582914573,0.3165829145728643,514,0.514,527,0.3165829145728643,0,529,146.75125628140682,0
23,5,2024-02-14,0.30069276242211307,0.304039961961297,0.0,0.6470682217606647,0.137002716088832,0.6470682217606647,504,0.504,145,0.6470682217606647,0,509,300.67754433615573,0.20738808227465239,0.21103229980918378,0.0,0.5290381125226861,0.0102843315184513,0.5290381125226861,500,0.5,129,0.5290381125226861,0,509,207.37462189957682,0.14038693467336694,0.14259700730471395,0.0,0.3165829145728643,0.0,0.3165829145728643,494,0.494,507,0.3165829145728643,0,509,140.26381909547737,0
23,6,2024-02-14,0.30221417159290537,0.3067409774348169,0.0,0.6582521169515897,0.1264579006231027,0.6582521169515897,504,0.504,187,0.6582521169515897,0,509,302.1999920115044,0.2088206291591051,0.21203508524569276,0.0,0.5,0.0068058076225045,0.5,500,0.5,134,0.5,0,509,208.80883242589218,0.15222110552763934,0.15509452003111848,0.0,0.3266331658291457,0.0,0.3266331658291457,494,0.494,195,0.3266331658291457,0,509,152.09798994974983,0
23,7,2024-02-14,0.5065969803482978,0.3329079520321573,0.0,0.8930340309953667,0.710896309314587,0.8930340309953667,705,0.705,46,0.8930340309953667,0,719,506.5584757948547,0.3028070175438603,0.20346672012056374,0.0,0.5290381125226861,0.4004839685420447,0.5290381125226861,700,0.7,49,0.5290381125226861,0,719,302.7894736842106,0.19690452261306768,0.13117696973537227,0.0,0.3165829145728643,0.2864321608040201,0.3165829145728643,694,0.694,717,0.3165829145728643,0,719,196.7814070351782,0
23,8,2024-02-14,0.3000479309793902,0.27958368993943183,0.0,0.6108803323214571,0.4690046333280077,0.6108803323214571,544,0.544,182,0.6108803323214571,0,549,300.0335117430897,0.20670750151240141,0.19540588793295793,0.0,0.5290381125226861,0.3402903811252268,0.5290381125226861,540,0.54,142,0.5290381125226861,0,549,206.69721718088275,0.16514572864321733,0.15544440535926632,0.0,0.3266331658291457,0.2663316582914573,0.3266331658291457,534,0.534,187,0.3266331658291457,0,549,165.02261306532787,0
23,9,2024-02-14,0.3056660009586202,0.3099902628071899,0.0,0.6658411886882889,0.1357245566384406,0.6658411886882889,504,0.504,474,0.6658411886882889,0,509,305.65166160728546,0.20915819721718074,0.21183623631848028,0.0,0.5060496067755595,0.0069570477918935,0.5060496067755595,500,0.5,134,0.5060496067755595,0,509,209.14624924379905,0.1405929648241215,0.14252318641254552,0.0,0.3165829145728643,0.0,0.3165829145728643,494,0.494,507,0.3165829145728643,0,509,140.469849246232,0
23,10,2024-02-14,0.5126377216807783,0.3365588337650961,0.0,0.8834478351174309,0.7206422751238217,0.8834478351174309,705,0.705,23,0.8834478351174309,0,719,512.5961814986405,0.31300937689050295,0.20949502213914403,0.0,0.5232909860859044,0.4246823956442831,0.5232909860859044,700,0.7,47,0.5232909860859044,0,719,312.99198427102294,0.19636180904522849,0.13081418617359522,0.0,0.3165829145728643,0.2864321608040201,0.3165829145728643,694,0.694,717,0.3165829145728643,0,719,196.23869346733903,0
23,11,2024-02-14,0.3092881450710964,0.2885568822689114,0.0,0.6310912286307717,0.4751557756830165,0.6310912286307717,544,0.544,266,0.6310912286307717,0,549,309.2733264099702,0.1973260738052015,0.18803581215569742,0.0,0.4969751966122202,0.3188142770719903,0.4969751966122202,540,0.54,136,0.4969751966122202,0,549,197.31442831215938,0.16272361809045333,0.15311171672355928,0.0,0.3266331658291457,0.2663316582914573,0.3266331658291457,534,0.534,271,0.3266331658291457,0,549,162.60050251256388,0
23,12,2024-02-14,0.31451909250678994,0.2939478655242309,0.0,0.6231027320658252,0.4710017574692443,0.6231027320658252,544,0.544,374,0.6231027320658252,0,549,314.50439367311003,0.2141454930429525,0.20150644320964703,0.0,0.5030248033877798,0.3505747126436782,0.5030248033877798,540,0.54,137,0.5030248033877798,0,549,214.13566243194194,0.15334673366834187,0.14352217522896948,0.0,0.3165829145728643,0.2663316582914573,0.3165829145728643,534,0.534,547,0.3165829145728643,0,549,153.22361809045228,0
23,13,2024-02-14,0.47297363796133396,0.3121933120794961,0.0,0.8927943760984183,0.6608084358523726,0.8927943760984183,705,0.705,24,0.8927943760984183,0,709,472.9349736379613,0.30733393829401023,0.21041889219137017,0.0,0.7259528130671506,0.4013914095583787,0.7259528130671506,700,0.7,18,0.7259528130671506,0,709,307.31699939503955,0.1991708542713575,0.13249816267421502,0.0,0.3165829145728643,0.2864321608040201,0.3165829145728643,694,0.694,707,0.3165829145728643,0,709,199.04773869346783,0
23,14,2024-02-14,0.22737114555040733,0.28172157610071374,0.0,0.6350854769132449,0.0,0.6350854769132449,404,0.404,238,0.6350854769132449,0,409,227.35748522128105,0.13501935874168178,0.1705372186306109,0.0,0.454930429522081,0.0,0.454930429522081,400,0.4,145,0.454930429522081,0,409,135.0078644888081,0.11772864321608098,0.14693460599851282,0.0,0.3266331658291457,0.0,0.3266331658291457,394,0.394,243,0.3266331658291457,0,409,117.60552763819153,0
23,15,2024-02-14,0.31412621824572645,0.30655569742068994,0.0,0.6546572934973638,0.4698034829845023,0.6546572934973638,523,0.523,301,0.6546572934973638,0,529,314.1069659690053,0.1977292800967938,0.1942696022266644,0.0,0.4818511796733212,0.3015728977616455,0.4818511796733212,520,0.52,138,0.4818511796733212,0,529,197.72081064730838,0.14506532663316718,0.14121538050910415,0.0,0.3165829145728643,0.2663316582914573,0.3165829145728643,514,0.514,527,0.3165829145728643,0,529,144.9422110552777,0
23,16,2024-02-14,0.32210273206582446,0.3016603209541173,0.0,0.6435532832720882,0.4737977312669755,0.6435532832720882,544,0.544,282,0.6435532832720882,0,549,322.08755392235287,0.22177888687235317,0.20792469414416692,0.0,0.4939503932244404,0.3617664851784634,0.4939503932244404,540,0.54,132,0.4939503932244404,0,549,221.76920750151277,0.15093969849246386,0.1411891861231752,0.0,0.3165829145728643,0.2663316582914573,0.3165829145728643,534,0.534,547,0.3165829145728643,0,549,150.81658291457435,0
23,17,2024-02-14,0.303737178463014,0.29569962804294986,0.0,0.6417958140278,0.46437130532033866,0.6417958140278,523,0.523,499,0.6417958140278,0,529,303.71832561112006,0.19159346642468203,0.18822203585450042,0.0,0.4818511796733212,0.29310344827586204,0.4818511796733212,520,0.52,139,0.4818511796733212,0,529,191.58499697519665,0.147185929648241,0.14340496228337016,0.0,0.3165829145728643,0.2663316582914573,0.3165829145728643,514,0.514,527,0.3165829145728643,0,529,147.06281407035144,0
23,18,2024-02-14,0.24393034030995275,0.29017052844570346,0.0,0.6346061671193481,0.0,0.6346061671193481,424,0.424,303,0.6346061671193481,0,429,243.9166799808274,0.1686830006049608,0.20035971742014266,0.0,0.454930429522081,0.0,0.454930429522081,420,0.42,133,0.454930429522081,0,429,168.6731699939506,0.11728643216080482,0.13971479605525572,0.0,0.3165829145728643,0.0,0.3165829145728643,414,0.414,427,0.3165829145728643,0,429,117.16331658291539,0
23,19,2024-02-14,0.2422412525962606,0.28785199999583577,0.0,0.6336475475315546,0.0,0.6336475475315546,424,0.424,141,0.6336475475315546,0,429,242.22635405016754,0.17015486993345452,0.20299316689093075,0.0,0.5090744101633394,0.0,0.5090744101633394,420,0.42,131,0.5090744101633394,0,429,170.14488808227466,0.12807035175879466,0.15324440110008347,0.0,0.3266331658291457,0.0,0.3266331658291457,414,0.414,149,0.3266331658291457,0,429,127.94723618090522,0
23,20,2024-02-14,0.2637736858923154,0.28955614358812587,0.0,0.6331682377376577,0.0,0.6331682377376577,463,0.463,457,0.6331682377376577,0,469,263.7538344783508,0.17478372655777355,0.1934903411357947,0.0,0.4969751966122202,0.0,0.4969751966122202,460,0.46,137,0.4969751966122202,0,469,174.77495462794917,0.13004020100502484,0.1428952693534165,0.0,0.3165829145728643,0.0,0.3165829145728643,454,0.454,467,0.3165829145728643,0,469,129.91708542713536,0
23,21,2024-02-14,0.2687667359003038,0.2957195681290697,0.0,0.6623262501997124,0.0,0.6623262501997124,463,0.463,464,0.6623262501997124,0,469,268.7472839111682,0.16739110707803992,0.18392510124031014,0.0,0.4488808227465214,0.0,0.4488808227465214,460,0.46,143,0.4488808227465214,0,469,167.3797640653357,0.13041206030150707,0.14329167501527768,0.0,0.3165829145728643,0.0,0.3165829145728643,454,0.454,467,0.3165829145728643,0,469,130.2889447236176,0
23,22,2024-02-14,0.2321604090110239,0.2879142662963873,0.0,0.6348458220162966,0.0,0.6348458220162966,404,0.404,205,0.6348458220162966,0,409,232.14674868189795,0.14504355716878414,0.18134839235768516,0.0,0.454930429522081,0.0,0.454930429522081,400,0.4,151,0.454930429522081,0,409,145.03372655777386,0.11089447236180973,0.13793080821869383,0.0,0.3165829145728643,0.0,0.3165829145728643,394,0.394,407,0.3165829145728643,0,409,110.7713567839203,0
23,23,2024-02-14,0.30636187889439187,0.2993347110492829,0.0,0.6536986739095703,0.451190285988177,0.6536986739095703,523,0.523,513,0.6536986739095703,0,529,306.3426665601542,0.20197459165154252,0.19684921962684926,0.0,0.4667271627344223,0.32259528130671505,0.4667271627344223,520,0.52,153,0.4667271627344223,0,529,201.96264367816121,0.1457788944723622,0.142041013812237,0.0,0.3165829145728643,0.2663316582914573,0.3165829145728643,514,0.514,527,0.3165829145728643,0,529,145.65577889447272,0
23,24,2024-02-14,0.2392619428023646,0.29705226198022655,0.0,0.6621664802684135,0.0,0.6621664802684135,404,0.404,193,0.6621664802684135,0,409,239.24768333599644,0.15195886267392614,0.19056969292873221,0.0,0.514216575922565,0.0,0.514216575922565,400,0.4,136,0.514216575922565,0,409,151.94676346037488,0.11080904522613133,0.13779810757609748,0.0,0.3165829145728643,0.0,0.3165829145728643,394,0.394,407,0.3165829145728643,0,409,110.6859296482419,0
23,25,2024-02-14,0.31682928582840714,0.30955951194807674,0.0,0.668956702348618,0.4642914203546892,0.668956702348618,524,0.524,410,0.668956702348618,0,529,316.8109522287904,0.19610889292195977,0.1937221979348125,0.0,0.4637023593466424,0.2766182698124622,0.4637023593466424,520,0.52,157,0.4637023593466424,0,529,196.1007259528129,0.14554773869346868,0.14171234750229084,0.0,0.3165829145728643,0.2663316582914573,0.3165829145728643,514,0.514,527,0.3165829145728643,0,529,145.42462311557924,0
23,26,2024-02-14,0.2316070458539707,0.2873156649713865,0.0,0.6366831762262343,0.0,0.6366831762262343,404,0.404,211,0.6366831762262343,0,409,231.59206742291096,0.15138989715668502,0.18884950555275923,0.0,0.469751966122202,0.0,0.469751966122202,400,0.4,171,0.469751966122202,0,409,151.37794918330314,0.11029145728643289,0.13719764486948544,0.0,0.3165829145728643,0.0,0.3165829145728643,394,0.394,407,0.3165829145728643,0,409,110.16834170854345,0
23,27,2024-02-14,0.31714650902700103,0.30988451762577773,0.0,0.6676785428982266,0.4626138360760505,0.6676785428982266,523,0.523,269,0.6676785428982266,0,529,317.1268173829691,0.19599062310949766,0.19500358398278098,0.0,0.4758015728977616,0.279189352692075,0.4758015728977616,520,0.52,249,0.4758015728977616,0,529,195.98230490018148,0.14517587939698626,0.1413577664327479,0.0,0.3165829145728643,0.2663316582914573,0.3165829145728643,514,0.514,527,0.3165829145728643,0,529,145.0527638190968,0
23,28,2024-02-14,0.2395202907812747,0.28471780313426587,0.0,0.6248602013101134,0.0,0.6248602013101134,424,0.424,179,0.6248602013101134,0,429,239.50559194759555,0.16390018148820296,0.19457670004668706,0.0,0.454930429522081,0.0,0.454930429522081,420,0.42,129,0.454930429522081,0,429,163.89035087719301,0.1259798994974881,0.1509003558679572,0.0,0.3266331658291457,0.0,0.3266331658291457,414,0.414,188,0.3266331658291457,0,429,125.85678391959867,0
23,29,2024-02-14,0.3075485700591149,0.3006169362036199,0.0,0.6594503914363317,0.449992011503435,0.6594503914363317,523,0.523,507,0.6594503914363317,0,529,307.52919795494523,0.20078705384149984,0.195910423880271,0.0,0.4246823956442831,0.294162129461585,0.4246823956442831,520,0.52,137,0.4246823956442831,0,529,200.77540834845718,0.14653266331658377,0.14283617070732263,0.0,0.3266331658291457,0.2663316582914573,0.3266331658291457,514,0.514,512,0.3266331658291457,0,529,146.4095477386943,0
23,30,2024-02-14,0.4798382329445641,0.3012703514990788,0.0,0.7081003355168557,0.6747883048410289,0.7081003355168557,724,0.724,243,0.7081003355168557,0,729,479.8146668796942,0.2855801572897759,0.18909531842188035,0.0,0.5,0.3248638838475499,0.5,720,0.72,353,0.5,0,729,285.56442831215946,0.20916582914573098,0.13366840064985294,0.0,0.3266331658291457,0.2864321608040201,0.3266331658291457,714,0.714,537,0.3266331658291457,0,729,209.04271356784147,0
23,31,2024-02-14,0.29854106087234494,0.30273194480704474,0.0,0.6467486818980668,0.13440645470522444,0.6467486818980668,504,0.504,205,0.6467486818980668,0,509,298.52712094583853,0.22929007864488787,0.2330975814852919,0.0,0.5381125226860254,0.0083182093163944,0.5381125226860254,500,0.5,199,0.5381125226860254,0,509,229.27964307320033,0.13956281407035306,0.14136058629688017,0.0,0.3165829145728643,0.0,0.3165829145728643,494,0.494,507,0.3165829145728643,0,509,139.43969849246358,0
23,32,2024-02-14,0.43078087553922195,0.34590917922048836,0.0,0.889998402300687,0.6875698993449433,0.889998402300687,615,0.615,27,0.889998402300687,0,629,430.74249081322955,0.2688693284936472,0.22102692465184848,0.0,0.5989110707803993,0.3826376285541439,0.5989110707803993,610,0.61,43,0.5989110707803993,0,629,268.8517846339987,0.17316582914572873,0.14050294390340742,0.0,0.3165829145728643,0.2738693467336683,0.3165829145728643,604,0.604,627,0.3165829145728643,0,629,173.0427135678391,0
23,33,2024-02-14,0.29032497204026253,0.27017109112201904,0.0,0.5716568141875699,0.4618149864195558,0.5716568141875699,544,0.544,263,0.5716568141875699,0,549,290.31043297651433,0.22518511796733182,0.2106503436859594,0.0,0.469751966122202,0.3663036902601331,0.469751966122202,540,0.54,237,0.469751966122202,0,549,225.17498487598252,0.15076381909547867,0.1410247585557008,0.0,0.3165829145728643,0.2663316582914573,0.3165829145728643,534,0.534,547,0.3165829145728643,0,549,150.64070351758915,0
23,34,2024-02-14,0.36430859562230444,0.30271246304793076,0.0,0.6587314267454865,0.4805080683815306,0.6587314267454865,603,0.603,514,0.6587314267454865,0,609,364.2892235181337,0.24977525710828824,0.21010673074621497,0.0,0.5,0.3306110102843315,0.5,600,0.6,174,0.5,0,609,249.7634603750756,0.16949246231155812,0.14068786336105485,0.0,0.3165829145728643,0.271356783919598,0.3165829145728643,594,0.594,607,0.3165829145728643,0,609,169.3693467336685,0
23,35,2024-02-14,0.3751298929541462,0.31233018683032987,0.0,0.6934813868030036,0.4813069180380252,0.6934813868030036,604,0.604,599,0.6934813868030036,0,609,375.1108803323213,0.24088535995160384,0.20200802665096573,0.0,0.4788263762855414,0.3203266787658802,0.4788263762855414,600,0.6,189,0.4788263762855414,0,609,240.87689050211677,0.1690100502512572,0.13996524827787443,0.0,0.3165829145728643,0.271356783919598,0.3165829145728643,594,0.594,607,0.3165829145728643,0,609,168.88693467336776,0
23,36,2024-02-14,0.32400167758427767,0.290720807404851,0.0,0.6160728550886723,0.477152899824253,0.6160728550886723,564,0.564,453,0.6160728550886723,0,569,323.9944479948877,0.2657670901391401,0.2411311318487694,0.0,0.6046581972171808,0.4101633393829401,0.6046581972171808,560,0.56,140,0.6046581972171808,0,569,265.75892316999386,0.0,0.0,0.0,0.0,0.0,0.0,0,0.0,0,0.0,-1,-1,0.0,0
23,37,2024-02-14,0.45336028119507865,0.28362130015751646,0.0,0.6558555679821058,0.6275762901421953,0.6558555679821058,724,0.724,550,0.6558555679821058,0,729,453.33200191723944,0.29741137326073824,0.18907540532335845,0.0,0.454930429522081,0.4010889292196007,0.454930429522081,720,0.72,308,0.454930429522081,0,729,297.3971566848144,0.20207537688442348,0.1282539287926545,0.0,0.3165829145728643,0.2864321608040201,0.3165829145728643,714,0.714,727,0.3165829145728643,0,729,201.95226130653398,0
23,38,2024-02-14,0.46725387442083616,0.3746911229738686,0.0,0.8864834638121105,0.7474037386163924,0.8864834638121105,615,0.615,32,0.8864834638121105,0,629,467.21217446876597,0.26730732002419866,0.21840203388655696,0.0,0.5323653962492438,0.39972776769509977,0.5323653962492438,610,0.61,26,0.5323653962492438,0,629,267.28962492437944,0.17074874371859486,0.13839441933345265,0.0,0.3165829145728643,0.2763819095477386,0.3165829145728643,604,0.604,627,0.3165829145728643,0,629,170.62562814070535,0
23,39,2024-02-14,0.24225507269531837,0.28792899885043627,0.0,0.6271768653139479,0.0,0.6271768653139479,424,0.424,331,0.6271768653139479,0,429,242.24157213612364,0.1534942528735631,0.18467772434471486,0.0,0.4246823956442831,0.0,0.4246823956442831,420,0.42,202,0.4246823956442831,0,429,153.4826073805202,0.11650251256281487,0.13875955602597537,0.0,0.3165829145728643,0.0,0.3165829145728643,414,0.414,427,0.3165829145728643,0,429,116.37939698492544,0
23,40,2024-02-14,0.2922981306918032,0.2958234281657768,0.0,0.6341268573254514,0.147907013899984,0.6341268573254514,504,0.504,399,0.6341268573254514,0,509,292.28447036267784,0.19892256503327296,0.20527542499942616,0.0,0.454930429522081,0.0071082879612825,0.454930429522081,500,0.5,229,0.454930429522081,0,509,198.91273442226228,0.13896482412060424,0.1408212253520724,0.0,0.3165829145728643,0.0,0.3165829145728643,494,0.494,507,0.3165829145728643,0,509,138.84170854271477,0
23,41,2024-02-14,0.23254122064227517,0.2889604857818755,0.0,0.6496245406614475,0.0,0.6496245406614475,404,0.404,356,0.6496245406614475,0,409,232.52596261383633,0.14939292196007248,0.18566111506633132,0.0,0.4277071990320629,0.0,0.4277071990320629,400,0.4,189,0.4277071990320629,0,409,149.38294010889294,0.11072361809045302,0.13748663309001116,0.0,0.3165829145728643,0.0,0.3165829145728643,394,0.394,407,0.3165829145728643,0,409,110.60050251256357,0
23,42,2024-02-14,0.23259058955104717,0.28913725899986265,0.0,0.6498641955583959,0.0,0.6498641955583959,404,0.404,246,0.6498641955583959,0,409,232.57660968205786,0.15151361161524493,0.18904650904637652,0.0,0.4519056261343013,0.0,0.4519056261343013,400,0.4,206,0.4519056261343013,0,409,151.5039322444043,0.11063316582914645,0.13735202123716742,0.0,0.3165829145728643,0.0,0.3165829145728643,394,0.394,407,0.3165829145728643,0,409,110.510050251257,0
23,43,2024-02-14,0.4403957501198263,0.28950538241839874,0.0,0.662086595302764,0.6205464131650423,0.662086595302764,704,0.704,668,0.662086595302764,0,709,440.3685093465406,0.2975456745311562,0.19876301498489907,0.0,0.4788263762855414,0.4071385359951603,0.4788263762855414,700,0.7,208,0.4788263762855414,0,709,297.5307017543861,0.1985929648241203,0.13232383852680804,0.0,0.3165829145728643,0.2814070351758794,0.3165829145728643,694,0.694,707,0.3165829145728643,0,709,198.4698492462304,0
23,44,2024-02-14,0.454879373701871,0.299008903892873,0.0,0.6757469244288224,0.6491452308675507,0.6757469244288224,704,0.704,533,0.6757469244288224,0,709,454.85145390637473,0.29624077434966817,0.19691642379575755,0.0,0.4667271627344223,0.4098608590441621,0.4667271627344223,700,0.7,207,0.4667271627344223,0,709,296.22610405323684,0.1964824120603036,0.1306924950771395,0.0,0.3165829145728643,0.2864321608040201,0.3165829145728643,694,0.694,707,0.3165829145728643,0,709,196.3592964824141,0
23,45,2024-02-14,0.2969880172551521,0.3023180787013753,0.0,0.6673590030356287,0.11511423550087871,0.6673590030356287,503,0.503,492,0.6673590030356287,0,509,296.96972359801896,0.20650756200846962,0.21241696730644483,0.0,0.4727767695099819,0.0101330913490623,0.4727767695099819,500,0.5,262,0.4727767695099819,0,509,206.49652147610394,0.13914572864321667,0.14108919682445403,0.0,0.3165829145728643,0.0,0.3165829145728643,494,0.494,507,0.3165829145728643,0,509,139.0226130653272,0
23,46,2024-02-14,0.3011723917558716,0.3073106918710853,0.0,0.6807796772647388,0.11874900143792935,0.6807796772647388,503,0.503,450,0.6807796772647388,0,509,301.15373861639273,0.2034016938898961,0.20945071098247156,0.0,0.4758015728977616,0.0102843315184513,0.4758015728977616,500,0.5,300,0.4758015728977616,0,509,203.39140955837826,0.13819095477387025,0.14008875029113813,0.0,0.3165829145728643,0.0,0.3165829145728643,494,0.494,507,0.3165829145728643,0,509,138.06783919598075,0
23,47,2024-02-14,0.48152995686211814,0.3168686841093152,0.0,0.728950311551366,0.6889279437609842,0.728950311551366,704,0.704,555,0.728950311551366,0,709,481.5042339031791,0.2866705989110705,0.19350830244760792,0.0,0.4788263762855414,0.3865698729582577,0.4788263762855414,700,0.7,255,0.4788263762855414,0,709,286.65562613430086,0.20378894472361908,0.13639759910937493,0.0,0.3266331658291457,0.2864321608040201,0.3266331658291457,694,0.694,560,0.3266331658291457,0,709,203.66582914572956,0
23,48,2024-02-14,0.279070458539702,0.3005252165764033,0.0,0.6417958140278,0.0,0.6417958140278,474,0.474,192,0.6417958140278,0,479,279.0578367151309,0.204973986690865,0.22352898635328958,0.0,0.5865093768905021,0.0,0.5865093768905021,470,0.47,36,0.5865093768905021,0,479,204.96249243799207,0.14396482412060393,0.15594866733565446,0.0,0.3266331658291457,0.0,0.3266331658291457,463,0.463,153,0.3266331658291457,0,477,143.84170854271449,0
23,49,2024-02-14,0.29930212494008485,0.317390196967781,0.0,0.9166000958619588,0.0,0.9166000958619588,486,0.486,50,0.9166000958619588,0,499,299.2805959418442,0.18550998185117973,0.21059924533162128,0.0,0.8073200241984271,0.0,0.8073200241984271,480,0.48,9,0.8073200241984271,0,499,185.494101633394,0.13314070351758875,0.1406929262883811,0.0,0.3165829145728643,0.0,0.3165829145728643,473,0.473,497,0.3165829145728643,0,497,133.01758793969933,0
23,50,2024-02-14,0.2814105288384725,0.30977796842515204,0.0,0.8661127975714971,0.0,0.8661127975714971,465,0.465,13,0.8661127975714971,0,479,281.3782952548321,0.18958106473079223,0.21485514220659735,0.0,0.7138535995160314,0.0,0.7138535995160314,460,0.46,13,0.7138535995160314,0,479,189.55868118572243,0.1293216080402014,0.14204802479246567,0.0,0.3165829145728643,0.0,0.3165829145728643,454,0.454,477,0.3165829145728643,0,479,129.19849246231192,0
23,51,2024-02-14,0.2815206902061018,0.30969711735295186,0.0,0.860600734941684,0.0,0.860600734941684,465,0.465,13,0.860600734941684,0,479,281.4903339191548,0.1849452510586811,0.20828013094439066,0.0,0.6712038717483364,0.0,0.6712038717483364,460,0.46,13,0.6712038717483364,0,479,184.92301875378047,0.12897487437185912,0.1416921873023591,0.0,0.3165829145728643,0.0,0.3165829145728643,454,0.454,477,0.3165829145728643,0,479,128.85175879396965,0
23,52,2024-02-14,0.32017247164083723,0.31148621528901455,0.0,0.6802204825051925,0.4934494328167439,0.6802204825051925,524,0.524,143,0.6802204825051925,0,529,320.15917079405654,0.219166061705989,0.21362681197092886,0.0,0.5505142165759226,0.3711433756805807,0.5505142165759226,520,0.52,133,0.5505142165759226,0,529,219.1542649727768,0.16046733668341823,0.1572765189452314,0.0,0.3266331658291457,0.271356783919598,0.3266331658291457,513,0.513,148,0.3266331658291457,0,527,160.34422110552882,0
23,53,2024-02-14,0.45381850135804436,0.3644255605676108,0.0,0.8860041540182138,0.7018693081961975,0.8860041540182138,615,0.615,33,0.8860041540182138,0,629,453.7768413484586,0.26210163339382997,0.21368336709074254,0.0,0.5290381125226861,0.3870235934664247,0.5290381125226861,610,0.61,49,0.5290381125226861,0,629,262.0840895341795,0.17036180904522796,0.13810343468849953,0.0,0.3165829145728643,0.271356783919598,0.3165829145728643,604,0.604,627,0.3165829145728643,0,629,170.2386934673385,0
23,54,2024-02-14,0.42437609841827784,0.3413687331663831,0.0,0.8880811631250999,0.6721521009745965,0.8880811631250999,615,0.615,49,0.8880811631250999,0,629,424.33607605048695,0.2501288566243188,0.20447575112534574,0.0,0.5090744101633394,0.3808227465214761,0.5090744101633394,610,0.61,49,0.5090744101633394,0,629,250.11085904416134,0.1712261306532682,0.13876504998556868,0.0,0.3165829145728643,0.2763819095477386,0.3165829145728643,604,0.604,627,0.3165829145728643,0,629,171.1030150753787,0
23,55,2024-02-14,0.4613967886243825,0.37024055962002084,0.0,0.886723118709059,0.7226393992650583,0.886723118709059,615,0.615,25,0.886723118709059,0,629,461.35664642914253,0.254613430127042,0.20857191749584825,0.0,0.5199637023593466,0.3793103448275862,0.5199637023593466,610,0.61,49,0.5199637023593466,0,629,254.59618874773142,0.17080904522613258,0.13844079005919252,0.0,0.3165829145728643,0.2763819095477386,0.3165829145728643,604,0.604,627,0.3165829145728643,0,629,170.68592964824308,0
23,56,2024-02-14,0.4515870746125586,0.3624212659057424,0.0,0.8836874900143793,0.7069020610321137,0.8836874900143793,615,0.615,28,0.8836874900143793,0,629,451.54549448793637,0.2535568663036903,0.20655123296426586,0.0,0.5595886267392619,0.3817301875378101,0.5595886267392619,610,0.61,48,0.5595886267392619,0,629,253.53932244404155,0.1707738693467356,0.13843575795045218,0.0,0.3165829145728643,0.2763819095477386,0.3165829145728643,604,0.604,627,0.3165829145728643,0,629,170.6507537688461,0
23,57,2024-02-14,0.4539954465569583,0.36394013402795855,0.0,0.9016616072855088,0.7319060552803962,0.9016616072855088,615,0.615,48,0.9016616072855088,0,629,453.9547851094412,0.25496007259528136,0.2074183492698744,0.0,0.5898366606170599,0.3977616454930429,0.5898366606170599,610,0.61,45,0.5898366606170599,0,629,254.9428312159708,0.1715477386934692,0.13901744223740892,0.0,0.3165829145728643,0.2763819095477386,0.3165829145728643,604,0.604,627,0.3165829145728643,0,629,171.42462311557972,0
23,58,2024-02-14,0.3173294455983389,0.30962090879867654,0.0,0.6584118868828887,0.4699632529158012,0.6584118868828887,524,0.524,506,0.6584118868828887,0,529,317.3152660169369,0.22385420447670956,0.21865769272982016,0.0,0.5353901996370236,0.3799153055051422,0.5353901996370236,520,0.52,130,0.5353901996370236,0,529,223.8427102238359,0.14514572864321745,0.14151904218880898,0.0,0.3165829145728643,0.271356783919598,0.3165829145728643,513,0.513,527,0.3165829145728643,0,527,145.02261306532802,0
23,59,2024-02-14,0.44617127336635126,0.35779364351678666,0.0,0.8974277041060872,0.7179261862917399,0.8974277041060872,615,0.615,35,0.8974277041060872,0,629,446.1308116312502,0.2572265577737461,0.21073152780612917,0.0,0.632183908045977,0.3889897156684815,0.632183908045977,610,0.61,25,0.632183908045977,0,629,257.2093163944341,0.17165829145728828,0.13910473580015906,0.0,0.3165829145728643,0.2763819095477386,0.3165829145728643,604,0.604,627,0.3165829145728643,0,629,171.5351758793988,0
23,60,2024-02-14,0.48723853650742965,0.32147295847355756,0.0,0.7464451190285988,0.6878894392075411,0.7464451190285988,704,0.704,637,0.7464451190285988,0,709,487.212214411248,0.2952622504537195,0.19724164182138368,0.0,0.469751966122202,0.4198427102238354,0.469751966122202,700,0.7,237,0.469751966122202,0,709,295.2475801572897,0.19931658291457482,0.13303958213967262,0.0,0.3266331658291457,0.2864321608040201,0.3266331658291457,694,0.694,643,0.3266331658291457,0,709,199.19346733668536,1
23,61,2024-02-14,0.30723925547211955,0.28665239528359865,0.0,0.6086435532832721,0.4702029078127496,0.6086435532832721,544,0.544,143,0.6086435532832721,0,549,307.22495606326856,0.22624924379915334,0.2125615381529574,0.0,0.5381125226860254,0.3714458560193587,0.5381125226860254,540,0.54,133,0.5381125226860254,0,549,226.23774954627967,0.15162311557789043,0.1421628441638364,0.0,0.3165829145728643,0.2663316582914573,0.3165829145728643,533,0.533,547,0.3165829145728643,0,547,151.500000000001,0
23,62,2024-02-14,0.3252111359642115,0.31767246866344584,0.0,0.6831762262342227,0.4714810672631411,0.6831762262342227,523,0.523,222,0.6831762262342227,0,529,325.1924029397669,0.20501572897761655,0.20213441916989186,0.0,0.5290381125226861,0.30293405928614636,0.5290381125226861,520,0.52,136,0.5290381125226861,0,529,205.00438596491202,0.14546733668341844,0.14154961828634102,0.0,0.3165829145728643,0.271356783919598,0.3165829145728643,514,0.514,527,0.3165829145728643,0,529,145.34422110552896,0
23,63,2024-02-14,0.3663224956063269,0.3043047959560495,0.0,0.6592107365393833,0.4808276082441284,0.6592107365393833,603,0.603,229,0.6592107365393833,0,609,366.30312350215684,0.2795039322444036,0.23470052536272243,0.0,0.5898366606170599,0.4231699939503932,0.5898366606170599,600,0.6,149,0.5898366606170599,0,609,279.4912280701752,0.1681105527638209,0.1391233854565781,0.0,0.3165829145728643,0.2763819095477386,0.3165829145728643,594,0.594,607,0.3165829145728643,0,609,167.9874371859314,0
23,64,2024-02-14,0.2751671992331025,0.29551737466765005,0.0,0.640597539543058,0.0,0.640597539543058,474,0.474,331,0.640597539543058,0,479,275.15214091707895,0.18391651542649723,0.1980490463301888,0.0,0.4428312159709618,0.0,0.4428312159709618,470,0.47,231,0.4428312159709618,0,479,183.90607985480955,0.130140703517589,0.14002416721717706,0.0,0.3165829145728643,0.0,0.3165829145728643,464,0.464,477,0.3165829145728643,0,479,130.01758793969952,0
23,65,2024-02-14,0.30589127656175125,0.2978154936552031,0.0,0.6455504074133248,0.4708419875379454,0.6455504074133248,524,0.524,474,0.6455504074133248,0,529,305.8748202588273,0.2001400483968541,0.1966398597145955,0.0,0.4939503932244404,0.3284936479128856,0.4939503932244404,520,0.52,138,0.4939503932244404,0,529,200.13142770719878,0.14750753768844224,0.14367085372210048,0.0,0.3165829145728643,0.2663316582914573,0.3165829145728643,514,0.514,527,0.3165829145728643,0,529,147.38442211055275,0
23,66,2024-02-14,0.34771784630132624,0.28878877624876836,0.0,0.6359642115353891,0.4788304841028918,0.6359642115353891,603,0.603,529,0.6359642115353891,0,609,347.7003914363312,0.2845810647307901,0.23845051061594605,0.0,0.6382335148215366,0.4177253478523896,0.6382335148215366,600,0.6,136,0.6382335148215366,0,609,284.5724440411372,0.17760804020100474,0.16169333732397967,0.0,1.0,0.271356783919598,1.0,594,0.594,169,1.0,0,609,177.48492462311503,0
23,67,2024-02-14,0.3016525802843909,0.3058370877366554,0.0,0.6616871704745168,0.13488576449912126,0.6616871704745168,504,0.504,158,0.6616871704745168,0,509,301.638320818022,0.20828191167574042,0.2120594477216186,0.0,0.5290381125226861,0.0081669691470054,0.5290381125226861,500,0.5,131,0.5290381125226861,0,509,208.2705686630363,0.15361809045226238,0.1564152265215911,0.0,0.3266331658291457,0.0,0.3266331658291457,494,0.494,163,0.3266331658291457,0,509,153.4949748743729,1
23,68,2024-02-14,0.2649458379932891,0.2844326045937027,0.0,0.6107205623901582,0.0,0.6107205623901582,474,0.474,431,0.6107205623901582,0,479,264.93030036747086,0.18161796733212318,0.19577285650495602,0.0,0.4727767695099819,0.0,0.4727767695099819,470,0.47,151,0.4727767695099819,0,479,181.60783424077403,0.13277889447236155,0.14302112014332205,0.0,0.3165829145728643,0.0,0.3165829145728643,464,0.464,477,0.3165829145728643,0,479,132.65577889447204,0
23,69,2024-02-14,0.3059590190126208,0.2986005338928172,0.0,0.6433935133407893,0.4541460297172072,0.6433935133407893,523,0.523,360,0.6433935133407893,0,529,305.9388480587955,0.196310949788263,0.1937535565779068,0.0,0.514216575922565,0.3206291591046582,0.514216575922565,520,0.52,134,0.514216575922565,0,529,196.29885057471193,0.1525879396984931,0.14928173908858597,0.0,0.3266331658291457,0.2663316582914573,0.3266331658291457,514,0.514,369,0.3266331658291457,0,529,152.46482412060362,0
23,70,2024-02-14,0.28993601214251447,0.31636515474640314,0.0,0.8263300846780636,0.0,0.8263300846780636,465,0.465,16,0.8263300846780636,0,479,289.9068541300526,0.19315607985480915,0.21701261677227981,0.0,0.7138535995160314,0.0,0.7138535995160314,460,0.46,16,0.7138535995160314,0,479,193.13656987295798,0.12851256281407136,0.14105577978867836,0.0,0.3165829145728643,0.0,0.3165829145728643,454,0.454,477,0.3165829145728643,0,479,128.38944723618192,0
23,71,2024-02-14,0.36823925547211916,0.3070084008991691,0.0,0.6733503754593385,0.4805879533471801,0.6733503754593385,603,0.603,210,0.6733503754593385,0,609,368.22212014698783,0.2604104658197218,0.21911675033542385,0.0,0.5263157894736842,0.3402903811252268,0.5263157894736842,600,0.6,214,0.5263157894736842,0,609,260.39912280701765,0.1676080402010068,0.13875341760183654,0.0,0.3165829145728643,0.271356783919598,0.3165829145728643,594,0.594,607,0.3165829145728643,0,609,167.48492462311734,0
23,72,2024-02-14,0.3047575491292538,0.33180942706065364,0.0,0.8339990413804123,0.0,0.8339990413804123,465,0.465,15,0.8339990413804123,0,479,304.72815146189447,0.1828614640048393,0.2106162237352691,0.0,0.7196007259528131,0.0,0.7196007259528131,460,0.46,15,0.7196007259528131,0,479,182.8431639443446,0.13823618090452347,0.15249181674068296,0.0,0.3266331658291457,0.0,0.3266331658291457,454,0.454,239,0.3266331658291457,0,479,138.113065326634,0
23,73,2024-02-14,0.4938258507748834,0.32583972813822154,0.0,0.7404537466048889,0.7172072216008947,0.7404537466048889,704,0.704,668,0.7404537466048889,0,709,493.79972839111497,0.34655898366606197,0.23217455205390164,0.0,0.6019358741681791,0.4624924379915305,0.6019358741681791,700,0.7,42,0.6019358741681791,0,709,346.5424984875983,0.19842211055276476,0.13203213294190344,0.0,0.3165829145728643,0.2864321608040201,0.3165829145728643,694,0.694,707,0.3165829145728643,0,709,198.29899497487486,1
23,74,2024-02-14,0.29385460936251845,0.32044678590480413,0.0,0.8244927304681259,0.0,0.8244927304681259,465,0.465,16,0.8244927304681259,0,479,293.8238935932252,0.17834936479128832,0.20533608363679323,0.0,0.7259528130671506,0.0,0.7259528130671506,460,0.46,13,0.7259528130671506,0,479,178.3324258923174,0.13773869346733753,0.15193539426746963,0.0,0.3266331658291457,0.0,0.3266331658291457,454,0.454,254,0.3266331658291457,0,479,137.61557788944805,0
23,75,2024-02-14,0.4958801725515262,0.3271493413202571,0.0,0.7590669436012143,0.7174468764978431,0.7590669436012143,704,0.704,675,0.7590669436012143,0,709,495.85341108803385,0.3039885057471264,0.20308753578930286,0.0,0.4939503932244404,0.4219600725952813,0.4939503932244404,700,0.7,218,0.4939503932244404,0,709,303.97398669086624,0.19737688442211287,0.13144951761962587,0.0,0.3266331658291457,0.2864321608040201,0.3266331658291457,694,0.694,681,0.3266331658291457,0,709,197.25376884422337,1
23,76,2024-02-14,0.2966284550247636,0.30051314196686635,0.0,0.6445917878255313,0.13017255152580284,0.6445917878255313,504,0.504,153,0.6445917878255313,0,509,296.6145550407413,0.20477071990320647,0.2076705907020663,0.0,0.514216575922565,0.0069570477918935,0.514216575922565,500,0.5,133,0.514216575922565,0,509,204.7607380520264,0.1537035175879408,0.1565463693717979,0.0,0.3266331658291457,0.0,0.3266331658291457,494,0.494,156,0.3266331658291457,0,509,153.5804020100513,0
23,77,2024-02-14,0.5149328167438911,0.34061178511592316,0.0,0.7887841508228152,0.7547531554561432,0.7887841508228152,704,0.704,554,0.7887841508228152,0,709,514.9049768333588,0.28904416212946243,0.1958288053557682,0.0,0.4939503932244404,0.3829401088929219,0.4939503932244404,700,0.7,237,0.4939503932244404,0,709,289.02964307320104,0.20248743718593196,0.13544573156186313,0.0,0.3266331658291457,0.2864321608040201,0.3266331658291457,694,0.694,561,0.3266331658291457,0,709,202.36432160804245,0
23,78,2024-02-14,0.4810396229429585,0.3166428957685991,0.0,0.721041699952069,0.6955583959098898,0.721041699952069,704,0.704,214,0.721041699952069,0,709,481.0113836076061,0.2905620084694488,0.19326766602005696,0.0,0.4579552329098608,0.4074410163339383,0.4579552329098608,700,0.7,258,0.4579552329098608,0,709,290.54582577132516,0.196351758793972,0.13059899568641778,0.0,0.3165829145728643,0.2864321608040201,0.3165829145728643,694,0.694,707,0.3165829145728643,0,709,196.2286432160825,0
23,79,2024-02-14,0.30697052244767464,0.298617436185522,0.0,0.6549768333599617,0.4700431378814507,0.6549768333599617,524,0.524,156,0.6549768333599617,0,529,306.9564227512384,0.20933514821536597,0.20389640486216803,0.0,0.5199637023593466,0.3608590441621294,0.5199637023593466,520,0.52,133,0.5199637023593466,0,529,209.32395644283125,0.1601407035175891,0.15670873213257192,0.0,0.3266331658291457,0.2663316582914573,0.3266331658291457,514,0.514,162,0.3266331658291457,0,529,160.01758793969964,0
23,80,2024-02-14,0.3113275283591628,0.3035441686286972,0.0,0.6497843105927464,0.4706822176066464,0.6497843105927464,523,0.523,306,0.6497843105927464,0,529,311.3083559674073,0.19828765880217783,0.19546380891269283,0.0,0.4879007864488808,0.31790683605565634,0.4879007864488808,520,0.52,136,0.4879007864488808,0,529,198.27903811252284,0.14623115577889514,0.14242716679399278,0.0,0.3165829145728643,0.2663316582914573,0.3165829145728643,514,0.514,527,0.3165829145728643,0,529,146.10804020100565,0
23,81,2024-02-14,0.3193329605368275,0.31154678242416056,0.0,0.6838951909250679,0.4746764658891196,0.6838951909250679,524,0.524,181,0.6838951909250679,0,529,319.31957980508093,0.2006875378100424,0.1980221130264254,0.0,0.5090744101633394,0.294615849969752,0.5090744101633394,520,0.52,142,0.5090744101633394,0,529,200.67558983666117,0.15933668341708662,0.15590615129595872,0.0,0.3266331658291457,0.271356783919598,0.3266331658291457,514,0.514,187,0.3266331658291457,0,529,159.21356783919717,1
23,82,2024-02-14,0.38353123502156966,0.3209880216258234,0.0,0.7039463173030835,0.4817462853490973,0.7039463173030835,604,0.604,576,0.7039463173030835,0,609,383.5146988336791,0.2438672111312762,0.20382008595193724,0.0,0.4727767695099819,0.3369630973986691,0.4727767695099819,600,0.6,206,0.4727767695099819,0,609,243.85889292196012,0.16751758793970037,0.1386680757472088,0.0,0.3165829145728643,0.271356783919598,0.3165829145728643,594,0.594,607,0.3165829145728643,0,609,167.3944723618109,0
23,83,2024-02-14,0.3220103850455337,0.3010412669202748,0.0,0.6536187889439208,0.4767534749960057,0.6536187889439208,544,0.544,237,0.6536187889439208,0,549,321.99632529158,0.20264398064125844,0.19211882107584075,0.0,0.4879007864488808,0.3284936479128856,0.4879007864488808,540,0.54,131,0.4879007864488808,0,549,202.63248638838476,0.16328140703517713,0.1538653711383561,0.0,0.3266331658291457,0.271356783919598,0.3266331658291457,533,0.533,244,0.3266331658291457,0,547,163.1582914572877,0
23,84,2024-02-14,0.4394051765457755,0.35307846787967606,0.0,0.9007029876977153,0.7099376897267934,0.9007029876977153,615,0.615,34,0.9007029876977153,0,629,439.3663524524676,0.28386902601330866,0.232343578044756,0.0,0.7078039927404719,0.441318814277072,0.7078039927404719,610,0.61,21,0.7078039927404719,0,629,283.85102843315207,0.1712361809045245,0.1387963190119179,0.0,0.3165829145728643,0.2763819095477386,0.3165829145728643,604,0.604,627,0.3165829145728643,0,629,171.11306532663502,1
23,85,2024-02-14,0.2969558236139965,0.301323997224111,0.0,0.6649624540661447,0.1290541620067103,0.6649624540661447,504,0.504,198,0.6649624540661447,0,509,296.94148426266133,0.20238929219600726,0.20692207595230516,0.0,0.5290381125226861,0.0081669691470054,0.5290381125226861,500,0.5,128,0.5290381125226861,0,509,202.37583182093238,0.1520502512562825,0.15493477213516546,0.0,0.3266331658291457,0.0,0.3266331658291457,494,0.494,204,0.3266331658291457,0,509,151.92713567839303,0
23,86,2024-02-14,0.4608630771688776,0.3694327184833079,0.0,0.8913564467167279,0.7445278798530116,0.8913564467167279,615,0.615,28,0.8913564467167279,0,629,460.822895031154,0.2616630369026013,0.21386004747734663,0.0,0.5562613430127041,0.3838475499092559,0.5562613430127041,610,0.61,28,0.5562613430127041,0,629,261.64564428312116,0.171396984924625,0.13890544720983344,0.0,0.3165829145728643,0.2763819095477386,0.3165829145728643,604,0.604,627,0.3165829145728643,0,629,171.27386934673552,0
23,87,2024-02-14,0.3147800766895664,0.2823131959146829,0.0,0.6072056239015817,0.4709218725035948,0.6072056239015817,564,0.564,417,0.6072056239015817,0,569,314.7669356127169,0.2663635813672113,0.24072449232467824,0.0,0.5716878402903811,0.4122807017543859,0.5716878402903811,560,0.56,137,0.5716878402903811,0,569,266.35238959467557,0.15899497487437156,0.14327552323651802,0.0,0.3165829145728643,0.2663316582914573,0.3165829145728643,553,0.553,567,0.3165829145728643,0,567,158.87185929648194,0
23,88,2024-02-14,0.45991348458220155,0.3685039312442411,0.0,0.8895190925067902,0.7430100655056718,0.8895190925067902,615,0.615,47,0.8895190925067902,0,629,459.8716248602015,0.2596975196612221,0.21178630693103187,0.0,0.5323653962492438,0.3799153055051422,0.5323653962492438,610,0.61,24,0.5323653962492438,0,629,259.67982456140356,0.17153266331658476,0.13901233963190238,0.0,0.3165829145728643,0.2763819095477386,0.3165829145728643,604,0.604,627,0.3165829145728643,0,629,171.4095477386953,0
23,89,2024-02-14,0.46765393832880764,0.37459267157503373,0.0,0.8974277041060872,0.7531554561431538,0.8974277041060872,615,0.615,46,0.8974277041060872,0,629,467.6134765937055,0.26073835450695754,0.21214006754062206,0.0,0.5172413793103449,0.3853599516031458,0.5172413793103449,610,0.61,33,0.5172413793103449,0,629,260.7211131276465,0.1712763819095496,0.13880839168356326,0.0,0.3165829145728643,0.2763819095477386,0.3165829145728643,604,0.604,627,0.3165829145728643,0,629,171.15326633166012,0
23,90,2024-02-14,0.3092946956382827,0.3149587117776083,0.0,0.6943601214251478,0.13664323374340945,0.6943601214251478,504,0.504,359,0.6943601214251478,0,509,309.2796772647386,0.20118965517241413,0.20814916400052516,0.0,0.5199637023593466,0.00801572897761645,0.5199637023593466,500,0.5,139,0.5199637023593466,0,509,201.17952208106487,0.1457487437185941,0.14833571504009285,0.0,0.3266331658291457,0.0,0.3266331658291457,494,0.494,366,0.3266331658291457,0,509,145.62562814070463,0
23,91,2024-02-14,0.3108341588113119,0.3157952007753891,0.0,0.6875698993449433,0.1442323054801086,0.6875698993449433,504,0.504,171,0.6875698993449433,0,509,310.8206981946002,0.19322474289171182,0.19849567904976334,0.0,0.5030248033877798,0.0087719298245614,0.5030248033877798,500,0.5,134,0.5030248033877798,0,509,193.21491228070133,0.1530603015075388,0.15587372044976222,0.0,0.3266331658291457,0.0,0.3266331658291457,494,0.494,176,0.3266331658291457,0,509,152.93718592964933,0
23,92,2024-02-14,0.30587505991372416,0.31033624238371277,0.0,0.6718325611119987,0.14355328327208816,0.6718325611119987,504,0.504,346,0.6718325611119987,0,509,305.86191883687513,0.1913614640048396,0.19726671002228777,0.0,0.4939503932244404,0.0086206896551724,0.4939503932244404,500,0.5,133,0.4939503932244404,0,509,191.35178463399947,0.1537889447236192,0.1565952982117763,0.0,0.3266331658291457,0.0,0.3266331658291457,494,0.494,156,0.3266331658291457,0,509,153.66582914572973,0
23,93,2024-02-14,0.3036376417958135,0.30770871881611056,0.0,0.6594503914363317,0.14535069499920114,0.6594503914363317,504,0.504,158,0.6594503914363317,0,509,303.62338232944535,0.2025505142165758,0.20548904930025044,0.0,0.4939503932244404,0.0086206896551724,0.4939503932244404,500,0.5,148,0.4939503932244404,0,509,202.5388687235331,0.1533316582914584,0.15620850397699132,0.0,0.3266331658291457,0.0,0.3266331658291457,494,0.494,163,0.3266331658291457,0,509,153.2085427135689,0
23,94,2024-02-14,0.30107732864674897,0.3054002455454894,0.0,0.6558555679821058,0.14143633168237735,0.6558555679821058,504,0.504,160,0.6558555679821058,0,509,301.06318900782964,0.20509467634603717,0.20836758790351528,0.0,0.5,0.0087719298245614,0.5,500,0.5,153,0.5,0,509,205.0848457350268,0.15304522613065438,0.1559443167723265,0.0,0.3266331658291457,0.0,0.3266331658291457,494,0.494,168,0.3266331658291457,0,509,152.9221105527649,0
23,95,2024-02-14,0.36505799648506215,0.3033667404480334,0.0,0.6659210736539384,0.4805080683815306,0.6659210736539384,604,0.604,534,0.6659210736539384,0,609,365.0384246684775,0.22867211131276405,0.19220822221661424,0.0,0.4337568058076225,0.2988505747126437,0.4337568058076225,600,0.6,284,0.4337568058076225,0,609,228.66364186327866,0.16878894472361858,0.13987318521331707,0.0,0.3165829145728643,0.2663316582914573,0.3165829145728643,594,0.594,607,0.3165829145728643,0,609,168.66582914572885,0
23,96,2024-02-14,0.3163014858603601,0.2836335696979922,0.0,0.6109602172871066,0.4720402620226873,0.6109602172871066,564,0.564,535,0.6109602172871066,0,569,316.28834478351143,0.26527979431337,0.23979426818892663,0.0,0.5837870538415003,0.4095583787053841,0.5837870538415003,560,0.56,138,0.5837870538415003,0,569,265.2684513006653,0.15950753768844161,0.14374349118410967,0.0,0.3165829145728643,0.2663316582914573,0.3165829145728643,553,0.553,567,0.3165829145728643,0,567,159.3844221105521,0
23,96,2024-02-14,0.324136203866433,0.29071107735035095,0.0,0.6174308995047132,0.4794695638280875,0.6174308995047132,564,0.564,446,0.6174308995047132,0,569,324.12773606007335,0.24527707199032103,0.22106120976070864,0.0,0.5414398064125832,0.3862673926194797,0.5414398064125832,560,0.56,132,0.5414398064125832,0,569,245.26860254083496,0.0,0.0,0.0,0.0,0.0,0.0,0,0.0,0,0.0,-1,-1,0.0,0
23,97,2024-02-14,0.4805881930020776,0.38514476378949425,0.0,0.8948713852053044,0.7821536986739096,0.8948713852053044,615,0.615,46,0.8948713852053044,0,629,480.5476913244934,0.2612462189957653,0.21326838572852863,0.0,0.5232909860859044,0.3898971566848155,0.5232909860859044,610,0.61,26,0.5232909860859044,0,629,261.2288263762858,0.21701507537688655,0.19379072391535945,0.0,0.5025125628140703,0.2814070351758794,0.5025125628140703,604,0.604,145,0.5025125628140703,0,629,216.89195979899705,0
23,98,2024-02-14,0.2911628055599936,0.3132467668193422,0.0,0.6739894551845342,0.0,0.6739894551845342,474,0.474,462,0.6739894551845342,0,479,291.14694839431286,0.18014851784633965,0.19442108261414517,0.0,0.4579552329098608,0.0,0.4579552329098608,470,0.47,192,0.4579552329098608,0,479,180.1368723532972,0.13013065326633277,0.14028987871347817,0.0,0.3165829145728643,0.0,0.3165829145728643,463,0.463,477,0.3165829145728643,0,477,130.0075376884433,0
23,99,2024-02-14,0.4570344304201935,0.33691868663278207,0.0,0.8927943760984183,0.6897267934174788,0.8927943760984183,655,0.655,44,0.8927943760984183,0,659,456.994168397508,0.24849122807017565,0.19013066541220386,0.0,0.5653357531760436,0.3257713248638838,0.5653357531760436,650,0.65,47,0.5653357531760436,0,659,248.4735329703567,0.18486432160804134,0.13765974245145438,0.0,0.3165829145728643,0.2864321608040201,0.3165829145728643,644,0.644,657,0.3165829145728643,0,659,184.74120603015172,0
23,100,2024-02-14,0.32098362358204086,0.3126256426896637,0.0,0.6811791020929862,0.4808276082441284,0.6811791020929862,524,0.524,143,0.6811791020929862,0,529,320.9689646908456,0.2169373865698733,0.21245609827092862,0.0,0.5595886267392619,0.3641863278886872,0.5595886267392619,520,0.52,133,0.5595886267392619,0,529,216.92543859649157,0.16035678391959915,0.15719080360717058,0.0,0.3266331658291457,0.2663316582914573,0.3266331658291457,513,0.513,149,0.3266331658291457,0,527,160.23366834170972,0
23,101,2024-02-14,0.5648700271608872,0.3275046503285852,0.0,0.9156414762741651,0.7433296053682696,0.9156414762741651,754,0.754,28,0.9156414762741651,0,769,564.8287665761288,0.365452813067151,0.2277075662896285,0.0,0.8917120387174834,0.4283121597096189,0.8917120387174834,750,0.75,25,0.8917120387174834,0,769,365.4352692075021,0.21200000000000155,0.12494089974293912,0.0,0.3165829145728643,0.2864321608040201,0.3165829145728643,744,0.744,767,0.3165829145728643,0,769,211.87688442211171,0
23,102,2024-02-14,0.3251459498322419,0.3041202910538342,0.0,0.6580124620546414,0.4799488736219843,0.6580124620546414,544,0.544,364,0.6580124620546414,0,549,325.1304920913892,0.21468874773139696,0.20540293277254762,0.0,0.5090744101633394,0.3106473079249848,0.5090744101633394,540,0.54,153,0.5090744101633394,0,549,214.67679975801528,0.15798492462311695,0.14878023786040434,0.0,0.3266331658291457,0.271356783919598,0.3266331658291457,533,0.533,371,0.3266331658291457,0,547,157.8618090452275,0
23,103,2024-02-14,0.5248205783671506,0.3212278861916285,0.0,0.8972679341747883,0.7107365393832881,0.8972679341747883,734,0.734,44,0.8972679341747883,0,749,524.7801166320484,0.35230006049606766,0.23275470873182402,0.0,0.8923169993950393,0.426799758015729,0.8923169993950393,730,0.73,34,0.8923169993950393,0,749,352.28266787658885,0.2056180904522638,0.1271540769653364,0.0,0.3165829145728643,0.2864321608040201,0.3165829145728643,724,0.724,747,0.3165829145728643,0,749,205.49497487437438,0
23,104,2024-02-14,0.3708921552963734,0.3091663443565708,0.0,0.6841348458220163,0.4801885285189327,0.6841348458220163,603,0.603,603,0.6841348458220163,0,609,370.8733823294463,0.2386563823351499,0.20107161047252037,0.0,0.4488808227465214,0.2949183303085299,0.4488808227465214,600,0.6,267,0.4488808227465214,0,609,238.64503932244466,0.1676180904522629,0.1387975052220759,0.0,0.3165829145728643,0.271356783919598,0.3165829145728643,594,0.594,607,0.3165829145728643,0,609,167.49497487437338,1
23,105,2024-02-14,0.5033238536507422,0.3328786583193796,0.0,0.776561751078447,0.7339031794216329,0.776561751078447,704,0.704,559,0.776561751078447,0,709,503.296453107526,0.29416303690260204,0.2004276763844384,0.0,0.4939503932244404,0.3868723532970357,0.4939503932244404,700,0.7,233,0.4939503932244404,0,709,294.1485178463408,0.20189447236181135,0.1350923198238226,0.0,0.3266331658291457,0.2864321608040201,0.3266331658291457,694,0.694,565,0.3266331658291457,0,709,201.77135678392185,0
23,106,2024-02-14,0.4593814507109751,0.3322046681172469,0.0,0.7409330563987857,0.6784230707780796,0.7409330563987857,664,0.664,360,0.7409330563987857,0,679,459.35385045534395,0.26780671506352066,0.19711471476043885,0.0,0.4818511796733212,0.368118572292801,0.4818511796733212,660,0.66,210,0.4818511796733212,0,679,267.7924984875985,0.18512562814070566,0.1351628395944769,0.0,0.3165829145728643,0.2864321608040201,0.3165829145728643,654,0.654,677,0.3165829145728643,0,679,185.0025125628162,0
23,107,2024-02-14,0.47455416200670647,0.31285333479552596,0.0,0.7107365393832881,0.6884486339670874,0.7107365393832881,704,0.704,289,0.7107365393832881,0,709,474.52632209618315,0.35813883847549877,0.24105579113470238,0.0,0.5989110707803993,0.47186932849364793,0.5989110707803993,700,0.7,19,0.5989110707803993,0,709,358.1247731397458,0.22085427135678604,0.14771574532060086,0.0,0.3266331658291457,0.3266331658291457,0.3266331658291457,694,0.694,109,0.3266331658291457,0,709,220.73115577889655,0
23,108,2024-02-14,0.444447196037706,0.2946592402987552,0.0,0.6834158811311711,0.6351653618788944,0.6834158811311711,703,0.703,601,0.6834158811311711,0,709,444.42442882249514,0.3614863883847561,0.2453005784064105,0.0,0.6833030852994555,0.4742891712038717,0.6833030852994555,700,0.7,200,0.6833030852994555,0,709,361.4730792498484,0.19799497487437226,0.1338371434812762,0.0,1.0,0.271356783919598,1.0,694,0.694,241,1.0,0,709,197.87185929648265,0
23,109,2024-02-14,0.4832620226873319,0.3182050358541009,0.0,0.7251158332001917,0.6909250679022209,0.7251158332001917,704,0.704,534,0.7251158332001917,0,709,483.2364594983209,0.29779612825166324,0.19796289234090284,0.0,0.469751966122202,0.4107683000604961,0.469751966122202,700,0.7,334,0.469751966122202,0,709,297.78055051421626,0.1960703517587953,0.13053451077616668,0.0,0.3165829145728643,0.2763819095477386,0.3165829145728643,694,0.694,707,0.3165829145728643,0,709,195.9472361809056,0
23,110,2024-02-14,0.48653211375618916,0.3203538134212354,0.0,0.7348617990094264,0.6945198913564468,0.7348617990094264,704,0.704,695,0.7348617990094264,0,709,486.5047531554554,0.30065607985480897,0.20121437985294927,0.0,0.4879007864488808,0.4168179068360556,0.4879007864488808,700,0.7,328,0.4879007864488808,0,709,300.641712038718,0.19808040201005037,0.1319622556576683,0.0,0.3165829145728643,0.2763819095477386,0.3165829145728643,694,0.694,707,0.3165829145728643,0,709,197.95728643216057,0
23,111,2024-02-14,0.30686874900143735,0.31142976092946995,0.0,0.6830164563029237,0.1445917878255312,0.6830164563029237,504,0.504,185,0.6830164563029237,0,509,306.85536826969206,0.19939050211736273,0.20234905318159105,0.0,0.5090744101633394,0.00892316999395035,0.5090744101633394,500,0.5,138,0.5090744101633394,0,509,199.3785541439806,0.15272361809045332,0.15551252441156346,0.0,0.3266331658291457,0.0,0.3266331658291457,494,0.494,191,0.3266331658291457,0,509,152.60050251256388,0
23,112,2024-02-14,0.45655472120147045,0.36680962883943763,0.0,0.8939127656175108,0.6976354050167758,0.8939127656175108,615,0.615,23,0.8939127656175108,0,619,456.5179341747889,0.2621479128856628,0.21433565910217497,0.0,0.5898366606170599,0.3883847549909255,0.5898366606170599,610,0.61,20,0.5898366606170599,0,619,262.1282516636417,0.17139195979899682,0.13897625665610588,0.0,0.3165829145728643,0.271356783919598,0.3165829145728643,604,0.604,617,0.3165829145728643,0,619,171.26884422110732,0
23,113,2024-02-14,0.30083479789103773,0.30560149997379044,0.0,0.6670394631730309,0.1372823134686052,0.6670394631730309,504,0.504,197,0.6670394631730309,0,509,300.8217366991537,0.20308439201451894,0.2062177716140473,0.0,0.4969751966122202,0.0087719298245614,0.4969751966122202,500,0.5,184,0.4969751966122202,0,509,203.07471264367814,0.15145728643216191,0.15441781795982149,0.0,0.3266331658291457,0.0,0.3266331658291457,494,0.494,202,0.3266331658291457,0,509,151.33417085427243,0
23,114,2024-02-14,0.44698657932577174,0.3586488816938173,0.0,0.9014219523885604,0.7104968844863396,0.9014219523885604,615,0.615,35,0.9014219523885604,0,619,446.94595782073685,0.24780006049606723,0.20619823333119935,0.0,0.6349062310949788,0.3287961282516636,0.6349062310949788,610,0.61,25,0.6349062310949788,0,619,247.78266787658717,0.17720100502512734,0.14441461209783835,0.0,0.3266331658291457,0.2763819095477386,0.3266331658291457,604,0.604,463,0.3266331658291457,0,619,177.07788944723785,0
23,115,2024-02-14,0.2690868349576619,0.28875690342694005,0.0,0.6186291739894552,0.0,0.6186291739894552,474,0.474,211,0.6186291739894552,0,479,269.07349416839696,0.1721234119782216,0.18473150818365222,0.0,0.4125831820931639,0.0,0.4125831820931639,470,0.47,181,0.4125831820931639,0,479,172.1120689655173,0.1317185929648242,0.14208768695802368,0.0,0.3165829145728643,0.0,0.3165829145728643,464,0.464,477,0.3165829145728643,0,479,131.5954773869347,0
23,117,2024-02-14,0.34639511104010173,0.3119058591517433,0.0,0.6715929062150503,0.4898546093625179,0.6715929062150503,564,0.564,527,0.6715929062150503,0,569,346.38196996325286,0.27671960072595303,0.2499351015425317,0.0,0.5898366606170599,0.4277071990320629,0.5898366606170599,560,0.56,177,0.5898366606170599,0,569,276.70810647307945,0.1565075376884439,0.14081850783969493,0.0,0.3165829145728643,0.271356783919598,0.3165829145728643,553,0.553,567,0.3165829145728643,0,567,156.3844221105544,0
23,118,2024-02-14,0.5460758907173673,0.30976418586828114,0.0,0.7849496724716408,0.714171592906215,0.7849496724716408,764,0.764,567,0.7849496724716408,0,769,546.0482105767717,0.2888091349062314,0.169088317807612,0.0,0.4519056261343013,0.3342407743496672,0.4519056261343013,760,0.76,420,0.4519056261343013,0,769,288.79401088929166,0.22112562814070544,0.12799321337529795,0.0,0.3266331658291457,0.2864321608040201,0.3266331658291457,753,0.753,573,0.3266331658291457,0,767,221.00251256281598,1
23,119,2024-02-14,0.35394959258667474,0.31889981760706765,0.0,0.6873302444479948,0.4959258667518773,0.6873302444479948,564,0.564,438,0.6873302444479948,0,569,353.9361319699645,0.2751878402903816,0.24836079125950833,0.0,0.5955837870538415,0.4343617664851785,0.5955837870538415,560,0.56,169,0.5955837870538415,0,569,275.1774047186936,0.15649246231155942,0.14079894789626105,0.0,0.3165829145728643,0.271356783919598,0.3165829145728643,553,0.553,567,0.3165829145728643,0,567,156.36934673366997,0
23,121,2024-02-14,0.6184618948713824,0.357384186628837,0.0,0.8918357565106247,0.82537146509027,0.8918357565106247,755,0.755,44,0.8918357565106247,0,779,618.4199552644195,0.31357441016333953,0.18877336066605924,0.0,0.5263157894736842,0.3774954627949183,0.5263157894736842,750,0.75,204,0.5263157894736842,0,779,313.55792498487506,0.22391457286432404,0.13321422454251705,0.0,0.3266331658291457,0.2864321608040201,0.3266331658291457,743,0.743,452,0.3266331658291457,0,777,223.7914572864346,1
23,122,2024-02-14,0.31311343665122154,0.2920568311830319,0.0,0.640597539543058,0.4797891036906854,0.640597539543058,544,0.544,252,0.640597539543058,0,549,313.09965649464715,0.20431911675741016,0.1955517544384121,0.0,0.5353901996370236,0.323049001814882,0.5353901996370236,540,0.54,138,0.5353901996370236,0,549,204.30762250453688,0.16286432160804137,0.15330174234645558,0.0,0.3266331658291457,0.2663316582914573,0.3266331658291457,534,0.534,258,0.3266331658291457,0,549,162.7412060301519,0
23,123,2024-02-14,0.2912676945198911,0.2938003668217104,0.0,0.6397188049209139,0.146708739415242,0.6397188049209139,504,0.504,182,0.6397188049209139,0,509,291.25267614634976,0.17001633393829396,0.17245775076812003,0.0,0.4277071990320629,0.0066545674531155,0.4277071990320629,500,0.5,142,0.4277071990320629,0,509,170.00468844525076,0.15279899497487542,0.15562882632255606,0.0,0.3266331658291457,0.0,0.3266331658291457,494,0.494,188,0.3266331658291457,0,509,152.67587939698598,0
23,124,2024-02-14,0.33468181818181947,0.30097922796704096,0.0,0.6453107525163764,0.4808276082441284,0.6453107525163764,564,0.564,425,0.6453107525163764,0,569,334.66919635724577,0.28034936479128947,0.25439672769305244,0.0,0.6258318209316395,0.4246823956442831,0.6258318209316395,560,0.56,128,0.6258318209316395,0,569,280.3396854204482,0.15731155778894632,0.14159516250813756,0.0,0.3165829145728643,0.271356783919598,0.3165829145728643,553,0.553,567,0.3165829145728643,0,567,157.18844221105684,0
23,125,2024-02-14,0.2875373062789577,0.3110652955909224,0.0,0.7037865473717846,0.0,0.7037865473717846,474,0.474,447,0.7037865473717846,0,479,287.5221281354852,0.17385692679975773,0.18881994314097128,0.0,0.4939503932244404,0.0,0.4939503932244404,470,0.47,144,0.4939503932244404,0,479,173.847247428917,0.1518693467336686,0.1727313906907682,0.0,0.5025125628140703,0.0,0.5025125628140703,464,0.464,394,0.5025125628140703,0,479,151.7462311557791,0
23,126,2024-02-14,0.29093776961175805,0.29400052793707393,0.0,0.6353251318101933,0.14571017734462371,0.6353251318101933,504,0.504,508,0.6353251318101933,0,509,290.92283112318233,0.1724540229885061,0.174102326796228,0.0,0.397459165154265,0.0069570477918935,0.397459165154265,500,0.5,138,0.397459165154265,0,509,172.44237749546267,0.1411758793969851,0.14334483888433833,0.0,0.3165829145728643,0.0,0.3165829145728643,494,0.494,507,0.3165829145728643,0,509,141.05276381909562,0
23,127,2024-02-14,0.32034510305160396,0.32525922380559336,0.0,0.7076210257229589,0.1483863236938808,0.7076210257229589,504,0.504,178,0.7076210257229589,0,509,320.3298450231661,0.21028826376285553,0.21290715593824497,0.0,0.5030248033877798,0.0087719298245614,0.5030248033877798,500,0.5,171,0.5030248033877798,0,509,210.27843315184518,0.1527135678391971,0.15553327207467416,0.0,0.3266331658291457,0.0,0.3266331658291457,494,0.494,184,0.3266331658291457,0,509,152.5904522613076,0
23,128,2024-02-14,0.28139327368589234,0.30253571277175995,0.0,0.6517015497683336,0.0,0.6517015497683336,474,0.474,221,0.6517015497683336,0,479,281.37789583000534,0.16037326073805186,0.17389171766018022,0.0,0.4125831820931639,0.0,0.4125831820931639,470,0.47,157,0.4125831820931639,0,479,160.3628251663642,0.1411708542713577,0.15269242174115924,0.0,0.3266331658291457,0.0,0.3266331658291457,464,0.464,228,0.3266331658291457,0,479,141.04773869346823,0
23,129,2024-02-14,0.30150031953986245,0.30574617155381545,0.0,0.6618469404058156,0.14586994727592265,0.6618469404058156,504,0.504,485,0.6618469404058156,0,509,301.48602013101174,0.21235964912280736,0.21951145595938323,0.0,0.5060496067755595,0.00892316999395035,0.5060496067755595,500,0.5,215,0.5060496067755595,0,509,212.34770114942518,0.1398190954773872,0.14202617952622879,0.0,0.3165829145728643,0.0,0.3165829145728643,494,0.494,507,0.3165829145728643,0,509,139.69597989949773,0
24,0,2024-02-21,0.47068189806678257,0.30939556458577694,0.0,0.7188848058795335,0.6624860201310113,0.7188848058795335,704,0.704,133,0.7188848058795335,0,709,470.65653459019063,0.3285459770114956,0.22107789251514234,0.0,0.5807622504537205,0.4304295220810647,0.5807622504537205,700,0.7,140,0.5807622504537205,0,709,328.5300967937087,0.20015075376884403,0.13352290232509526,0.0,0.3165829145728643,0.2864321608040201,0.3165829145728643,694,0.694,707,0.3165829145728643,0,709,200.02763819095458,0
24,1,2024-02-21,0.47940461735101336,0.3156811397046051,0.0,0.7205623901581723,0.689407253554881,0.7205623901581723,704,0.704,297,0.7205623901581723,0,709,479.37769611759074,0.3156373260738051,0.21051869931649952,0.0,0.4879007864488808,0.4398064125831821,0.4879007864488808,700,0.7,297,0.4879007864488808,0,709,315.6229582577136,0.19597989949748962,0.1306432156938241,0.0,0.3165829145728643,0.2864321608040201,0.3165829145728643,694,0.694,707,0.3165829145728643,0,709,195.8567839196,0
24,2,2024-02-21,0.47771209458379826,0.3149143594908312,0.0,0.7205623901581723,0.6894871385205305,0.7205623901581723,704,0.704,503,0.7205623901581723,0,709,477.68525323534095,0.3223744706594075,0.21545790866656692,0.0,0.5381125226860254,0.4367816091954023,0.5381125226860254,700,0.7,19,0.5381125226860254,0,709,322.358741681791,0.19790954773869526,0.13196830890286862,0.0,0.3165829145728643,0.2864321608040201,0.3165829145728643,694,0.694,707,0.3165829145728643,0,709,197.78643216080573,0
24,3,2024-02-21,0.3001245406614485,0.2925060803554985,0.0,0.6413963891995527,0.4532672950950631,0.6413963891995527,523,0.523,509,0.6413963891995527,0,529,300.1056079245887,0.21800786448880788,0.21878781727443417,0.0,0.5774349667271628,0.31820931639443434,0.5774349667271628,520,0.52,132,0.5774349667271628,0,529,217.9977313974588,0.14652261306532674,0.14273453699724123,0.0,0.3165829145728643,0.2663316582914573,0.3165829145728643,514,0.514,527,0.3165829145728643,0,529,146.39949748743723,0
24,4,2024-02-21,0.2955355488097139,0.28763968913684856,0.0,0.6360440965010385,0.4514299408851254,0.6360440965010385,523,0.523,520,0.6360440965010385,0,529,295.51685572775193,0.20456533575317565,0.2033903513897346,0.0,0.5414398064125832,0.3203266787658802,0.5414398064125832,520,0.52,136,0.5414398064125832,0,529,204.55580762250426,0.1467638190954773,0.14297904778622647,0.0,0.3165829145728643,0.2663316582914573,0.3165829145728643,514,0.514,527,0.3165829145728643,0,529,146.6407035175878,1
24,5,2024-02-21,0.29760225275603025,0.3004449252937456,0.0,0.663444639718805,0.13708260105448156,0.663444639718805,504,0.504,137,0.663444639718805,0,509,297.5879134046967,0.21446612220205677,0.21833302747831604,0.0,0.5653357531760436,0.0098306110102843,0.5653357531760436,500,0.5,127,0.5653357531760436,0,509,214.45508166969128,0.138844221105529,0.1409270568150121,0.0,0.3165829145728643,0.0,0.3165829145728643,494,0.494,507,0.3165829145728643,0,509,138.7211055276395,0
24,6,2024-02-21,0.3038276082441291,0.30880464576302113,0.0,0.6758268093944719,0.12366192682537139,0.6758268093944719,504,0.504,212,0.6758268093944719,0,509,303.8143073973483,0.21303841500302464,0.21669766287258935,0.0,0.5263157894736842,0.0071082879612825,0.5263157894736842,500,0.5,132,0.5263157894736842,0,509,213.02813067150598,0.15101005025125738,0.15393661808292627,0.0,0.3266331658291457,0.0,0.3266331658291457,494,0.494,219,0.3266331658291457,0,509,150.88693467336793,0
24,7,2024-02-21,0.48450798849656385,0.3191789734497889,0.0,0.8972679341747883,0.6755871544975236,0.8972679341747883,705,0.705,19,0.8972679341747883,0,719,484.4710816424342,0.30167422867513705,0.20207188488488986,0.0,0.5774349667271628,0.4007864488808227,0.5774349667271628,700,0.7,49,0.5774349667271628,0,719,301.65502117362354,0.19972864321608047,0.13323668201364172,0.0,0.3165829145728643,0.2864321608040201,0.3165829145728643,694,0.694,717,0.3165829145728643,0,719,199.60552763819078,0
24,8,2024-02-21,0.3106930020770086,0.2904378414611463,0.0,0.6338872024285029,0.4648506151142355,0.6338872024285029,544,0.544,283,0.6338872024285029,0,549,310.6781035309156,0.21125287356321798,0.20116288962301043,0.0,0.5172413793103449,0.3466424682395644,0.5172413793103449,540,0.54,190,0.5172413793103449,0,549,211.24183303085275,0.1611758793969862,0.1517147365246899,0.0,0.3266331658291457,0.2663316582914573,0.3266331658291457,534,0.534,289,0.3266331658291457,0,549,161.05276381909673,0
24,9,2024-02-21,0.29782712893433416,0.30129764406697224,0.0,0.6489055759706023,0.1348458220162965,0.6489055759706023,504,0.504,181,0.6489055759706023,0,509,297.8118709058958,0.2073151845130069,0.21062757813875824,0.0,0.514216575922565,0.0069570477918935,0.514216575922565,500,0.5,131,0.514216575922565,0,509,207.3052026618267,0.15244221105527742,0.15536979057700917,0.0,0.3266331658291457,0.0,0.3266331658291457,494,0.494,187,0.3266331658291457,0,509,152.319095477388,0
24,10,2024-02-21,0.49671640837194436,0.32661309019025114,0.0,0.8935133407892635,0.6937210416999521,0.8935133407892635,705,0.705,33,0.8935133407892635,0,719,496.6761463492559,0.3093938294010893,0.20738088099749744,0.0,0.5837870538415003,0.4140955837870538,0.5837870538415003,700,0.7,30,0.5837870538415003,0,719,309.3767392619477,0.1995527638190952,0.1331470053065232,0.0,0.3165829145728643,0.2864321608040201,0.3165829145728643,694,0.694,717,0.3165829145728643,0,719,199.42964824120565,0
24,11,2024-02-21,0.3116088033232147,0.2908807090396608,0.0,0.6350854769132449,0.4731586515417798,0.6350854769132449,544,0.544,300,0.6350854769132449,0,549,311.5938648346365,0.20334724742891758,0.19454935058197956,0.0,0.5,0.3248638838475499,0.5,540,0.54,159,0.5,0,549,203.33545069570565,0.16057788944723742,0.15109751220817694,0.0,0.3266331658291457,0.2663316582914573,0.3266331658291457,534,0.534,307,0.3266331658291457,0,549,160.45477386934797,0
24,12,2024-02-21,0.31158220162965355,0.29122544158980757,0.0,0.6324492730468126,0.4638121105607924,0.6324492730468126,544,0.544,213,0.6324492730468126,0,549,311.56734302604167,0.21199909255898364,0.19916163628498088,0.0,0.4939503932244404,0.3557168784029038,0.4939503932244404,540,0.54,137,0.4939503932244404,0,549,211.98941318814315,0.16466331658291583,0.1549071226935529,0.0,0.3266331658291457,0.2663316582914573,0.3266331658291457,534,0.534,219,0.3266331658291457,0,549,164.54020100502638,0
24,13,2024-02-21,0.467545374660488,0.30893877545929727,0.0,0.8915961016136763,0.6468285668637163,0.8915961016136763,705,0.705,31,0.8915961016136763,0,709,467.50519252276774,0.30668088324258913,0.2127660997479584,0.0,0.7770719903206291,0.396249243799153,0.7770719903206291,700,0.7,28,0.7770719903206291,0,709,306.66424682395666,0.20117587939698467,0.13387323662237538,0.0,0.3165829145728643,0.2864321608040201,0.3165829145728643,694,0.694,707,0.3165829145728643,0,709,201.05276381909505,0
24,14,2024-02-21,0.2351389199552651,0.2918210913406955,0.0,0.6719923310432977,0.0,0.6719923310432977,404,0.404,222,0.6719923310432977,0,409,235.12569899344945,0.14067513611615245,0.17855622049532346,0.0,0.5,0.0,0.5,400,0.4,172,0.5,0,409,140.66333938294008,0.11833165829145786,0.1476148676036683,0.0,0.3266331658291457,0.0,0.3266331658291457,394,0.394,227,0.3266331658291457,0,409,118.20854271356843,0
24,15,2024-02-21,0.3042659370506478,0.296749752778741,0.0,0.6417958140278,0.4530276401981147,0.6417958140278,523,0.523,492,0.6417958140278,0,529,304.2470841987537,0.19814851784634013,0.19547412865231573,0.0,0.5090744101633394,0.3185117967332123,0.5090744101633394,520,0.52,132,0.5090744101633394,0,529,198.13959467634592,0.14708542713567854,0.14330378166344623,0.0,0.3165829145728643,0.2663316582914573,0.3165829145728643,514,0.514,527,0.3165829145728643,0,529,146.96231155778906,0
24,16,2024-02-21,0.32200726953187475,0.3017490582835368,0.0,0.6572934973637962,0.4690845182936571,0.6572934973637962,544,0.544,298,0.6572934973637962,0,549,321.99312989295385,0.21519842710223933,0.20458859502839866,0.0,0.5090744101633394,0.3366606170598911,0.5090744101633394,540,0.54,135,0.5090744101633394,0,549,215.1884452510587,0.16068844221105655,0.1512316104523117,0.0,0.3266331658291457,0.2663316582914573,0.3266331658291457,534,0.534,306,0.3266331658291457,0,549,160.5653266331671,0
24,17,2024-02-21,0.29961423550087896,0.29207440666000994,0.0,0.6488256910049529,0.4503914363316824,0.6488256910049529,523,0.523,507,0.6488256910049529,0,529,299.59518293657123,0.19419661222020576,0.19072277567424026,0.0,0.4939503932244404,0.31503327283726557,0.4939503932244404,520,0.52,141,0.4939503932244404,0,529,194.1879915305503,0.1489648241206024,0.14688995463013582,0.0,1.0,0.2663316582914573,1.0,514,0.514,160,1.0,0,529,148.84170854271292,0
24,18,2024-02-21,0.2555999360920279,0.3045263686426839,0.0,0.6706342866272568,0.0,0.6706342866272568,424,0.424,261,0.6706342866272568,0,429,255.58547691324495,0.1588572292800962,0.1889940385694744,0.0,0.4519056261343013,0.0,0.4519056261343013,420,0.42,131,0.4519056261343013,0,429,158.84573502722316,0.12658291457286508,0.15159912896062122,0.0,0.3266331658291457,0.0,0.3266331658291457,414,0.414,176,0.3266331658291457,0,429,126.45979899497563,0
24,19,2024-02-21,0.24440413804122244,0.2904021372151938,0.0,0.6413165042339032,0.0,0.6413165042339032,424,0.424,137,0.6413165042339032,0,429,244.38907972519573,0.16848790078644885,0.20027912983405677,0.0,0.484875983061101,0.0,0.484875983061101,420,0.42,130,0.484875983061101,0,429,168.47746521476083,0.12819597989949819,0.15339790702894762,0.0,0.3266331658291457,0.0,0.3266331658291457,414,0.414,145,0.3266331658291457,0,429,128.07286432160873,0
24,20,2024-02-21,0.2608732225595145,0.2865066015137179,0.0,0.6353251318101933,0.0,0.6353251318101933,463,0.463,396,0.6353251318101933,0,469,260.85321137561897,0.17814065335753165,0.1978311465079548,0.0,0.5232909860859044,0.0,0.5232909860859044,460,0.46,136,0.5232909860859044,0,469,178.13248638838482,0.13111055276381858,0.145826056421152,0.0,1.0,0.0,1.0,454,0.454,163,1.0,0,469,130.9874371859291,0
24,21,2024-02-21,0.2706894871385206,0.2980795943956808,0.0,0.6680779677264739,0.0,0.6680779677264739,463,0.463,431,0.6680779677264739,0,469,270.6697954944884,0.1672964307320025,0.18366390947901684,0.0,0.4398064125831821,0.0,0.4398064125831821,460,0.46,137,0.4398064125831821,0,469,167.2852389594673,0.13018090452261263,0.1430667619727031,0.0,0.3165829145728643,0.0,0.3165829145728643,454,0.454,467,0.3165829145728643,0,469,130.05778894472314,0
24,22,2024-02-21,0.23831091228630738,0.295956387849024,0.0,0.6679181977951749,0.0,0.6679181977951749,404,0.404,214,0.6679181977951749,0,409,238.296532992491,0.1538333333333334,0.19367589730440393,0.0,0.5,0.0,0.5,400,0.4,190,0.5,0,409,153.82062915910484,0.11073869346733738,0.1377234330882567,0.0,0.3165829145728643,0.0,0.3165829145728643,394,0.394,407,0.3165829145728643,0,409,110.61557788944793,0
24,23,2024-02-21,0.3096045694200354,0.30302170992547683,0.0,0.6690365873142674,0.4512701709538265,0.6690365873142674,523,0.523,479,0.6690365873142674,0,529,309.5849177184856,0.2031125226860253,0.19842665956065195,0.0,0.4939503932244404,0.33348457350272226,0.4939503932244404,520,0.52,143,0.4939503932244404,0,529,203.10087719298272,0.14625628140703573,0.14427904698151306,0.0,1.0,0.2663316582914573,1.0,514,0.514,187,1.0,0,529,146.13316582914624,0
24,24,2024-02-21,0.2419015817223197,0.3007890438327237,0.0,0.6806997922990893,0.0,0.6806997922990893,404,0.404,202,0.6806997922990893,0,409,241.8869228311234,0.15261766485178496,0.19248462811092,0.0,0.5444646098003629,0.0,0.5444646098003629,400,0.4,159,0.5444646098003629,0,409,152.60601935874192,0.11910552763819153,0.14860675447491958,0.0,0.3266331658291457,0.0,0.3266331658291457,394,0.394,207,0.3266331658291457,0,409,118.9824120603021,0
24,25,2024-02-21,0.3171342866272567,0.30994839196373203,0.0,0.6717526761463493,0.4610161367630612,0.6717526761463493,524,0.524,430,0.6717526761463493,0,529,317.1158731426745,0.19521869328493618,0.19247854029427836,0.0,0.4637023593466424,0.27555958862673924,0.4637023593466424,520,0.52,150,0.4637023593466424,0,529,195.21052631578922,0.14544723618090585,0.14163019181856815,0.0,0.3165829145728643,0.2663316582914573,0.3165829145728643,514,0.514,527,0.3165829145728643,0,529,145.3241206030164,0
24,26,2024-02-21,0.24200671033711463,0.30027995845900335,0.0,0.6660009586195877,0.0,0.6660009586195877,404,0.404,201,0.6660009586195877,0,409,241.9922911008153,0.1565490018148819,0.19686919020800725,0.0,0.5,0.0,0.5,400,0.4,181,0.5,0,409,156.53720508166947,0.11084422110552831,0.1378468659072207,0.0,0.3165829145728643,0.0,0.3165829145728643,394,0.394,407,0.3165829145728643,0,409,110.72110552763888,0
24,27,2024-02-21,0.3077830324332963,0.3003026746644673,0.0,0.6456302923789743,0.452388560472919,0.6456302923789743,523,0.523,253,0.6456302923789743,0,529,307.7639798689891,0.19534482758620675,0.19398448953132788,0.0,0.4758015728977616,0.2828191167574108,0.4758015728977616,520,0.52,213,0.4758015728977616,0,529,195.33650937689043,0.14549748743718718,0.14169124631604407,0.0,0.3165829145728643,0.2663316582914573,0.3165829145728643,514,0.514,527,0.3165829145728643,0,529,145.37437185929772,0
24,28,2024-02-21,0.2442543537306273,0.2907844453947708,0.0,0.648665921073654,0.0,0.648665921073654,424,0.424,185,0.648665921073654,0,429,244.23909570218947,0.15647368421052668,0.18659189436446946,0.0,0.4398064125831821,0.0,0.4398064125831821,420,0.42,135,0.4398064125831821,0,429,156.46339987900842,0.12589949748743795,0.1508350772358159,0.0,0.3266331658291457,0.0,0.3266331658291457,414,0.414,184,0.3266331658291457,0,429,125.77638190954849,0
24,29,2024-02-21,0.3081529797092194,0.30107116834585923,0.0,0.6546572934973638,0.4492730468125899,0.6546572934973638,523,0.523,465,0.6546572934973638,0,529,308.1337274324976,0.20243375680580752,0.1971265308823519,0.0,0.4488808227465214,0.3160919540229885,0.4488808227465214,520,0.52,145,0.4488808227465214,0,529,202.42241379310346,0.14566834170854354,0.14189871554598202,0.0,0.3165829145728643,0.2663316582914573,0.3165829145728643,514,0.514,527,0.3165829145728643,0,529,145.54522613065404,0
24,30,2024-02-21,0.4855770889918505,0.3063312907528031,0.0,0.7410928263300847,0.6626457900623103,0.7410928263300847,724,0.724,548,0.7410928263300847,0,729,485.5538424668477,0.29433877797943153,0.1925677948659334,0.0,0.5030248033877798,0.3584392014519056,0.5030248033877798,720,0.72,60,0.5030248033877798,0,729,294.3230490018141,0.20849246231156007,0.13318212662194628,0.0,0.3266331658291457,0.2814070351758794,0.3266331658291457,714,0.714,554,0.3266331658291457,0,729,208.36934673367062,0
24,31,2024-02-21,0.30646764658891135,0.31061316169372205,0.0,0.6677584278638761,0.14267454864994406,0.6677584278638761,504,0.504,495,0.6677584278638761,0,509,306.4532672950949,0.22991530550514222,0.23352340014458844,0.0,0.5199637023593466,0.00801572897761645,0.5199637023593466,500,0.5,175,0.5199637023593466,0,509,229.90411373260758,0.1393065326633179,0.14136409151027685,0.0,0.3165829145728643,0.0,0.3165829145728643,494,0.494,507,0.3165829145728643,0,509,139.18341708542846,0
24,32,2024-02-21,0.43221393193800933,0.3472975943559922,0.0,0.8883208180220482,0.6758268093944719,0.8883208180220482,615,0.615,27,0.8883208180220482,0,629,432.17562709698007,0.2687834240774355,0.22129670426013012,0.0,0.6228070175438597,0.3787053841500302,0.6228070175438597,610,0.61,37,0.6228070175438597,0,629,268.7639140955845,0.17380402010050183,0.1411142990552114,0.0,0.3165829145728643,0.2663316582914573,0.3165829145728643,604,0.604,627,0.3165829145728643,0,629,173.68090452261228,0
24,33,2024-02-21,0.2909308995047117,0.27053740350513217,0.0,0.5721361239814667,0.4644511902859882,0.5721361239814667,544,0.544,387,0.5721361239814667,0,549,290.9152021089616,0.22217301875378115,0.2076737105554623,0.0,0.454930429522081,0.3687235329703569,0.454930429522081,540,0.54,147,0.454930429522081,0,549,222.16318814277045,0.15052261306532777,0.1411210499128924,0.0,0.3165829145728643,0.2663316582914573,0.3165829145728643,534,0.534,547,0.3165829145728643,0,549,150.39949748743825,0
24,34,2024-02-21,0.377037066624063,0.3139106941008307,0.0,0.6838951909250679,0.4827448474197156,0.6838951909250679,603,0.603,505,0.6838951909250679,0,609,377.0182936571341,0.24987114337568073,0.21049652208935377,0.0,0.4939503932244404,0.3324258923169993,0.4939503932244404,600,0.6,182,0.4939503932244404,0,609,249.85949788263787,0.16736683417085607,0.13880870276475243,0.0,0.3165829145728643,0.271356783919598,0.3165829145728643,594,0.594,607,0.3165829145728643,0,609,167.24371859296662,0
24,35,2024-02-21,0.3622354209937691,0.30036205017993656,0.0,0.6556159130851573,0.48206582521169516,0.6556159130851573,604,0.604,574,0.6556159130851573,0,609,362.21616871704725,0.246022686025409,0.20685590874664908,0.0,0.4788263762855414,0.3260738052026618,0.4788263762855414,600,0.6,161,0.4788263762855414,0,609,246.01421657592252,0.16866331658291553,0.1396809489725459,0.0,0.3165829145728643,0.271356783919598,0.3165829145728643,594,0.594,607,0.3165829145728643,0,609,168.5402010050261,0
24,36,2024-02-21,0.3240544815465733,0.29065604782360804,0.0,0.6174308995047132,0.4794695638280875,0.6174308995047132,564,0.564,173,0.6174308995047132,0,569,324.04725195718174,0.266566243194193,0.24144092132328235,0.0,0.5807622504537205,0.4119782214156079,0.5807622504537205,560,0.56,173,0.5807622504537205,0,569,266.5583787053842,0.0,0.0,0.0,0.0,0.0,0.0,0,0.0,0,0.0,-1,-1,0.0,0
24,37,2024-02-21,0.4551424348937539,0.2850794048711925,0.0,0.6652021089630932,0.6260584757948554,0.6652021089630932,724,0.724,705,0.6652021089630932,0,729,455.11375619108804,0.30016999395039456,0.19032723317198985,0.0,0.454930429522081,0.4101633393829401,0.454930429522081,720,0.72,286,0.454930429522081,0,729,300.15577737447006,0.2023718592964837,0.12876113628113378,0.0,0.3165829145728643,0.2864321608040201,0.3165829145728643,714,0.714,727,0.3165829145728643,0,729,202.24874371859426,0
24,38,2024-02-21,0.4388057197635386,0.35234829729728223,0.0,0.8876018533312031,0.6857325451350056,0.8876018533312031,615,0.615,36,0.8876018533312031,0,629,438.76569739574944,0.26941591046582275,0.22093583666592836,0.0,0.647307924984876,0.395946763460375,0.647307924984876,610,0.61,36,0.647307924984876,0,629,269.39821536600226,0.1720502512562821,0.13963171789029075,0.0,0.3165829145728643,0.2663316582914573,0.3165829145728643,604,0.604,627,0.3165829145728643,0,629,171.9271356783926,0
24,39,2024-02-21,0.24221097619428072,0.2881309754414609,0.0,0.6370027160888321,0.0,0.6370027160888321,424,0.424,378,0.6370027160888321,0,429,242.1972759226711,0.1542047791893526,0.18453002594219492,0.0,0.4216575922565033,0.0,0.4216575922565033,420,0.42,154,0.4216575922565033,0,429,154.1949485783421,0.11697487437185991,0.13936900481108544,0.0,0.3165829145728643,0.0,0.3165829145728643,414,0.414,427,0.3165829145728643,0,429,116.85175879397048,0
24,40,2024-02-21,0.2859651701549759,0.2889468547620107,0.0,0.6145550407413325,0.1481866112797571,0.6145550407413325,504,0.504,349,0.6145550407413325,0,509,285.9519491931617,0.19965275257108336,0.20555136545871616,0.0,0.454930429522081,0.0071082879612825,0.454930429522081,500,0.5,208,0.454930429522081,0,509,199.64292196007221,0.13890452261306657,0.14075589800308913,0.0,0.3165829145728643,0.0,0.3165829145728643,494,0.494,507,0.3165829145728643,0,509,138.7814070351771,0
24,41,2024-02-21,0.23752084997603534,0.2944591946532194,0.0,0.6544176386004154,0.0,0.6544176386004154,404,0.404,289,0.6544176386004154,0,409,237.50675027959747,0.150786146400484,0.18838243392060608,0.0,0.4367816091954023,0.0,0.4367816091954023,400,0.4,182,0.4367816091954023,0,409,150.7758620689654,0.1105929648241213,0.1373064370306788,0.0,0.3165829145728643,0.0,0.3165829145728643,394,0.394,407,0.3165829145728643,0,409,110.46984924623185,0
24,42,2024-02-21,0.2335295574372905,0.28970708283294755,0.0,0.663444639718805,0.0,0.663444639718805,404,0.404,222,0.663444639718805,0,409,233.51521808595703,0.14208529945553536,0.17777532031379,0.0,0.4579552329098608,0.0,0.4579552329098608,400,0.4,209,0.4579552329098608,0,409,142.07546884452546,0.118015075376885,0.14729103331067253,0.0,0.3266331658291457,0.0,0.3266331658291457,394,0.394,228,0.3266331658291457,0,409,117.89195979899556,0
24,43,2024-02-21,0.4467575491292534,0.2941152401316598,0.0,0.6798210576769452,0.6211854928902381,0.6798210576769452,704,0.704,698,0.6798210576769452,0,709,446.72823134686047,0.29735148215365825,0.1980425172795889,0.0,0.4818511796733212,0.4098608590441621,0.4818511796733212,700,0.7,68,0.4818511796733212,0,709,297.33726557773616,0.19711557788944814,0.1312680668368223,0.0,0.3165829145728643,0.2864321608040201,0.3165829145728643,694,0.694,707,0.3165829145728643,0,709,196.99246231155868,0
24,44,2024-02-21,0.45607980508068224,0.3001516878016955,0.0,0.6862917398945518,0.6540182137721681,0.6862917398945518,704,0.704,708,0.6862917398945518,0,709,456.0515657453268,0.2964630973986687,0.19753067702435048,0.0,0.4969751966122202,0.4107683000604961,0.4969751966122202,700,0.7,28,0.4969751966122202,0,709,296.4484271022382,0.19624623115578127,0.13050534639717493,0.0,0.3165829145728643,0.2864321608040201,0.3165829145728643,694,0.694,707,0.3165829145728643,0,709,196.12311557789175,0
24,45,2024-02-21,0.29735149384885806,0.3026279905738771,0.0,0.6661607285508867,0.12322255951429939,0.6661607285508867,503,0.503,408,0.6661607285508867,0,509,297.33184214730807,0.20667271627344178,0.21296090656939506,0.0,0.469751966122202,0.0101330913490623,0.469751966122202,500,0.5,195,0.469751966122202,0,509,206.66076830006062,0.13869346733668408,0.14062219473281473,0.0,0.3165829145728643,0.0,0.3165829145728643,494,0.494,507,0.3165829145728643,0,509,138.57035175879457,0
24,46,2024-02-21,0.29554297811151964,0.30072241258623134,0.0,0.6608883208180221,0.125659050966608,0.6608883208180221,503,0.503,467,0.6608883208180221,0,509,295.5235660648669,0.20289261947973367,0.2084253773283692,0.0,0.4667271627344223,0.0081669691470054,0.4667271627344223,500,0.5,301,0.4667271627344223,0,509,202.88067150635223,0.13899497487437243,0.1409234103714405,0.0,0.3165829145728643,0.0,0.3165829145728643,494,0.494,507,0.3165829145728643,0,509,138.87185929648297,0
24,47,2024-02-21,0.4869109282633005,0.3211256148741111,0.0,0.7374980028758588,0.6970762102572295,0.7374980028758588,704,0.704,694,0.7374980028758588,0,709,486.8849257069817,0.2918109497882645,0.19592142091504924,0.0,0.4788263762855414,0.4071385359951603,0.4788263762855414,700,0.7,264,0.4788263762855414,0,709,291.7950695704777,0.19977889447236402,0.1334026967039717,0.0,0.3266331658291457,0.2864321608040201,0.3266331658291457,694,0.694,625,0.3266331658291457,0,709,199.65577889447454,0
24,48,2024-02-21,0.27102668157852605,0.29131798224611843,0.0,0.6355647867071417,0.0,0.6355647867071417,474,0.474,166,0.6355647867071417,0,479,271.01421952388455,0.20371687840290575,0.2247126143332116,0.0,0.6349062310949788,0.0,0.6349062310949788,470,0.47,33,0.6349062310949788,0,479,203.70568663037037,0.14275879396985017,0.15478118815496075,0.0,0.3266331658291457,0.0,0.3266331658291457,463,0.463,172,0.3266331658291457,0,477,142.6356783919607,0
24,49,2024-02-21,0.29748929541460123,0.31570729816660004,0.0,0.9237897427704106,0.0,0.9237897427704106,486,0.486,15,0.9237897427704106,0,499,297.4675667039452,0.1878917120387175,0.21224191777958656,0.0,0.8439201451905626,0.0,0.8439201451905626,480,0.48,9,0.8439201451905626,0,499,187.8752268602536,0.13284924623115657,0.14041319932176577,0.0,0.3165829145728643,0.0,0.3165829145728643,473,0.473,497,0.3165829145728643,0,497,132.72613065326712,0
24,50,2024-02-21,0.28525243649145177,0.3135119819616942,0.0,0.8712254353730627,0.0,0.8712254353730627,465,0.465,13,0.8712254353730627,0,479,285.2217207221585,0.19010284331518423,0.21543130361201002,0.0,0.73502722323049,0.0,0.73502722323049,460,0.46,13,0.73502722323049,0,479,190.08272837265562,0.1284924623115588,0.1410518928402827,0.0,0.3165829145728643,0.0,0.3165829145728643,454,0.454,477,0.3165829145728643,0,479,128.36934673366935,0
24,51,2024-02-21,0.2792824732385343,0.30752944307335967,0.0,0.8601214251477872,0.0,0.8601214251477872,465,0.465,16,0.8601214251477872,0,479,279.2504393673089,0.18738294010889303,0.21182078509356797,0.0,0.7196007259528131,0.0,0.7196007259528131,460,0.46,13,0.7196007259528131,0,479,187.36040532365394,0.12860301507537686,0.14130609805718872,0.0,0.3165829145728643,0.0,0.3165829145728643,454,0.454,477,0.3165829145728643,0,479,128.47989949748742,0
24,52,2024-02-21,0.3146373222559507,0.30578996633990363,0.0,0.6609682057836715,0.48861639239495125,0.6609682057836715,524,0.524,256,0.6609682057836715,0,529,314.62438089151556,0.20487900786449015,0.20747571467066772,0.0,0.5471869328493648,0.3133696309739867,0.5471869328493648,520,0.52,130,0.5471869328493648,0,529,204.86721113127675,0.15528140703517698,0.15243908878964002,0.0,0.3266331658291457,0.2663316582914573,0.3266331658291457,513,0.513,262,0.3266331658291457,0,527,155.15829145728753,0
24,53,2024-02-21,0.4368371944400062,0.35116512461544086,0.0,0.886723118709059,0.6711135964211535,0.886723118709059,615,0.615,42,0.886723118709059,0,629,436.7937370186931,0.26806866303690324,0.2191148946214861,0.0,0.6594071385359952,0.4059286146400484,0.6594071385359952,610,0.61,36,0.6594071385359952,0,629,268.0506654567454,0.1705427135678406,0.13836263032067533,0.0,0.3165829145728643,0.2663316582914573,0.3165829145728643,604,0.604,627,0.3165829145728643,0,629,170.41959798995111,0
24,54,2024-02-21,0.42241132768812767,0.3399619322129111,0.0,0.8915961016136763,0.664323374340949,0.8915961016136763,615,0.615,44,0.8915961016136763,0,629,422.369388081164,0.24896642468239516,0.20623833834426,0.0,0.6228070175438597,0.3248638838475499,0.6228070175438597,610,0.61,41,0.6228070175438597,0,629,248.9493345432548,0.17338693467336863,0.14090867885396316,0.0,0.3266331658291457,0.2763819095477386,0.3266331658291457,604,0.604,565,0.3266331658291457,0,629,173.26381909547916,0
24,55,2024-02-21,0.43353786547371725,0.3481271272750083,0.0,0.8788145071097619,0.6850135804441604,0.8788145071097619,615,0.615,24,0.8788145071097619,0,629,433.49636523406264,0.2565030248033879,0.20954936195125642,0.0,0.5774349667271628,0.3805202661826981,0.5774349667271628,610,0.61,49,0.5774349667271628,0,629,256.4850272232304,0.17117587939698622,0.1388275791764058,0.0,0.3165829145728643,0.271356783919598,0.3165829145728643,604,0.604,627,0.3165829145728643,0,629,171.05276381909678,0
24,56,2024-02-21,0.43126050487298334,0.34651618772991416,0.0,0.886723118709059,0.6745486499440805,0.886723118709059,615,0.615,37,0.886723118709059,0,629,431.2205224476752,0.25838263762855707,0.2114863506068321,0.0,0.647307924984876,0.3908045977011494,0.647307924984876,610,0.61,37,0.647307924984876,0,629,258.3649425287367,0.17158793969849384,0.13918352392430064,0.0,0.3165829145728643,0.271356783919598,0.3165829145728643,604,0.604,627,0.3165829145728643,0,629,171.4648241206044,0
24,57,2024-02-21,0.43216831762262264,0.346938851019601,0.0,0.8981466687969324,0.6903658731426745,0.8981466687969324,615,0.615,48,0.8981466687969324,0,629,432.1278159450389,0.2532196007259526,0.2057361545090776,0.0,0.6079854809437386,0.3883847549909255,0.6079854809437386,610,0.61,48,0.6079854809437386,0,629,253.20175438596524,0.1722814070351768,0.13970114454660515,0.0,0.3165829145728643,0.2763819095477386,0.3165829145728643,604,0.604,627,0.3165829145728643,0,629,172.15829145728733,0
24,58,2024-02-21,0.3167524364914525,0.30887787536492883,0.0,0.6874101294136443,0.4744368109921713,0.6874101294136443,524,0.524,201,0.6874101294136443,0,529,316.73761783032353,0.2093169993950392,0.20631741867740983,0.0,0.5505142165759226,0.35178463399879,0.5505142165759226,520,0.52,130,0.5505142165759226,0,529,209.30520266182705,0.15798492462311678,0.15496759713799327,0.0,0.3266331658291457,0.2663316582914573,0.3266331658291457,513,0.513,206,0.3266331658291457,0,527,157.86180904522732,0
24,59,2024-02-21,0.4393306438728235,0.35258445246491105,0.0,0.8998242530755711,0.7039463173030835,0.8998242530755711,615,0.615,23,0.8998242530755711,0,629,439.2901022527567,0.2557177858439202,0.21052865708531807,0.0,0.677555958862674,0.382335148215366,0.677555958862674,610,0.61,20,0.677555958862674,0,629,255.70054446460975,0.17221105527638295,0.13965122478599307,0.0,0.3165829145728643,0.271356783919598,0.3165829145728643,604,0.604,627,0.3165829145728643,0,629,172.08793969849341,0
24,60,2024-02-21,0.502220322735261,0.33259470602273594,0.0,0.7827927783991053,0.7198833679501517,0.7827927783991053,704,0.704,625,0.7827927783991053,0,709,502.1927224796287,0.29728886872353455,0.19890661688026764,0.0,0.5172413793103449,0.4216575922565033,0.5172413793103449,700,0.7,55,0.5172413793103449,0,709,297.2726860254085,0.1992160804020124,0.13297732595427283,0.0,0.3266331658291457,0.2864321608040201,0.3266331658291457,694,0.694,633,0.3266331658291457,0,709,199.09296482412293,0
24,61,2024-02-21,0.31293345582361387,0.2923629560121077,0.0,0.6429142035468924,0.4714810672631411,0.6429142035468924,544,0.544,252,0.6429142035468924,0,549,312.91959578207445,0.20440895341802684,0.19574891058869529,0.0,0.5060496067755595,0.322746521476104,0.5060496067755595,540,0.54,132,0.5060496067755595,0,549,204.39700544464634,0.16258793969849367,0.1533090783950694,0.0,0.3266331658291457,0.2663316582914573,0.3266331658291457,533,0.533,258,0.3266331658291457,0,547,162.46482412060422,0
24,62,2024-02-21,0.32383144272248005,0.3162286711547654,0.0,0.6805400223677904,0.4723598018852852,0.6805400223677904,523,0.523,289,0.6805400223677904,0,529,323.8127895830004,0.20689594676346065,0.20362960320881585,0.0,0.5290381125226861,0.3142770719903206,0.5290381125226861,520,0.52,133,0.5290381125226861,0,529,206.88460375075633,0.14546733668341844,0.14154961828634102,0.0,0.3165829145728643,0.271356783919598,0.3165829145728643,514,0.514,527,0.3165829145728643,0,529,145.34422110552896,0
24,63,2024-02-21,0.3651117590669439,0.3032647218913973,0.0,0.655376258188209,0.4805879533471801,0.655376258188209,603,0.603,453,0.655376258188209,0,609,365.0925067902228,0.2788669086509375,0.2335641444537418,0.0,0.5928614640048396,0.4228675136116152,0.5928614640048396,600,0.6,152,0.5928614640048396,0,609,278.8554143980649,0.16827135678392138,0.13927014006904284,0.0,0.3165829145728643,0.2738693467336683,0.3165829145728643,594,0.594,607,0.3165829145728643,0,609,168.1482412060319,0
24,64,2024-02-21,0.2701626457900618,0.28951135912338266,0.0,0.6243808915162167,0.0,0.6243808915162167,474,0.474,247,0.6243808915162167,0,479,270.1467486818977,0.1700568663036892,0.18286581576321817,0.0,0.4398064125831821,0.0,0.4398064125831821,470,0.47,136,0.4398064125831821,0,479,170.04567453115476,0.13934673366834258,0.15093064163508557,0.0,0.3266331658291457,0.0,0.3266331658291457,464,0.464,254,0.3266331658291457,0,479,139.2236180904531,0
24,65,2024-02-21,0.30506926026521813,0.2972922156467703,0.0,0.6509027001118389,0.46333280076689565,0.6509027001118389,523,0.523,522,0.6509027001118389,0,529,305.05140597539537,0.20170810647307968,0.19826728805207736,0.0,0.5090744101633394,0.3245614035087719,0.5090744101633394,520,0.52,132,0.5090744101633394,0,529,201.69918330308528,0.14742713567839183,0.14365354644254422,0.0,0.3165829145728643,0.2663316582914573,0.3165829145728643,514,0.514,527,0.3165829145728643,0,529,147.3040201005022,0
24,66,2024-02-21,0.3605708579645313,0.29874759130844364,0.0,0.6521009745965809,0.4833040421792619,0.6521009745965809,603,0.603,597,0.6521009745965809,0,609,360.55168557277517,0.26717150635208725,0.22456780558643005,0.0,0.5683605565638233,0.3877797943133696,0.5683605565638233,600,0.6,148,0.5683605565638233,0,609,267.16273442226225,0.17175376884422072,0.14226599778550622,0.0,0.3165829145728643,0.2763819095477386,0.3165829145728643,594,0.594,607,0.3165829145728643,0,609,171.63065326633108,0
24,67,2024-02-21,0.3061070458539703,0.31025327442633455,0.0,0.6719124460776482,0.1383208180220482,0.6719124460776482,504,0.504,453,0.6719124460776482,0,509,306.0925866751879,0.2078995765275256,0.2113371197630038,0.0,0.5444646098003629,0.0084694494857834,0.5444646098003629,500,0.5,129,0.5444646098003629,0,509,207.8879310344828,0.1539045226130664,0.15676023134732583,0.0,0.3266331658291457,0.0,0.3266331658291457,494,0.494,150,0.3266331658291457,0,509,153.78140703517695,0
24,68,2024-02-21,0.2591842147307878,0.27758860168774363,0.0,0.598817702508388,0.0,0.598817702508388,474,0.474,472,0.598817702508388,0,479,259.16779837034625,0.18463823351482173,0.199457563063312,0.0,0.4909255898366606,0.0,0.4909255898366606,470,0.47,155,0.4909255898366606,0,479,184.626739261948,0.132874371859296,0.1431330655991696,0.0,0.3165829145728643,0.0,0.3165829145728643,464,0.464,477,0.3165829145728643,0,479,132.75125628140648,0
24,69,2024-02-21,0.30866472279916907,0.30138273166644897,0.0,0.6570538424668477,0.4535069499920115,0.6570538424668477,523,0.523,525,0.6570538424668477,0,529,308.6441124780318,0.20112855414398118,0.19697623156395658,0.0,0.5030248033877798,0.338475499092559,0.5030248033877798,520,0.52,135,0.5030248033877798,0,529,201.1167574107686,0.1473115577889447,0.14352464115306293,0.0,0.3165829145728643,0.2663316582914573,0.3165829145728643,514,0.514,527,0.3165829145728643,0,529,147.18844221105522,0
24,70,2024-02-21,0.30009682057836706,0.3269189303442981,0.0,0.8201789423230548,0.0,0.8201789423230548,465,0.465,18,0.8201789423230548,0,479,300.0679022208022,0.18649395039322544,0.21376485330738706,0.0,0.7441016333938294,0.0,0.7441016333938294,460,0.46,15,0.7441016333938294,0,479,186.47504537205143,0.13513065326633253,0.14906585372495273,0.0,0.3266331658291457,0.0,0.3266331658291457,454,0.454,310,0.3266331658291457,0,479,135.00753768844305,0
24,71,2024-02-21,0.37630324332960463,0.31468196894948625,0.0,0.6965170154976833,0.4798689886563348,0.6965170154976833,603,0.603,578,0.6965170154976833,0,609,376.2854289822657,0.2564534180278287,0.21436320217678353,0.0,0.484875983061101,0.35420447670901384,0.484875983061101,600,0.6,198,0.484875983061101,0,609,256.4420750151245,0.167507537688444,0.13865927442468481,0.0,0.3165829145728643,0.271356783919598,0.3165829145728643,594,0.594,607,0.3165829145728643,0,609,167.3844221105545,0
24,72,2024-02-21,0.31779797092187273,0.345653278445871,0.0,0.8197795174948075,0.0,0.8197795174948075,465,0.465,13,0.8197795174948075,0,479,317.7673350375455,0.18685148215365877,0.21307061698681948,0.0,0.7196007259528131,0.0,0.7196007259528131,460,0.46,13,0.7196007259528131,0,479,186.8331820931633,0.13982914572864416,0.1548606201441241,0.0,0.5025125628140703,0.0,0.5025125628140703,454,0.454,214,0.5025125628140703,0,479,139.70603015075469,0
24,73,2024-02-21,0.4904866592107363,0.3235063782892238,0.0,0.7450071896469085,0.7069819459977632,0.7450071896469085,704,0.704,707,0.7450071896469085,0,709,490.4603770570381,0.34720477918935083,0.23296802707015749,0.0,0.6228070175438597,0.4615849969751966,0.6228070175438597,700,0.7,33,0.6228070175438597,0,709,347.1902601330909,0.20051256281406993,0.13345814091648478,0.0,0.3165829145728643,0.2864321608040201,0.3165829145728643,694,0.694,707,0.3165829145728643,0,709,200.38944723618025,1
24,74,2024-02-21,0.2959283431858116,0.3230806195832043,0.0,0.845662246365234,0.0,0.845662246365234,465,0.465,44,0.845662246365234,0,479,295.8968685093452,0.19331911675741126,0.21757856772544357,0.0,0.6987295825771325,0.0,0.6987295825771325,460,0.46,14,0.6987295825771325,0,479,193.30006049606826,0.12841206030150853,0.14094963076993525,0.0,0.3165829145728643,0.0,0.3165829145728643,454,0.454,477,0.3165829145728643,0,479,128.28894472361907,0
24,75,2024-02-21,0.4828641156734301,0.31783542310721963,0.0,0.7263141076849337,0.6921233423869628,0.7263141076849337,704,0.704,560,0.7263141076849337,0,709,482.8370746125574,0.30681488203266855,0.20410959051667715,0.0,0.484875983061101,0.425589836660617,0.484875983061101,700,0.7,90,0.484875983061101,0,709,306.80066545674583,0.19770854271356947,0.13155483909764706,0.0,0.3165829145728643,0.2864321608040201,0.3165829145728643,694,0.694,707,0.3165829145728643,0,709,197.58542713568,0
24,76,2024-02-21,0.3153219364115682,0.3209019187970807,0.0,0.6977951749480747,0.1395190925067902,0.6977951749480747,504,0.504,476,0.6977951749480747,0,509,315.3082760824411,0.21287174833635794,0.21571457740153765,0.0,0.5,0.0087719298245614,0.5,500,0.5,136,0.5,0,509,212.86191772534758,0.13916582914572997,0.1409896913907443,0.0,0.3165829145728643,0.0,0.3165829145728643,494,0.494,507,0.3165829145728643,0,509,139.04271356784048,0
24,77,2024-02-21,0.4870965010385029,0.3207547773491002,0.0,0.7354209937689726,0.7007509186771049,0.7354209937689726,704,0.704,615,0.7354209937689726,0,709,487.0676625659048,0.2969455535390193,0.1972130786124301,0.0,0.469751966122202,0.4162129461584997,0.469751966122202,700,0.7,225,0.469751966122202,0,709,296.92997580157225,0.1976281407035193,0.13148982431978823,0.0,0.3165829145728643,0.2864321608040201,0.3165829145728643,694,0.694,707,0.3165829145728643,0,709,197.5050251256298,0
24,78,2024-02-21,0.4739126857325412,0.3120900725223504,0.0,0.7107365393832881,0.6758667518772967,0.7107365393832881,704,0.704,390,0.7107365393832881,0,709,473.88484582201704,0.29498275862069107,0.19571701491519983,0.0,0.454930429522081,0.4134906231094978,0.454930429522081,700,0.7,80,0.454930429522081,0,709,294.96854204476625,0.19731658291457438,0.13133156398018883,0.0,0.3165829145728643,0.2864321608040201,0.3165829145728643,694,0.694,707,0.3165829145728643,0,709,197.1934673366849,0
24,79,2024-02-21,0.31342818341588075,0.3048689353152331,0.0,0.6635245246844543,0.4813868030036747,0.6635245246844543,524,0.524,189,0.6635245246844543,0,529,313.41388400703,0.20824410163339366,0.20343159782986836,0.0,0.5172413793103449,0.366908650937689,0.5172413793103449,520,0.52,139,0.5172413793103449,0,529,208.23306110102828,0.15833165829145843,0.15511627073922207,0.0,0.3266331658291457,0.2663316582914573,0.3266331658291457,514,0.514,193,0.3266331658291457,0,529,158.208542713569,0
24,80,2024-02-21,0.3132462853490979,0.305587599749062,0.0,0.6637641795814028,0.469843425467327,0.6637641795814028,523,0.523,514,0.6637641795814028,0,529,313.2267934174789,0.19889473684210537,0.19610456213273492,0.0,0.5199637023593466,0.3100423472474289,0.5199637023593466,520,0.52,134,0.5199637023593466,0,529,198.88672111312724,0.14655276381909604,0.14275524057154204,0.0,0.3165829145728643,0.2663316582914573,0.3165829145728643,514,0.514,527,0.3165829145728643,0,529,146.42964824120656,0
24,81,2024-02-21,0.3129441604090117,0.3047639709227368,0.0,0.6704745166959578,0.4732385365074293,0.6704745166959578,524,0.524,168,0.6704745166959578,0,529,312.92970123022906,0.19993496672716252,0.19837107155091288,0.0,0.5263157894736842,0.2867513611615245,0.5263157894736842,520,0.52,148,0.5263157894736842,0,529,199.92362371445776,0.16003015075377003,0.15654248612073376,0.0,0.3266331658291457,0.271356783919598,0.3266331658291457,514,0.514,174,0.3266331658291457,0,529,159.90703517588057,0
24,82,2024-02-21,0.3622883048410286,0.30081511757721163,0.0,0.65074293018054,0.4797092187250359,0.65074293018054,604,0.604,346,0.65074293018054,0,609,362.27045055120624,0.240715063520871,0.20143702122326299,0.0,0.4818511796733212,0.352994555353902,0.4818511796733212,600,0.6,186,0.4818511796733212,0,609,240.70659407138564,0.16913567839196086,0.1400904659606219,0.0,0.3165829145728643,0.271356783919598,0.3165829145728643,594,0.594,607,0.3165829145728643,0,609,169.01256281407106,0
24,83,2024-02-21,0.3185059114874572,0.2973587299894126,0.0,0.640597539543058,0.4797891036906854,0.640597539543058,544,0.544,281,0.640597539543058,0,549,318.4921313308836,0.20169993950393125,0.1928601925015832,0.0,0.5060496067755595,0.3106473079249848,0.5060496067755595,540,0.54,131,0.5060496067755595,0,549,201.68799153055136,0.1664874371859309,0.15693844972824822,0.0,0.3266331658291457,0.2663316582914573,0.3266331658291457,533,0.533,146,0.3266331658291457,0,547,166.36432160804145,0
24,84,2024-02-21,0.4186429940885143,0.33687362638319535,0.0,0.8951110401022527,0.6652021089630932,0.8951110401022527,615,0.615,24,0.8951110401022527,0,629,418.60440965010343,0.2860166364186326,0.2327746975754913,0.0,0.6742286751361162,0.4443436176648518,0.6742286751361162,610,0.61,48,0.6742286751361162,0,629,285.9995462794912,0.1730653266331662,0.14044955544359078,0.0,0.3165829145728643,0.271356783919598,0.3165829145728643,604,0.604,627,0.3165829145728643,0,629,172.9422110552767,1
24,85,2024-02-21,0.2937451669595777,0.29772979182855763,0.0,0.6489854609362518,0.1310113436651222,0.6489854609362518,504,0.504,172,0.6489854609362518,0,509,293.73118709058963,0.20075317604355739,0.20634412410591632,0.0,0.5444646098003629,0.0084694494857834,0.5444646098003629,500,0.5,129,0.5444646098003629,0,509,200.74047186932896,0.1528040201005036,0.1557161111933176,0.0,0.3266331658291457,0.0,0.3266331658291457,494,0.494,178,0.3266331658291457,0,509,152.68090452261413,0
24,86,2024-02-21,0.440954864994407,0.35369238242425727,0.0,0.8892794376098418,0.7079405655855568,0.8892794376098418,615,0.615,23,0.8892794376098418,0,629,440.91304521489167,0.26381851179673316,0.21601585609464702,0.0,0.617059891107078,0.3895946763460375,0.617059891107078,610,0.61,40,0.617059891107078,0,629,263.8003629764071,0.17221105527638328,0.13962663095128583,0.0,0.3165829145728643,0.2763819095477386,0.3165829145728643,604,0.604,627,0.3165829145728643,0,629,172.0879396984938,0
24,87,2024-02-21,0.3192708899185166,0.28626428203077553,0.0,0.6147946956382809,0.4744368109921713,0.6147946956382809,564,0.564,519,0.6147946956382809,0,569,319.25758907173673,0.26305868118572256,0.23768233619587226,0.0,0.5653357531760436,0.4080459770114942,0.5653357531760436,560,0.56,139,0.5653357531760436,0,569,263.0455232909856,0.15829145728643187,0.14261710236830744,0.0,0.3165829145728643,0.2663316582914573,0.3165829145728643,553,0.553,567,0.3165829145728643,0,567,158.16834170854227,0
24,88,2024-02-21,0.44677232784789833,0.3582461168858265,0.0,0.8860041540182138,0.7192043457421313,0.8860041540182138,615,0.615,49,0.8860041540182138,0,629,446.7306678383124,0.262437689050212,0.21463564410813607,0.0,0.5955837870538415,0.3808227465214761,0.5955837870538415,610,0.61,46,0.5955837870538415,0,629,262.4202964307319,0.17103517587939882,0.1386152193515668,0.0,0.3165829145728643,0.2763819095477386,0.3165829145728643,604,0.604,627,0.3165829145728643,0,629,170.91206030150934,0
24,89,2024-02-21,0.4587148106726325,0.36770846613064917,0.0,0.8888001278159451,0.7284710017574693,0.8888001278159451,615,0.615,31,0.8888001278159451,0,629,458.67299089311433,0.262947065940715,0.2135517188224753,0.0,0.5807622504537205,0.4007864488808227,0.5807622504537205,610,0.61,48,0.5807622504537205,0,629,262.9301270417426,0.1714874371859312,0.1390562333897483,0.0,0.3266331658291457,0.2763819095477386,0.3266331658291457,604,0.604,627,0.3266331658291457,0,629,171.3643216080417,0
24,90,2024-02-21,0.29209434414443275,0.2958826473047738,0.0,0.6375619108483783,0.13552484422431696,0.6375619108483783,504,0.504,162,0.6375619108483783,0,509,292.0805639878573,0.20745281306715066,0.21034921273963972,0.0,0.5199637023593466,0.00801572897761645,0.5199637023593466,500,0.5,138,0.5199637023593466,0,509,207.44267997580164,0.15304522613065433,0.15595840394806046,0.0,0.3266331658291457,0.0,0.3266331658291457,494,0.494,169,0.3266331658291457,0,509,152.92211055276485,0
24,91,2024-02-21,0.29768605208499865,0.3015511755403859,0.0,0.6508228151461894,0.13776162326250196,0.6508228151461894,504,0.504,448,0.6508228151461894,0,509,297.67203227352627,0.20440018148820358,0.20858930139340914,0.0,0.5323653962492438,0.0083182093163944,0.5323653962492438,500,0.5,131,0.5323653962492438,0,509,204.38883847549926,0.1541507537688453,0.1569242240401517,0.0,0.3266331658291457,0.0,0.3266331658291457,494,0.494,152,0.3266331658291457,0,509,154.02763819095583,0
24,92,2024-02-21,0.3034941683975073,0.3069433680451695,0.0,0.6558555679821058,0.14586994727592262,0.6558555679821058,504,0.504,151,0.6558555679821058,0,509,303.479988816105,0.19886630369025973,0.20394116600967696,0.0,0.4969751966122202,0.0096793708408953,0.4969751966122202,500,0.5,137,0.4969751966122202,0,509,198.85662431941918,0.1532311557788956,0.15620334063057506,0.0,0.3266331658291457,0.0,0.3266331658291457,494,0.494,153,0.3266331658291457,0,509,153.1080402010061,0
24,93,2024-02-21,0.31538392714490926,0.3215500944280063,0.0,0.7128135484901742,0.1425147787186451,0.7128135484901742,504,0.504,254,0.7128135484901742,0,509,315.3699872184047,0.19412280701754403,0.19867333792913092,0.0,0.4879007864488808,0.0086206896551724,0.4879007864488808,500,0.5,140,0.4879007864488808,0,509,194.1123714458565,0.149316582914574,0.15218650865245104,0.0,0.3266331658291457,0.0,0.3266331658291457,494,0.494,260,0.3266331658291457,0,509,149.19346733668453,0
24,94,2024-02-21,0.3116605687809551,0.31758043420889615,0.0,0.6906854130052724,0.1407972519571816,0.6906854130052724,504,0.504,190,0.6906854130052724,0,509,311.64702827927744,0.204963097398669,0.2077354338244256,0.0,0.4969751966122202,0.0087719298245614,0.4969751966122202,500,0.5,173,0.4969751966122202,0,509,204.95341802782826,0.15188944723618206,0.15481456457749054,0.0,0.3266331658291457,0.0,0.3266331658291457,494,0.494,195,0.3266331658291457,0,509,151.7663316582926,0
24,95,2024-02-21,0.3637112158491779,0.30086628853386466,0.0,0.6612078606806199,0.4978431059274644,0.6612078606806199,604,0.604,567,0.6612078606806199,0,609,363.6918038025246,0.2310511191772539,0.19513994625128578,0.0,0.4367816091954023,0.3059588626739262,0.4367816091954023,600,0.6,144,0.4367816091954023,0,609,231.0426497277673,0.16937688442211038,0.14043527589422522,0.0,0.3165829145728643,0.2663316582914573,0.3165829145728643,594,0.594,607,0.3165829145728643,0,609,169.25376884422067,0
24,96,2024-02-21,0.320284150822814,0.28732239812730126,0.0,0.6181498641955584,0.472679341747883,0.6181498641955584,564,0.564,541,0.6181498641955584,0,569,320.27084997603345,0.26185511191772515,0.23676501870963124,0.0,0.5774349667271628,0.4077434966727162,0.5774349667271628,560,0.56,141,0.5774349667271628,0,569,261.84165154264963,0.1592512562814066,0.14350596765802395,0.0,0.3165829145728643,0.2663316582914573,0.3165829145728643,553,0.553,567,0.3165829145728643,0,567,159.128140703517,0
24,97,2024-02-21,0.46601429940885225,0.37356517760747704,0.0,0.8941524205144592,0.7504393673110721,0.8941524205144592,615,0.615,47,0.8941524205144592,0,629,465.9739974436822,0.2653914095583783,0.21599611893723505,0.0,0.5653357531760436,0.3947368421052631,0.5653357531760436,610,0.61,47,0.5653357531760436,0,629,265.3737144585598,0.17171356783919783,0.1391544083741699,0.0,0.3165829145728643,0.2814070351758794,0.3165829145728643,604,0.604,627,0.3165829145728643,0,629,171.59045226130834,0
24,98,2024-02-21,0.2899665281993923,0.31180297087563685,0.0,0.6760664642914204,0.0,0.6760664642914204,474,0.474,402,0.6760664642914204,0,479,289.9519491931619,0.18724289171203834,0.20274238098373046,0.0,0.4727767695099819,0.0,0.4727767695099819,470,0.47,172,0.4727767695099819,0,479,187.23185117967327,0.13103517587939806,0.14093916233112372,0.0,0.3165829145728643,0.0,0.3165829145728643,464,0.464,477,0.3165829145728643,0,479,130.9120603015086,0
24,99,2024-02-21,0.45306079245885966,0.3341465376844593,0.0,0.893273685892315,0.6830963412685732,0.893273685892315,655,0.655,37,0.893273685892315,0,659,453.01877296692743,0.252050211736237,0.19416947214394317,0.0,0.6046581972171808,0.3248638838475499,0.6046581972171808,650,0.65,47,0.6046581972171808,0,659,252.0325166364186,0.18592964824120653,0.1384791877586185,0.0,0.3165829145728643,0.2864321608040201,0.3165829145728643,644,0.644,657,0.3165829145728643,0,659,185.8065326633168,0
24,100,2024-02-21,0.3126785428982257,0.3044097740831726,0.0,0.6536187889439208,0.4728790541620067,0.6536187889439208,524,0.524,224,0.6536187889439208,0,529,312.66448314427157,0.22444767090139198,0.22085311134502986,0.0,0.5535390199637024,0.3690260133091349,0.5535390199637024,520,0.52,134,0.5535390199637024,0,529,224.4358741681793,0.14532663316583047,0.14143149795724003,0.0,0.3165829145728643,0.2663316582914573,0.3165829145728643,514,0.514,527,0.3165829145728643,0,529,145.203517587941,0
24,101,2024-02-21,0.55801134366512,0.32349251223662406,0.0,0.9042179261862916,0.7375778878415082,0.9042179261862916,755,0.755,26,0.9042179261862916,0,769,557.9706023326409,0.3614509981851178,0.2286218639937934,0.0,0.867513611615245,0.4098608590441621,0.867513611615245,750,0.75,19,0.867513611615245,0,769,361.4340592861469,0.22939195979899696,0.1361684615762107,0.0,0.3266331658291457,0.2964824120603015,0.3266331658291457,744,0.744,318,0.3266331658291457,0,769,229.2688442211075,0
24,102,2024-02-21,0.30462741652021036,0.2845596782383819,0.0,0.6135165361878895,0.4619747563508548,0.6135165361878895,544,0.544,291,0.6135165361878895,0,549,304.61299728391106,0.23417725347852453,0.2219002638487103,0.0,0.5807622504537205,0.3641863278886872,0.5807622504537205,540,0.54,31,0.5807622504537205,0,549,234.16591046581962,0.1508492462311573,0.14108281959830665,0.0,0.3165829145728643,0.2663316582914573,0.3165829145728643,534,0.534,547,0.3165829145728643,0,549,150.72613065326783,0
24,103,2024-02-21,0.5053521329285843,0.31000196200463903,0.0,0.9034989614954464,0.680300367470842,0.9034989614954464,734,0.734,49,0.9034989614954464,0,749,505.31139159610166,0.3478294010889337,0.23616000264584266,0.0,0.939806412583182,0.3847549909255898,0.939806412583182,730,0.73,29,0.939806412583182,0,749,347.8127646702965,0.21545226130653475,0.13436093803691518,0.0,0.3266331658291457,0.2864321608040201,0.3266331658291457,724,0.724,511,0.3266331658291457,0,749,215.32914572864527,0
24,104,2024-02-21,0.3633268892794378,0.3022585031518917,0.0,0.6659210736539384,0.4805080683815306,0.6659210736539384,603,0.603,556,0.6659210736539384,0,609,363.307317462854,0.23994736842105144,0.20215159860839924,0.0,0.4609800362976406,0.308529945553539,0.4609800362976406,600,0.6,162,0.4609800362976406,0,609,239.93557168784037,0.16776884422110663,0.1389694839224803,0.0,0.3165829145728643,0.2663316582914573,0.3165829145728643,594,0.594,607,0.3165829145728643,0,609,167.64572864321715,0
24,105,2024-02-21,0.4925170953826468,0.3255135297847159,0.0,0.7518772966927624,0.7047451669595782,0.7518772966927624,704,0.704,407,0.7518772966927624,0,709,492.48909570218854,0.3058714458560188,0.20481895930503566,0.0,0.4879007864488808,0.4225650332728373,0.4879007864488808,700,0.7,267,0.4879007864488808,0,709,305.85526315789497,0.19746733668341943,0.13153379206918536,0.0,0.3266331658291457,0.2864321608040201,0.3266331658291457,694,0.694,679,0.3266331658291457,0,709,197.34422110552995,0
24,106,2024-02-21,0.4694105288384727,0.339777275177177,0.0,0.7590669436012143,0.6891276561751078,0.7590669436012143,664,0.664,396,0.7590669436012143,0,679,469.3822495606328,0.26913157894736833,0.1974192594796541,0.0,0.4818511796733212,0.3738656987295826,0.4818511796733212,660,0.66,209,0.4818511796733212,0,679,269.1173623714456,0.18473366834171076,0.13485487618311354,0.0,0.3165829145728643,0.2814070351758794,0.3165829145728643,654,0.654,677,0.3165829145728643,0,679,184.61055276382132,0
24,107,2024-02-21,0.46737849496725076,0.3077729053707975,0.0,0.704026202268733,0.6708739415242051,0.704026202268733,704,0.704,583,0.704026202268733,0,709,467.3495366671987,0.3574879007864501,0.23950960549336547,0.0,0.6079854809437386,0.4791288566243194,0.6079854809437386,700,0.7,36,0.6079854809437386,0,709,357.47247428917103,0.19845728643216168,0.1321002164463481,0.0,0.3165829145728643,0.2864321608040201,0.3165829145728643,694,0.694,707,0.3165829145728643,0,709,198.33417085427203,0
24,108,2024-02-21,0.43689287426106393,0.28893644480250325,0.0,0.6675986579325771,0.6335676625659051,0.6675986579325771,703,0.703,209,0.6675986579325771,0,709,436.8693481386803,0.355048094373866,0.24156740645224878,0.0,0.6742286751361162,0.4573502722323049,0.6742286751361162,700,0.7,169,0.6742286751361162,0,709,355.03493647912916,0.21473366834171057,0.14438963556787093,0.0,0.3266331658291457,0.271356783919598,0.3266331658291457,694,0.694,213,0.3266331658291457,0,709,214.6105527638211,0
24,109,2024-02-21,0.48373685892314633,0.3182845033454595,0.0,0.7231985940246046,0.6948394312190446,0.7231985940246046,704,0.704,637,0.7231985940246046,0,709,483.71133567662457,0.2981182698124626,0.1982822474527661,0.0,0.4727767695099819,0.4131881427707199,0.4727767695099819,700,0.7,310,0.4727767695099819,0,709,298.10344827586226,0.19631155778894638,0.13060993135219062,0.0,0.3165829145728643,0.2763819095477386,0.3165829145728643,694,0.694,707,0.3165829145728643,0,709,196.18844221105672,0
24,110,2024-02-21,0.49166695957820533,0.32361355176563605,0.0,0.7348617990094264,0.7104169995206902,0.7348617990094264,704,0.704,562,0.7348617990094264,0,709,491.63959897747173,0.30003539019963676,0.20127401090426247,0.0,0.484875983061101,0.4162129461584997,0.484875983061101,700,0.7,322,0.484875983061101,0,709,300.02117362371433,0.19576884422110738,0.1302787671021162,0.0,0.3165829145728643,0.2763819095477386,0.3165829145728643,694,0.694,707,0.3165829145728643,0,709,195.6457286432179,0
24,111,2024-02-21,0.3083113117111346,0.3134068693913088,0.0,0.6975555200511264,0.13812110560792457,0.6975555200511264,504,0.504,234,0.6975555200511264,0,509,308.2976513820104,0.19564730792498441,0.20098922519571794,0.0,0.514216575922565,0.00907441016333935,0.514216575922565,500,0.5,134,0.514216575922565,0,509,195.63520871143336,0.1506582914572875,0.1534633085497426,0.0,0.3266331658291457,0.0,0.3266331658291457,494,0.494,241,0.3266331658291457,0,509,150.53517587939803,0
24,112,2024-02-21,0.4504451190285984,0.3618649403217342,0.0,0.9019012621824573,0.6896469084518294,0.9019012621824573,615,0.615,21,0.9019012621824573,0,619,450.40801246205496,0.2518690260133092,0.2091599203839385,0.0,0.5928614640048396,0.3324258923169993,0.5928614640048396,610,0.61,18,0.5928614640048396,0,619,251.85057471264295,0.1791155778894489,0.14612727180842205,0.0,0.3266331658291457,0.271356783919598,0.3266331658291457,604,0.604,423,0.3266331658291457,0,619,178.99246231155948,0
24,113,2024-02-21,0.3077008308036427,0.3138334174087527,0.0,0.6878095542418917,0.1362038664323374,0.6878095542418917,504,0.504,282,0.6878095542418917,0,509,307.6873701869315,0.1969842710223844,0.20071659446129061,0.0,0.5,0.0087719298245614,0.5,500,0.5,192,0.5,0,509,196.974440411373,0.15122110552763934,0.15421916120602025,0.0,0.3266331658291457,0.0,0.3266331658291457,494,0.494,202,0.3266331658291457,0,509,151.09798994974986,0
24,114,2024-02-21,0.4380150982585087,0.3516229948339506,0.0,0.907013899984023,0.6936411567343026,0.907013899984023,615,0.615,30,0.907013899984023,0,619,437.974197156095,0.2481563823351496,0.2058930228008255,0.0,0.6291591046581972,0.3306110102843315,0.6291591046581972,610,0.61,21,0.6291591046581972,0,619,248.13914095583954,0.17793969849246397,0.14516977397578243,0.0,0.3266331658291457,0.271356783919598,0.3266331658291457,604,0.604,437,0.3266331658291457,0,619,177.81658291457452,0
24,115,2024-02-21,0.2681824572615433,0.2878249188975492,0.0,0.6131969963252916,0.0,0.6131969963252916,474,0.474,318,0.6131969963252916,0,479,268.16799808276033,0.1806960072595283,0.19376855320661543,0.0,0.4216575922565033,0.0,0.4216575922565033,470,0.47,168,0.4216575922565033,0,479,180.6845130066543,0.13049246231155887,0.14040537112482862,0.0,0.3165829145728643,0.0,0.3165829145728643,464,0.464,477,0.3165829145728643,0,479,130.36934673366937,0
24,117,2024-02-21,0.3304154817063421,0.2958284391359433,0.0,0.6288544495925866,0.4981626457900623,0.6288544495925866,564,0.564,325,0.6288544495925866,0,569,330.40194120466543,0.279584996975196,0.2542425688018606,0.0,0.6412583182093164,0.41727162734422263,0.6412583182093164,560,0.56,135,0.6412583182093164,0,569,279.5750151240181,0.1580603015075383,0.14235852609084743,0.0,0.3165829145728643,0.2663316582914573,0.3165829145728643,553,0.553,567,0.3165829145728643,0,567,157.93718592964876,0
24,118,2024-02-21,0.530077009106885,0.2997218422237802,0.0,0.7506790222080204,0.7006710337114554,0.7506790222080204,764,0.764,556,0.7506790222080204,0,769,530.0475714970437,0.29538112522685966,0.1736242986293177,0.0,0.4758015728977616,0.3408953418027828,0.4758015728977616,760,0.76,393,0.4758015728977616,0,769,295.3661524500904,0.22129145728643407,0.1281674650348409,0.0,0.3266331658291457,0.2864321608040201,0.3266331658291457,753,0.753,563,0.3266331658291457,0,767,221.16834170854455,0
24,119,2024-02-21,0.3347355807636995,0.29979200328404443,0.0,0.6372423709857805,0.502236779038185,0.6372423709857805,564,0.564,456,0.6372423709857805,0,569,334.7218405496088,0.27590623109497714,0.24999670594069107,0.0,0.6349062310949788,0.4231699939503932,0.6349062310949788,560,0.56,136,0.6349062310949788,0,569,275.89640048396797,0.15686934673366992,0.14121997025201513,0.0,0.3165829145728643,0.2663316582914573,0.3165829145728643,553,0.553,567,0.3165829145728643,0,567,156.74623115578046,0
24,121,2024-02-21,0.6108984662086611,0.35300870467820344,0.0,0.8943920754114075,0.8137082601054482,0.8943920754114075,755,0.755,21,0.8943920754114075,0,779,610.8564067742456,0.3117797943133695,0.1864950167296634,0.0,0.5090744101633394,0.3886872353297035,0.5090744101633394,750,0.75,208,0.5090744101633394,0,779,311.7617967332126,0.22746733668341929,0.1353009120799883,0.0,0.3266331658291457,0.2864321608040201,0.3266331658291457,743,0.743,375,0.3266331658291457,0,777,227.34422110552987,0
24,122,2024-02-21,0.30715226074452756,0.28632913374272684,0.0,0.6309314586994728,0.4749960057517175,0.6309314586994728,544,0.544,245,0.6309314586994728,0,549,307.1374420834003,0.2129267997580156,0.2023155704035159,0.0,0.5353901996370236,0.3463399879007864,0.5353901996370236,540,0.54,158,0.5353901996370236,0,549,212.91530550514128,0.16348743718593084,0.15377498953135424,0.0,0.3266331658291457,0.2663316582914573,0.3266331658291457,534,0.534,251,0.3266331658291457,0,549,163.36432160804145,0
24,123,2024-02-21,0.28486179900942626,0.2874185661928753,0.0,0.6253395111040102,0.14343345582361394,0.6253395111040102,504,0.504,157,0.6253395111040102,0,509,284.84710017574713,0.18760344827586228,0.19060846679224588,0.0,0.454930429522081,0.0071082879612825,0.454930429522081,500,0.5,147,0.454930429522081,0,509,187.59361766485185,0.15362814070351866,0.15642408262124435,0.0,0.3266331658291457,0.0,0.3266331658291457,494,0.494,164,0.3266331658291457,0,509,153.5050251256292,0
24,124,2024-02-21,0.3215901102412538,0.2887335968796451,0.0,0.6205464131650423,0.4745166959578207,0.6205464131650423,564,0.564,517,0.6205464131650423,0,569,321.57672950950587,0.2886705989110708,0.2640940992656068,0.0,0.6684815486993345,0.4271022383545069,0.6684815486993345,560,0.56,17,0.6684815486993345,0,569,288.65880217785804,0.15801507537688508,0.14233219044920944,0.0,0.3165829145728643,0.2663316582914573,0.3165829145728643,553,0.553,567,0.3165829145728643,0,567,157.89195979899566,0
24,125,2024-02-21,0.2803240134206744,0.30206535946799273,0.0,0.6648825691004953,0.0,0.6648825691004953,474,0.474,181,0.6648825691004953,0,479,280.30707780795643,0.1680096793708408,0.18173261481555622,0.0,0.4727767695099819,0.0,0.4727767695099819,470,0.47,134,0.4727767695099819,0,479,167.99954627949163,0.14242211055276482,0.15412536558745607,0.0,0.3266331658291457,0.0,0.3266331658291457,464,0.464,188,0.3266331658291457,0,479,142.29899497487534,0
24,126,2024-02-21,0.27982840709378437,0.28227732074393236,0.0,0.6100814826649624,0.13872024285029555,0.6100814826649624,504,0.504,247,0.6100814826649624,0,509,279.8128694679662,0.19051482153660065,0.19222311552565594,0.0,0.4277071990320629,0.0066545674531155,0.4277071990320629,500,0.5,130,0.4277071990320629,0,509,190.50317604355715,0.13984924623115702,0.14169313683675921,0.0,0.3165829145728643,0.0,0.3165829145728643,494,0.494,507,0.3165829145728643,0,509,139.72613065326755,0
24,127,2024-02-21,0.3104043776961177,0.3143264252086081,0.0,0.6708739415242051,0.1433535708579645,0.6708739415242051,504,0.504,243,0.6708739415242051,0,509,310.3886004154021,0.22319963702359358,0.22684485924696005,0.0,0.5595886267392619,0.0087719298245614,0.5595886267392619,500,0.5,133,0.5595886267392619,0,509,223.18980641258327,0.13946733668341835,0.1412710631910126,0.0,0.3165829145728643,0.0,0.3165829145728643,494,0.494,507,0.3165829145728643,0,509,139.34422110552885,0
24,128,2024-02-21,0.28019459977632183,0.30142133774692614,0.0,0.6560952228790542,0.0,0.6560952228790542,474,0.474,239,0.6560952228790542,0,479,280.17910209298657,0.17259376890502115,0.18723641476312608,0.0,0.4337568058076225,0.0,0.4337568058076225,470,0.47,229,0.4337568058076225,0,479,172.5818209316396,0.14031155778894563,0.1517844096322091,0.0,0.3266331658291457,0.0,0.3266331658291457,464,0.464,246,0.3266331658291457,0,479,140.18844221105616,0
24,129,2024-02-21,0.2989245087074614,0.302745780502476,0.0,0.6600894711615274,0.14750758907173667,0.6600894711615274,504,0.504,187,0.6600894711615274,0,509,298.91028918357534,0.2159059286146399,0.2242682337684927,0.0,0.5232909860859044,0.0081669691470054,0.5232909860859044,500,0.5,227,0.5232909860859044,0,509,215.89473684210577,0.1402412060301514,0.14211918263974826,0.0,0.3165829145728643,0.0,0.3165829145728643,494,0.494,507,0.3165829145728643,0,509,140.11809045226192,0
24,130,2024-02-21,0.2963256910049536,0.3002322522786028,0.0,0.639399265058316,0.1366032912605847,0.639399265058316,504,0.504,137,0.639399265058316,0,509,296.3106726314109,0.21557320024198406,0.21994520165065912,0.0,0.5505142165759226,0.0086206896551724,0.5505142165759226,500,0.5,130,0.5505142165759226,0,509,215.56352087114334,0.15406030150753874,0.15690298242960796,0.0,0.3266331658291457,0.0,0.3266331658291457,494,0.494,146,0.3266331658291457,0,509,153.93718592964927,0
24,131,2024-02-21,0.29350910688608495,0.2968595487049436,0.0,0.665361878894392,0.14870586355647863,0.665361878894392,504,0.504,180,0.665361878894392,0,509,293.49476753474954,0.22144101633393823,0.23038096703344718,0.0,0.5653357531760436,0.0087719298245614,0.5653357531760436,500,0.5,180,0.5653357531760436,0,509,221.42785843920146,0.1419296482412055,0.1438740474223162,0.0,0.3165829145728643,0.0,0.3165829145728643,494,0.494,507,0.3165829145728643,0,509,141.806532663316,0
24,133,2024-02-21,0.23248218565265952,0.27555229198116793,0.0,0.6204665281993929,0.0,0.6204665281993929,424,0.424,217,0.6204665281993929,0,429,232.4676066464289,0.15233454325468818,0.18491895929378638,0.0,0.514216575922565,0.0,0.514216575922565,420,0.42,146,0.514216575922565,0,429,152.3224440411376,0.12447738693467406,0.14912593150043668,0.0,0.3266331658291457,0.0,0.3266331658291457,414,0.414,223,0.3266331658291457,0,429,124.35427135678462,0
24,135,2024-02-21,0.3026260584757948,0.32636215671501007,0.0,0.7076210257229589,0.0,0.7076210257229589,474,0.474,198,0.7076210257229589,0,479,302.612198434254,0.19389897156684835,0.2098869682788339,0.0,0.5030248033877798,0.0,0.5030248033877798,470,0.47,158,0.5030248033877798,0,479,193.88717483363604,0.15659798994975008,0.1807316616195971,0.0,0.5025125628140703,0.0,0.5025125628140703,464,0.464,173,0.5025125628140703,0,479,156.4748743718606,0
25,73,2024-02-28,0.4938919955264415,0.32596580421110716,0.0,0.7482824732385365,0.713133088352772,0.7482824732385365,704,0.704,697,0.7482824732385365,0,709,493.86559354529345,0.34437840290381116,0.2310116648751535,0.0,0.6200846944948578,0.4594676346037507,0.6200846944948578,700,0.7,31,0.6200846944948578,0,709,344.36267392619436,0.20087437185929619,0.1337022781569719,0.0,0.3165829145728643,0.2864321608040201,0.3165829145728643,694,0.694,707,0.3165829145728643,0,709,200.75125628140637,1
25,75,2024-02-28,0.5090225275603139,0.3366340973664049,0.0,0.7787186451509825,0.7390158172231986,0.7787186451509825,704,0.704,233,0.7787186451509825,0,709,508.99504713213105,0.3025686630369026,0.20248899112499236,0.0,0.5060496067755595,0.4162129461584997,0.5060496067755595,700,0.7,213,0.5060496067755595,0,709,302.55384150030227,0.1981055276381933,0.13197419530942361,0.0,0.3266331658291457,0.2864321608040201,0.3266331658291457,694,0.694,668,0.3266331658291457,0,709,197.98241206030383,1
25,77,2024-02-28,0.4872581882089791,0.32121843299037883,0.0,0.7482824732385365,0.6984342546732705,0.7482824732385365,704,0.704,617,0.7482824732385365,0,709,487.2303083559656,0.2894800362976406,0.19426661670575987,0.0,0.4667271627344223,0.4098608590441621,0.4667271627344223,700,0.7,144,0.4667271627344223,0,709,289.46536600121,0.2002613065326654,0.13372520194643686,0.0,0.3266331658291457,0.2864321608040201,0.3266331658291457,694,0.694,624,0.3266331658291457,0,709,200.13819095477592,1
25,78,2024-02-28,0.47399376897267803,0.31240469281100297,0.0,0.7318261703147467,0.6743888800127816,0.7318261703147467,704,0.704,630,0.7318261703147467,0,709,473.96509027001144,0.2882565033272844,0.19308620589553993,0.0,0.4519056261343013,0.4125831820931639,0.4519056261343013,700,0.7,224,0.4519056261343013,0,709,288.240623109497,0.20219095477386928,0.13503890839358718,0.0,0.3266331658291457,0.2864321608040201,0.3266331658291457,694,0.694,635,0.3266331658291457,0,709,202.0678391959797,1
25,125,2024-02-28,0.2769155615913087,0.29810656748346676,0.0,0.6582521169515897,0.0,0.6582521169515897,474,0.474,170,0.6582521169515897,0,479,276.8987857485222,0.16895735027223177,0.1830316069871081,0.0,0.469751966122202,0.0,0.469751966122202,470,0.47,130,0.469751966122202,0,479,168.94721718088365,0.14261306532663418,0.15439616511960685,0.0,0.3266331658291457,0.0,0.3266331658291457,464,0.464,175,0.3266331658291457,0,479,142.48994974874472,1
26,0,2024-03-13,0.4790901102412523,0.31540557850469675,0.0,0.7299089311391596,0.6840549608563669,0.7299089311391596,704,0.704,650,0.7299089311391596,0,709,479.06578526921186,0.32206049606775605,0.21648087349099968,0.0,0.5535390199637024,0.425287356321839,0.5535390199637024,700,0.7,141,0.5535390199637024,0,709,322.04431336963245,0.20097487437185843,0.1341207784895609,0.0,0.3165829145728643,0.2964824120603015,0.3165829145728643,694,0.694,707,0.3165829145728643,0,709,200.85175879396886,0
26,1,2024-03-13,0.47577903818501155,0.31314872288779155,0.0,0.7136123981466688,0.6855727752037066,0.7136123981466688,704,0.704,364,0.7136123981466688,0,709,475.7524764339369,0.3149612825166365,0.20996443787237726,0.0,0.4879007864488808,0.4398064125831821,0.4879007864488808,700,0.7,364,0.4879007864488808,0,709,314.94691470054465,0.19705527638191117,0.13142391620770452,0.0,0.3165829145728643,0.2864321608040201,0.3165829145728643,694,0.694,707,0.3165829145728643,0,709,196.93216080402138,0
26,2,2024-03-13,0.4835301166320484,0.3189685240630517,0.0,0.7284710017574693,0.6998721840549609,0.7284710017574693,704,0.704,487,0.7284710017574693,0,709,483.50299568621165,0.3216276467029642,0.21485426356999546,0.0,0.5505142165759226,0.4379915305505142,0.5505142165759226,700,0.7,57,0.5505142165759226,0,709,321.6126739261939,0.19730653266331868,0.13156795243495514,0.0,0.3165829145728643,0.2864321608040201,0.3165829145728643,694,0.694,707,0.3165829145728643,0,709,197.18341708542923,0
26,3,2024-03-13,0.295165841188688,0.2875172889466913,0.0,0.637162486020131,0.45103051605687805,0.637162486020131,523,0.523,527,0.637162486020131,0,529,295.14710816424326,0.22310344827586204,0.22363981935078678,0.0,0.5774349667271628,0.3215366001209921,0.5774349667271628,520,0.52,134,0.5774349667271628,0,529,223.09225650332712,0.16041206030150781,0.1850570257385073,0.0,1.0,0.2663316582914573,1.0,514,0.514,359,1.0,0,529,160.2889447236183,0
26,4,2024-03-13,0.29981578526921204,0.29208372736134874,0.0,0.6354050167758428,0.4552644192362997,0.6354050167758428,523,0.523,496,0.6354050167758428,0,529,299.79705224476714,0.20310465819721757,0.20180527123094263,0.0,0.5232909860859044,0.3200241984271022,0.5232909860859044,520,0.52,136,0.5232909860859044,0,529,203.0934664246823,0.1466532663316583,0.1428670828375151,0.0,0.3165829145728643,0.2663316582914573,0.3165829145728643,514,0.514,527,0.3165829145728643,0,529,146.5301507537688,0
26,5,2024-03-13,0.29118525323533984,0.29407642356500036,0.0,0.6389998402300687,0.12901421952388556,0.6389998402300687,504,0.504,136,0.6389998402300687,0,509,291.1702348617984,0.21145583787053843,0.21559515253001127,0.0,0.5683605565638233,0.0110405323653962,0.5683605565638233,500,0.5,132,0.5683605565638233,0,509,211.44252873563215,0.14185427135678388,0.14380383308710937,0.0,0.3165829145728643,0.0,0.3165829145728643,494,0.494,507,0.3165829145728643,0,509,141.73115577889436,0
26,6,2024-03-13,0.30298330404217894,0.30716399508505876,0.0,0.668956702348618,0.12981306918038024,0.668956702348618,504,0.504,187,0.668956702348618,0,509,302.9702029078127,0.20860133091349078,0.21196311488144787,0.0,0.514216575922565,0.0069570477918935,0.514216575922565,500,0.5,127,0.514216575922565,0,509,208.59134906231088,0.1521306532663328,0.1550093591259269,0.0,0.3266331658291457,0.0,0.3266331658291457,494,0.494,195,0.3266331658291457,0,509,152.0075376884433,0
26,7,2024-03-13,0.4883403898386331,0.32140590684876763,0.0,0.8888001278159451,0.6858124301006551,0.8888001278159451,705,0.705,21,0.8888001278159451,0,719,488.30368269691513,0.30084785238959394,0.2011780773208963,0.0,0.5747126436781609,0.4032062915910466,0.5747126436781609,700,0.7,47,0.5747126436781609,0,719,300.82985480943717,0.19747738693467468,0.13168276231213574,0.0,0.3165829145728643,0.2864321608040201,0.3165829145728643,694,0.694,717,0.3165829145728643,0,719,197.35427135678503,0
26,8,2024-03-13,0.3209226713532517,0.3003647110788822,0.0,0.6640038344783512,0.473877616232625,0.6640038344783512,544,0.544,257,0.6640038344783512,0,549,320.90837194440104,0.21380459770115048,0.20324440507709648,0.0,0.5199637023593466,0.3281911675741076,0.5199637023593466,540,0.54,174,0.5199637023593466,0,549,213.79143980641354,0.16257788944723742,0.15297017197249554,0.0,0.3266331658291457,0.26884422110552764,0.3266331658291457,534,0.534,262,0.3266331658291457,0,549,162.45477386934797,0
26,9,2024-03-13,0.30176673590030384,0.30640906860435424,0.0,0.6627256750279598,0.1351254193960696,0.6627256750279598,504,0.504,447,0.6627256750279598,0,509,301.7511583320025,0.2109213551119174,0.21362741293310591,0.0,0.5199637023593466,0.0071082879612825,0.5199637023593466,500,0.5,130,0.5199637023593466,0,509,210.91122202056889,0.1408844221105535,0.1428308938068061,0.0,0.3165829145728643,0.0,0.3165829145728643,494,0.494,507,0.3165829145728643,0,509,140.761306532664,0
26,10,2024-03-13,0.5187641795814016,0.34052810994602395,0.0,0.8907173669915321,0.729988816104809,0.8907173669915321,705,0.705,46,0.8907173669915321,0,719,518.7240373861633,0.31373139745916545,0.20998450725222945,0.0,0.5263157894736842,0.4313369630973986,0.5263157894736842,700,0.7,46,0.5263157894736842,0,719,313.7138535995169,0.19654271356784153,0.13092698965178043,0.0,0.3165829145728643,0.2864321608040201,0.3165829145728643,694,0.694,717,0.3165829145728643,0,719,196.41959798995208,0
26,11,2024-03-13,0.32303690685413017,0.30235785702627815,0.0,0.6517015497683336,0.4772327847899025,0.6517015497683336,544,0.544,213,0.6517015497683336,0,549,323.02280715769314,0.21945704779189357,0.20845920417733416,0.0,0.5232909860859044,0.3179068360556564,0.5232909860859044,540,0.54,190,0.5232909860859044,0,549,219.4469147005443,0.15084422110552914,0.14128984761784152,0.0,0.3165829145728643,0.271356783919598,0.3165829145728643,534,0.534,547,0.3165829145728643,0,549,150.72110552763968,0
26,12,2024-03-13,0.30929884965649357,0.2887588939614963,0.0,0.614315385844384,0.4698034829845023,0.614315385844384,544,0.544,153,0.614315385844384,0,549,309.28319220322703,0.21276769509981883,0.19984838760135606,0.0,0.4969751966122202,0.3463399879007864,0.4969751966122202,540,0.54,139,0.4969751966122202,0,549,212.75801572897757,0.16615075376884547,0.1563442411131588,0.0,0.3266331658291457,0.2663316582914573,0.3266331658291457,534,0.534,161,0.3266331658291457,0,549,166.02763819095603,0
26,13,2024-03-13,0.4712542738456628,0.3112373480166088,0.0,0.894631730308356,0.6560952228790542,0.894631730308356,705,0.705,34,0.894631730308356,0,709,471.2139319380086,0.3025362976406526,0.20765988877588712,0.0,0.7168784029038112,0.3989715668481549,0.7168784029038112,700,0.7,24,0.7168784029038112,0,709,302.51950998185026,0.20159296482412026,0.13415441442202578,0.0,0.3165829145728643,0.2864321608040201,0.3165829145728643,694,0.694,707,0.3165829145728643,0,709,201.4698492462306,0
26,14,2024-03-13,0.24826162326250123,0.3097668786394839,0.0,0.7100974596580923,0.0,0.7100974596580923,404,0.404,212,0.7100974596580923,0,409,248.24772327847916,0.1460229885057468,0.18496968627627097,0.0,0.5263157894736842,0.0,0.5263157894736842,400,0.4,188,0.5263157894736842,0,409,146.0116454930427,0.1186432160804026,0.1480122497297038,0.0,0.3266331658291457,0.0,0.3266331658291457,394,0.394,218,0.3266331658291457,0,409,118.52010050251316,0
26,15,2024-03-13,0.31305088672311954,0.3055906353666954,0.0,0.656574532672951,0.4634126857325451,0.656574532672951,523,0.523,334,0.656574532672951,0,529,313.0315945039144,0.19909437386569903,0.1951732425989099,0.0,0.4818511796733212,0.322444041137326,0.4818511796733212,520,0.52,134,0.4818511796733212,0,529,199.08590441621337,0.1452562814070365,0.14142878083324711,0.0,0.3165829145728643,0.2663316582914573,0.3165829145728643,514,0.514,527,0.3165829145728643,0,529,145.13316582914706,0
26,16,2024-03-13,0.3188222559514291,0.2984280116219709,0.0,0.6375619108483783,0.4718804920913884,0.6375619108483783,544,0.544,338,0.6375619108483783,0,549,318.80719763540606,0.21081427707199002,0.20040881303063554,0.0,0.5,0.3248638838475499,0.5,540,0.54,134,0.5,0,549,210.80248033877828,0.16469346733668475,0.154994045246151,0.0,0.3266331658291457,0.2663316582914573,0.3266331658291457,534,0.534,205,0.3266331658291457,0,549,164.57035175879525,0
26,17,2024-03-13,0.308497363796133,0.3007951065460619,0.0,0.6513820099057357,0.4623741811791021,0.6513820099057357,524,0.524,528,0.6513820099057357,0,529,308.4795095063114,0.18991197822141517,0.18655753455943755,0.0,0.4667271627344223,0.2903811252268602,0.4667271627344223,520,0.52,132,0.4667271627344223,0,529,189.90381125226864,0.1472763819095473,0.14349115221810657,0.0,0.3165829145728643,0.2663316582914573,0.3165829145728643,514,0.514,527,0.3165829145728643,0,529,147.1532663316578,0
26,18,2024-03-13,0.24647499600575168,0.29347652088721116,0.0,0.67015497683336,0.0,0.67015497683336,424,0.424,272,0.67015497683336,0,429,246.46181498641997,0.15775287356321865,0.18954610703176722,0.0,0.454930429522081,0.0,0.454930429522081,420,0.42,132,0.454930429522081,0,429,157.74304295220776,0.12294974874371933,0.14710843163913834,0.0,0.3266331658291457,0.0,0.3266331658291457,414,0.414,278,0.3266331658291457,0,429,122.82663316582989,0
26,19,2024-03-13,0.2534500718964697,0.3022669307056396,0.0,0.6696756670394631,0.0,0.6696756670394631,424,0.424,231,0.6696756670394631,0,429,253.43565266016975,0.17081911675741066,0.2037600863597001,0.0,0.4758015728977616,0.0,0.4758015728977616,420,0.42,131,0.4758015728977616,0,429,170.80883242589258,0.11645728643216166,0.1389236287566046,0.0,0.3165829145728643,0.0,0.3165829145728643,414,0.414,427,0.3165829145728643,0,429,116.33417085427223,0
26,20,2024-03-13,0.26561471481067195,0.2919088403293814,0.0,0.6413963891995527,0.0,0.6413963891995527,463,0.463,404,0.6413963891995527,0,469,265.5946237418116,0.17381790683605602,0.1926401843302927,0.0,0.5090744101633394,0.0,0.5090744101633394,460,0.46,134,0.5090744101633394,0,469,173.80898366606144,0.12959798994974878,0.14239258084471554,0.0,0.3165829145728643,0.0,0.3165829145728643,454,0.454,467,0.3165829145728643,0,469,129.4748743718593,0
26,21,2024-03-13,0.2652775203706661,0.2920210967120823,0.0,0.6516216648026841,0.0,0.6516216648026841,463,0.463,406,0.6516216648026841,0,469,265.2583080364278,0.17269086509376858,0.18967855577647763,0.0,0.4458560193587417,0.0,0.4458560193587417,460,0.46,143,0.4458560193587417,0,469,172.67952208106468,0.13090954773869296,0.14561565529743264,0.0,1.0,0.0,1.0,454,0.454,163,1.0,0,469,130.78643216080349,0
26,22,2024-03-13,0.23990653459018957,0.2979205470326891,0.0,0.6714331362837515,0.0,0.6714331362837515,404,0.404,217,0.6714331362837515,0,409,239.89207541140797,0.14118995765275213,0.1800441910569459,0.0,0.5060496067755595,0.0,0.5060496067755595,400,0.4,177,0.5060496067755595,0,409,141.17800967937083,0.11748241206030208,0.14651471919342943,0.0,0.3266331658291457,0.0,0.3266331658291457,394,0.394,249,0.3266331658291457,0,409,117.35929648241263,0
26,23,2024-03-13,0.30726689567023474,0.3006655619969047,0.0,0.6649624540661447,0.4485540821217447,0.6649624540661447,523,0.523,501,0.6649624540661447,0,529,307.2486419555842,0.20380550514216608,0.19911425004466454,0.0,0.4939503932244404,0.3315184513006654,0.4939503932244404,520,0.52,152,0.4939503932244404,0,529,203.79385964912302,0.14612060301507548,0.14239116353709583,0.0,0.3165829145728643,0.2663316582914573,0.3165829145728643,514,0.514,527,0.3165829145728643,0,529,145.997487437186,0
26,24,2024-03-13,0.25400311551366056,0.316631922568347,0.0,0.7364594983224158,0.0,0.7364594983224158,404,0.404,216,0.7364594983224158,0,409,253.9886962773608,0.14415517241379314,0.18310957944653042,0.0,0.5323653962492438,0.0,0.5323653962492438,400,0.4,176,0.5323653962492438,0,409,144.1438294010893,0.16177386934673457,0.212566244373996,0.0,0.5025125628140703,0.0,0.5025125628140703,394,0.394,162,0.5025125628140703,0,409,161.6507537688451,0
26,25,2024-03-13,0.3221509027001123,0.3148919089160572,0.0,0.6810992171273367,0.4700431378814507,0.6810992171273367,524,0.524,448,0.6810992171273367,0,529,322.1322096181499,0.19458681185722915,0.19214994312959277,0.0,0.4667271627344223,0.26376285541439803,0.4667271627344223,520,0.52,182,0.4667271627344223,0,529,194.57864488808224,0.14494974874371994,0.1411191791954578,0.0,0.3165829145728643,0.2663316582914573,0.3165829145728643,514,0.514,527,0.3165829145728643,0,529,144.8266331658305,0
26,26,2024-03-13,0.25015202108963197,0.3115654027402274,0.0,0.7105767694519891,0.0,0.7105767694519891,404,0.404,259,0.7105767694519891,0,409,250.1367231187101,0.14459981851179649,0.18523064719428142,0.0,0.5290381125226861,0.0,0.5290381125226861,400,0.4,186,0.5290381125226861,0,409,144.58847549909245,0.11776381909547803,0.14753342446907292,0.0,0.5025125628140703,0.0,0.5025125628140703,394,0.394,203,0.5025125628140703,0,409,117.64070351758858,0
26,27,2024-03-13,0.3174678063588424,0.3102557319551022,0.0,0.6656015337913405,0.4624940086275763,0.6656015337913405,524,0.524,244,0.6656015337913405,0,529,317.4481546572945,0.19258045977011498,0.1914358058207354,0.0,0.4727767695099819,0.27268602540834846,0.4727767695099819,520,0.52,215,0.4727767695099819,0,529,192.57304900181444,0.14508542713567973,0.14126463992260208,0.0,0.3165829145728643,0.2663316582914573,0.3165829145728643,514,0.514,527,0.3165829145728643,0,529,144.9623115577903,0
26,28,2024-03-13,0.23977176865313987,0.2849175124077046,0.0,0.6283751397986899,0.0,0.6283751397986899,424,0.424,300,0.6283751397986899,0,429,239.75575171752664,0.15925529340592853,0.1912315978033438,0.0,0.4637023593466424,0.0,0.4637023593466424,420,0.42,131,0.4637023593466424,0,429,159.24349667271636,0.12748743718593034,0.15270257136384163,0.0,0.3266331658291457,0.0,0.3266331658291457,414,0.414,148,0.3266331658291457,0,429,127.36432160804088,0
26,29,2024-03-13,0.3067517175267614,0.2996162375670908,0.0,0.6616072855088673,0.4514299408851254,0.6616072855088673,523,0.523,440,0.6616072855088673,0,529,306.7322655376258,0.1949993950393214,0.19153892055656094,0.0,0.4398064125831821,0.2976406533575317,0.4398064125831821,520,0.52,151,0.4398064125831821,0,529,194.9882032667872,0.14936683417085467,0.14593728124893782,0.0,0.3266331658291457,0.2663316582914573,0.3266331658291457,514,0.514,447,0.3266331658291457,0,529,149.24371859296522,0
26,30,2024-03-13,0.4774165202108906,0.30009264844623523,0.0,0.7124141236619268,0.6676785428982266,0.7124141236619268,724,0.724,634,0.7124141236619268,0,729,477.3913963891983,0.29620780399274144,0.19210994957683622,0.0,0.4788263762855414,0.4071385359951603,0.4788263762855414,720,0.72,367,0.4788263762855414,0,729,296.191923774955,0.20508040201005265,0.13058456630222187,0.0,0.3266331658291457,0.2864321608040201,0.3266331658291457,714,0.714,641,0.3266331658291457,0,729,204.95728643216316,1
26,31,2024-03-13,0.30589998402300794,0.30949136041373154,0.0,0.6791819779517495,0.1464690845182936,0.6791819779517495,504,0.504,445,0.6791819779517495,0,509,305.88536507429325,0.22330641258318223,0.22791839774856545,0.0,0.5172413793103449,0.00801572897761645,0.5172413793103449,500,0.5,179,0.5172413793103449,0,509,223.2962794918327,0.1418241206030163,0.14401253201909478,0.0,0.3266331658291457,0.0,0.3266331658291457,494,0.494,451,0.3266331658291457,0,509,141.70100502512685,0
26,32,2024-03-13,0.4466799009426418,0.3582865524081341,0.0,0.894631730308356,0.7156894072535549,0.894631730308356,615,0.615,30,0.894631730308356,0,629,446.6413165042327,0.2629183303085297,0.21684780946571727,0.0,0.5562613430127041,0.3729582577132486,0.5562613430127041,610,0.61,40,0.5562613430127041,0,629,262.9009376890502,0.17200000000000112,0.13946421337190384,0.0,0.3165829145728643,0.2763819095477386,0.3165829145728643,604,0.604,627,0.3165829145728643,0,629,171.8768844221116,0
26,33,2024-03-13,0.2915643073973497,0.27112105123030955,0.0,0.5706183096341269,0.4672471640837194,0.5706183096341269,544,0.544,464,0.5706183096341269,0,549,291.5486100016,0.22171143375680635,0.20719476804334358,0.0,0.454930429522081,0.3653962492437991,0.454930429522081,540,0.54,174,0.454930429522081,0,549,221.70160314579522,0.15172361809045257,0.14201077494507253,0.0,0.3165829145728643,0.2663316582914573,0.3165829145728643,534,0.534,547,0.3165829145728643,0,549,151.60050251256303,0
26,34,2024-03-13,0.36890501677584225,0.3069163706745948,0.0,0.6822176066464292,0.4815465729349736,0.6822176066464292,603,0.603,609,0.6822176066464292,0,609,368.88632369388097,0.24727192982456117,0.20771785949429902,0.0,0.4879007864488808,0.3324258923169993,0.4879007864488808,600,0.6,153,0.4879007864488808,0,609,247.2604355716879,0.16927638190954825,0.14022472413326859,0.0,0.3165829145728643,0.271356783919598,0.3165829145728643,594,0.594,607,0.3165829145728643,0,609,169.15326633165847,0
26,35,2024-03-13,0.3830604729189988,0.3196192501259603,0.0,0.7068221760664642,0.48086755072695314,0.7068221760664642,604,0.604,255,0.7068221760664642,0,609,383.04110081482577,0.2457253478523886,0.20672324249470103,0.0,0.4818511796733212,0.3281911675741076,0.4818511796733212,600,0.6,235,0.4818511796733212,0,609,245.7168784029036,0.1675427135678411,0.13868552149331229,0.0,0.3165829145728643,0.271356783919598,0.3165829145728643,594,0.594,607,0.3165829145728643,0,609,167.41959798995157,0
26,36,2024-03-13,0.32417622623422065,0.29067336995185195,0.0,0.61791020929861,0.4773925547212014,0.61791020929861,564,0.564,323,0.61791020929861,0,569,324.16895670234766,0.25601814882032686,0.23100032212882274,0.0,0.5323653962492438,0.4047186932849365,0.5323653962492438,560,0.56,146,0.5323653962492438,0,569,256.0098306110104,0.0,0.0,0.0,0.0,0.0,0.0,0,0.0,0,0.0,-1,-1,0.0,0
26,37,2024-03-13,0.45839191564147597,0.28697841879192526,0.0,0.673590030356287,0.6286946796612878,0.673590030356287,724,0.724,586,0.673590030356287,0,729,458.36419555839586,0.294360859044163,0.18666001326262202,0.0,0.4519056261343013,0.3983666061705989,0.4519056261343013,720,0.72,276,0.4519056261343013,0,729,294.3457350272222,0.20261306532663437,0.12891514914429952,0.0,0.3165829145728643,0.2864321608040201,0.3165829145728643,714,0.714,727,0.3165829145728643,0,729,202.4899497487449,0
26,38,2024-03-13,0.4436953986259775,0.3559050829130136,0.0,0.889998402300687,0.7084997603451031,0.889998402300687,615,0.615,21,0.889998402300687,0,629,443.6535389039786,0.2637686025408351,0.215831135680153,0.0,0.5232909860859044,0.3835450695704779,0.5232909860859044,610,0.61,31,0.5232909860859044,0,629,263.7512099213552,0.17207035175879445,0.1395910287652272,0.0,0.3165829145728643,0.271356783919598,0.3165829145728643,604,0.604,627,0.3165829145728643,0,629,171.947236180905,0
26,39,2024-03-13,0.2412284710017572,0.2869984040959979,0.0,0.6362837513979869,0.0,0.6362837513979869,424,0.424,340,0.6362837513979869,0,429,241.21477073014864,0.15368179068360543,0.18430311488196557,0.0,0.4307320024198427,0.0,0.4307320024198427,420,0.42,151,0.4307320024198427,0,429,153.67165759225642,0.11683417085427199,0.13918686362397842,0.0,0.3165829145728643,0.0,0.3165829145728643,414,0.414,427,0.3165829145728643,0,429,116.71105527638257,0
26,40,2024-03-13,0.2814936092027484,0.2840805928015251,0.0,0.6069659690046333,0.1475475315545614,0.6069659690046333,504,0.504,178,0.6069659690046333,0,509,281.47934973637865,0.19939261947973397,0.2052212398812883,0.0,0.4727767695099819,0.00741076830006045,0.4727767695099819,500,0.5,238,0.4727767695099819,0,509,199.3815789473687,0.14023618090452283,0.14219261835137023,0.0,0.3165829145728643,0.0,0.3165829145728643,494,0.494,507,0.3165829145728643,0,509,140.11306532663335,0
26,41,2024-03-13,0.23025635085476936,0.2854890806354626,0.0,0.6358044416040901,0.0,0.6358044416040901,404,0.404,366,0.6358044416040901,0,409,230.2414123661927,0.14831004234724718,0.18477426265013366,0.0,0.4428312159709618,0.0,0.4428312159709618,400,0.4,166,0.4428312159709618,0,409,148.29960677555968,0.11112060301507606,0.1379905564773454,0.0,0.3165829145728643,0.0,0.3165829145728643,394,0.394,407,0.3165829145728643,0,409,110.99748743718662,0
26,42,2024-03-13,0.22513077168876844,0.27887000438012577,0.0,0.6169515897108164,0.0,0.6169515897108164,404,0.404,284,0.6169515897108164,0,409,225.11627256750296,0.15130641258318203,0.18855531084749,0.0,0.4579552329098608,0.0,0.4579552329098608,400,0.4,154,0.4579552329098608,0,409,151.29476709013946,0.11091457286432228,0.1377154739998202,0.0,0.3165829145728643,0.0,0.3165829145728643,394,0.394,407,0.3165829145728643,0,409,110.79145728643286,0
26,43,2024-03-13,0.4455585556798201,0.29330263558270697,0.0,0.6810193321616872,0.6223038824093305,0.6810193321616872,704,0.704,684,0.6810193321616872,0,709,445.5305160568784,0.2969827586206898,0.19810025119342237,0.0,0.4969751966122202,0.4050211736237145,0.4969751966122202,700,0.7,55,0.4969751966122202,0,709,296.9680883242593,0.19752763819095534,0.13156630489422655,0.0,0.3165829145728643,0.2864321608040201,0.3165829145728643,694,0.694,707,0.3165829145728643,0,709,197.40452261306572,0
26,44,2024-03-13,0.4577524364914518,0.30132971172540096,0.0,0.6898865633487777,0.6547371784630133,0.6898865633487777,704,0.704,698,0.6898865633487777,0,709,457.7240373861637,0.296503327283726,0.1975984530764315,0.0,0.514216575922565,0.4071385359951603,0.514216575922565,700,0.7,49,0.514216575922565,0,709,296.488203266788,0.19616080402010289,0.13046107859416856,0.0,0.3165829145728643,0.2864321608040201,0.3165829145728643,694,0.694,707,0.3165829145728643,0,709,196.0376884422134,0
26,45,2024-03-13,0.29859130851573823,0.3040795817347113,0.0,0.6704745166959578,0.11958779357724875,0.6704745166959578,503,0.503,464,0.6704745166959578,0,509,298.57161687170515,0.20527646702964322,0.21100212667106866,0.0,0.4667271627344223,0.0099818511796733,0.4667271627344223,500,0.5,224,0.4667271627344223,0,509,205.26451905626195,0.13908542713567917,0.1409646102319491,0.0,0.3165829145728643,0.0,0.3165829145728643,494,0.494,507,0.3165829145728643,0,509,138.96231155778966,0
26,46,2024-03-13,0.29381682377376495,0.29886030089666515,0.0,0.6563348777760025,0.1247803163444639,0.6563348777760025,503,0.503,419,0.6563348777760025,0,509,293.79753155456154,0.204745614035088,0.2101610787523194,0.0,0.4667271627344223,0.0099818511796733,0.4667271627344223,500,0.5,309,0.4667271627344223,0,509,204.7336660617062,0.13900502512562823,0.14100897890924022,0.0,0.3165829145728643,0.0,0.3165829145728643,494,0.494,507,0.3165829145728643,0,509,138.8819095477387,0
26,47,2024-03-13,0.48081674388879914,0.3168954249705045,0.0,0.7389359322575492,0.6751877296692762,0.7389359322575492,704,0.704,385,0.7389359322575492,0,709,480.79066144751624,0.2841866303690244,0.19068054896364206,0.0,0.4758015728977616,0.3708408953418027,0.4758015728977616,700,0.7,252,0.4758015728977616,0,709,284.1707501512402,0.210140703517589,0.1410153468501619,0.0,0.3266331658291457,0.2964824120603015,0.3266331658291457,694,0.694,393,0.3266331658291457,0,709,210.01758793969952,0
26,48,2024-03-13,0.267270170953825,0.2866397311647336,0.0,0.6420354689247484,0.0,0.6420354689247484,474,0.474,128,0.6420354689247484,0,479,267.25758907173685,0.2031333938294008,0.22154015735847632,0.0,0.5716878402903811,0.0,0.5716878402903811,470,0.47,21,0.5716878402903811,0,479,203.12220205686612,0.1398844221105537,0.1515670217486819,0.0,0.3266331658291457,0.0,0.3266331658291457,463,0.463,259,0.3266331658291457,0,477,139.7613065326643,0
26,49,2024-03-13,0.287565505671832,0.30675298929549966,0.0,0.9096501038504552,0.0,0.9096501038504552,485,0.485,17,0.9096501038504552,0,499,287.542339031794,0.19585420447670876,0.21736830015727468,0.0,0.837870538415003,0.0,0.837870538415003,480,0.48,10,0.837870538415003,0,499,195.83620689655152,0.133763819095477,0.14152879285534484,0.0,0.3165829145728643,0.0,0.3165829145728643,473,0.473,497,0.3165829145728643,0,497,133.64070351758753,0
26,50,2024-03-13,0.2810710976194263,0.30936629642055674,0.0,0.8642754433615594,0.0,0.8642754433615594,465,0.465,13,0.8642754433615594,0,479,281.040621505031,0.19056019358741685,0.21494436590124477,0.0,0.7168784029038112,0.0,0.7168784029038112,460,0.46,13,0.7168784029038112,0,479,190.53781004234742,0.1288241206030157,0.14144845014664495,0.0,0.3165829145728643,0.0,0.3165829145728643,454,0.454,477,0.3165829145728643,0,479,128.70100502512625,0
26,51,2024-03-13,0.2823327208819294,0.31049184505113675,0.0,0.8568461415561591,0.0,0.8568461415561591,465,0.465,33,0.8568461415561591,0,479,282.30080683815237,0.1857431941923769,0.20928458885723578,0.0,0.6896551724137931,0.0,0.6896551724137931,460,0.46,13,0.6896551724137931,0,479,185.72156684815414,0.12751758793969944,0.14000063346020344,0.0,0.3165829145728643,0.0,0.3165829145728643,454,0.454,477,0.3165829145728643,0,479,127.39447236181,0
26,52,2024-03-13,0.32715913085157317,0.3194404671772952,0.0,0.6811791020929862,0.4781115194120466,0.6811791020929862,524,0.524,510,0.6811791020929862,0,529,327.14579006231065,0.22294192377495461,0.21760323347660973,0.0,0.5263157894736842,0.3838475499092559,0.5263157894736842,520,0.52,140,0.5263157894736842,0,529,222.92861464004827,0.14518592964824256,0.14155791702560952,0.0,0.3165829145728643,0.271356783919598,0.3165829145728643,513,0.513,527,0.3165829145728643,0,527,145.0628140703531,0
26,53,2024-03-13,0.4479448793737011,0.3594291390221868,0.0,0.8951110401022527,0.7055440166160728,0.8951110401022527,615,0.615,35,0.8951110401022527,0,629,447.9027799968051,0.26073926194797353,0.2131347775778354,0.0,0.5232909860859044,0.3856624319419238,0.5232909860859044,610,0.61,25,0.5232909860859044,0,629,260.72186932849456,0.1702412060301526,0.1379981401310514,0.0,0.3165829145728643,0.271356783919598,0.3165829145728643,604,0.604,627,0.3165829145728643,0,629,170.11809045226312,0
26,54,2024-03-13,0.4271262981306902,0.34347912155234056,0.0,0.889998402300687,0.673590030356287,0.889998402300687,615,0.615,33,0.889998402300687,0,629,427.08443840869137,0.25242196007259543,0.2075109538838109,0.0,0.4969751966122202,0.3735632183908046,0.4969751966122202,610,0.61,47,0.4969751966122202,0,629,252.4044162129457,0.17128140703517772,0.13881155985822602,0.0,0.3165829145728643,0.2763819095477386,0.3165829145728643,604,0.604,627,0.3165829145728643,0,629,171.15829145728824,0
26,55,2024-03-13,0.4432306278958289,0.3555686587374119,0.0,0.8906374820258828,0.7020290781274964,0.8906374820258828,615,0.615,49,0.8906374820258828,0,629,443.190485700592,0.25578463399878926,0.2086255929244499,0.0,0.4818511796733212,0.3832425892316999,0.4818511796733212,610,0.61,46,0.4818511796733212,0,629,255.7666364186326,0.17059798994975056,0.13826662149532584,0.0,0.3165829145728643,0.2763819095477386,0.3165829145728643,604,0.604,627,0.3165829145728643,0,629,170.47487437186112,0
26,56,2024-03-13,0.4313004473558058,0.3463883719492233,0.0,0.8892794376098418,0.6834957660968206,0.8892794376098418,615,0.615,26,0.8892794376098418,0,629,431.2586275762903,0.25577495462794864,0.20790182045976105,0.0,0.5562613430127041,0.3926194797338173,0.5562613430127041,610,0.61,49,0.5562613430127041,0,629,255.75756200846922,0.1713165829145745,0.13894354557098626,0.0,0.3165829145728643,0.271356783919598,0.3165829145728643,604,0.604,627,0.3165829145728643,0,629,171.19346733668505,0
26,57,2024-03-13,0.4346239814666864,0.34881041579343275,0.0,0.8999840230068701,0.6953187410129413,0.8999840230068701,615,0.615,47,0.8999840230068701,0,629,434.58339990413816,0.2519885057471264,0.20474809910081926,0.0,0.5928614640048396,0.3880822746521476,0.5928614640048396,610,0.61,47,0.5928614640048396,0,629,251.97111312764707,0.17173869346733797,0.13923634050131864,0.0,0.3165829145728643,0.2763819095477386,0.3165829145728643,604,0.604,627,0.3165829145728643,0,629,171.6155778894485,0
26,58,2024-03-13,0.31123182617031375,0.3030082263060141,0.0,0.6544975235660648,0.4748362358204186,0.6544975235660648,524,0.524,152,0.6544975235660648,0,529,311.2177264738774,0.22540320629159133,0.2197070165504534,0.0,0.5172413793103449,0.3832425892316999,0.5172413793103449,520,0.52,135,0.5172413793103449,0,529,225.39216575922543,0.1601256281407047,0.1569528447491846,0.0,0.3266331658291457,0.271356783919598,0.3266331658291457,513,0.513,158,0.3266331658291457,0,527,160.00251256281524,0
26,59,2024-03-13,0.442941843745008,0.35524673389614325,0.0,0.8988656334877776,0.7120146988336795,0.8988656334877776,615,0.615,40,0.8988656334877776,0,629,442.9013420674226,0.25563369630974214,0.2095909489963887,0.0,0.6439806412583182,0.39019963702359345,0.6439806412583182,610,0.61,20,0.6439806412583182,0,629,255.61479128856695,0.17217085427135825,0.13954452272077256,0.0,0.3165829145728643,0.2763819095477386,0.3165829145728643,604,0.604,627,0.3165829145728643,0,629,172.0477386934688,0
26,60,2024-03-13,0.48915409809873617,0.3232695753463087,0.0,0.7423709857804761,0.7073813708260105,0.7423709857804761,704,0.704,369,0.7423709857804761,0,709,489.1279357724879,0.2932199032062916,0.19717242002760757,0.0,0.5090744101633394,0.4128856624319419,0.5090744101633394,700,0.7,26,0.5090744101633394,0,709,293.20493042952137,0.20001005025125848,0.1335633391939079,0.0,0.3266331658291457,0.2864321608040201,0.3266331658291457,694,0.694,623,0.3266331658291457,0,709,199.88693467336898,1
26,61,2024-03-13,0.3216115992970131,0.3009171103177307,0.0,0.6447515577568301,0.4778718645150983,0.6447515577568301,544,0.544,269,0.6447515577568301,0,549,321.5976993129904,0.2270396249243803,0.2130413797080236,0.0,0.5090744101633394,0.3708408953418027,0.5090744101633394,540,0.54,159,0.5090744101633394,0,549,227.02767695099845,0.15091457286432308,0.14136214978731151,0.0,0.3165829145728643,0.271356783919598,0.3165829145728643,533,0.533,547,0.3165829145728643,0,547,150.79145728643363,0
26,62,2024-03-13,0.32250854769132464,0.31505056040714935,0.0,0.6798210576769452,0.4691644032593066,0.6798210576769452,523,0.523,253,0.6798210576769452,0,529,322.4898945518455,0.20543284936479128,0.20200447496086735,0.0,0.5232909860859044,0.3221415607985481,0.5232909860859044,520,0.52,133,0.5232909860859044,0,529,205.42165759225634,0.14546733668341844,0.14154961828634102,0.0,0.3165829145728643,0.271356783919598,0.3165829145728643,514,0.514,527,0.3165829145728643,0,529,145.34422110552896,0
26,63,2024-03-13,0.3651472279916922,0.3037745153316199,0.0,0.6577728071576929,0.4797891036906854,0.6577728071576929,603,0.603,480,0.6577728071576929,0,609,365.1291739894557,0.27958045977011575,0.2339210247637099,0.0,0.5807622504537205,0.425892316999395,0.5807622504537205,600,0.6,154,0.5807622504537205,0,609,279.5691167574112,0.1682361809045244,0.13926685413329776,0.0,0.3165829145728643,0.271356783919598,0.3165829145728643,594,0.594,607,0.3165829145728643,0,609,168.1130653266349,0
26,64,2024-03-13,0.22365545614315294,0.290813242907129,0.0,0.6162326250199712,0.0,0.6162326250199712,470,0.47,416,0.6162326250199712,0,479,223.65425786866865,0.11629794313369604,0.1533794339608415,0.0,0.3478523895946763,0.0,0.3478523895946763,470,0.47,286,0.3478523895946763,0,479,116.29733817301843,0.0,0.0,0.0,0.0,0.0,0.0,0,0.0,0,0.0,-1,-1,0.0,0
26,64,2024-03-13,0.2703006071257391,0.2896862070702252,0.0,0.6150343505352293,0.0,0.6150343505352293,474,0.474,305,0.6150343505352293,0,479,270.2897827128929,0.15374773139745945,0.16801072122678357,0.0,0.3781004234724743,0.0,0.3781004234724743,470,0.47,255,0.3781004234724743,0,479,153.74183303085312,0.0,0.0,0.0,0.0,0.0,0.0,0,0.0,0,0.0,-1,-1,0.0,0
26,65,2024-03-13,0.30850702987697737,0.3003636085396726,0.0,0.6537785588752196,0.4717207221600895,0.6537785588752196,524,0.524,523,0.6537785588752196,0,529,308.489095702189,0.19826285541439817,0.194628730145269,0.0,0.4818511796733212,0.3263762855414398,0.4818511796733212,520,0.52,143,0.4818511796733212,0,529,198.2543859649129,0.1472964824120604,0.14347597471113474,0.0,0.3165829145728643,0.2663316582914573,0.3165829145728643,514,0.514,527,0.3165829145728643,0,529,147.17336683417088,0
26,66,2024-03-13,0.3659104489535065,0.30378034852374663,0.0,0.6619268253714651,0.4821057676945199,0.6619268253714651,604,0.604,240,0.6619268253714651,0,609,365.892235181338,0.268346944948578,0.22522675320685265,0.0,0.5444646098003629,0.3947368421052631,0.5444646098003629,600,0.6,177,0.5444646098003629,0,609,268.338475499092,0.16879396984924738,0.13974872564910062,0.0,0.3165829145728643,0.271356783919598,0.3165829145728643,594,0.594,607,0.3165829145728643,0,609,168.67085427135774,0
26,67,2024-03-13,0.3056747883048405,0.30954933079335006,0.0,0.6612078606806199,0.13740214091707936,0.6612078606806199,504,0.504,139,0.6612078606806199,0,509,305.6605288384732,0.21655142165759236,0.21999156697810557,0.0,0.5444646098003629,0.0084694494857834,0.5444646098003629,500,0.5,139,0.5444646098003629,0,509,216.53977616454944,0.13968341708542842,0.14146846899219964,0.0,0.3165829145728643,0.0,0.3165829145728643,494,0.494,507,0.3165829145728643,0,509,139.56030150753892,0
26,68,2024-03-13,0.2642910209298614,0.2833853958608435,0.0,0.6052883847259946,0.0,0.6052883847259946,474,0.474,136,0.6052883847259946,0,479,264.27556318900747,0.18295341802782852,0.19770801566157692,0.0,0.4788263762855414,0.0,0.4788263762855414,470,0.47,139,0.4788263762855414,0,479,182.9431336963102,0.1318341708542712,0.14196649381643342,0.0,0.3165829145728643,0.0,0.3165829145728643,464,0.464,477,0.3165829145728643,0,479,131.71105527638173,0
26,69,2024-03-13,0.3066528199392884,0.2997311972717297,0.0,0.6457101773446238,0.4499121265377855,0.6457101773446238,523,0.523,344,0.6457101773446238,0,529,306.63248921552986,0.19528796128251652,0.1934791588737907,0.0,0.4969751966122202,0.3130671506352087,0.4969751966122202,520,0.52,131,0.4969751966122202,0,529,195.2763157894744,0.15307537688442288,0.1497998762657002,0.0,0.3266331658291457,0.2663316582914573,0.3266331658291457,514,0.514,352,0.3266331658291457,0,529,152.95226130653342,0
26,70,2024-03-13,0.28648530116632004,0.31287988040774584,0.0,0.8204185972200032,0.0,0.8204185972200032,465,0.465,22,0.8204185972200032,0,479,286.45638280875613,0.19416424682395675,0.2188356600472284,0.0,0.7259528130671506,0.0,0.7259528130671506,460,0.46,15,0.7259528130671506,0,479,194.1457955232913,0.12877386934673418,0.1414385078175283,0.0,0.3165829145728643,0.0,0.3165829145728643,454,0.454,477,0.3165829145728643,0,479,128.65075376884477,0
26,71,2024-03-13,0.36728886403578875,0.3060238722530605,0.0,0.6719124460776482,0.479549448793737,0.6719124460776482,603,0.603,206,0.6719124460776482,0,609,367.2717686531402,0.2568750756200842,0.2153175901119357,0.0,0.5030248033877798,0.3445251058681186,0.5030248033877798,600,0.6,230,0.5030248033877798,0,609,256.8632788868722,0.1676030150753787,0.13875066104620465,0.0,0.3165829145728643,0.271356783919598,0.3165829145728643,594,0.594,607,0.3165829145728643,0,609,167.47989949748919,0
26,72,2024-03-13,0.3186837354209931,0.34650526403811904,0.0,0.8220961814986419,0.0,0.8220961814986419,465,0.465,20,0.8220961814986419,0,479,318.65313947915035,0.188957350272233,0.21475835115666014,0.0,0.7286751361161524,0.0,0.7286751361161524,460,0.46,14,0.7286751361161524,0,479,188.93889897156717,0.19031658291457407,0.22123619203316697,0.0,0.5025125628140703,0.0,0.5025125628140703,454,0.454,186,0.5025125628140703,0,479,190.19346733668462,0
26,73,2024-03-13,0.49579964850615,0.32725000393777554,0.0,0.751637641795814,0.7192043457421313,0.751637641795814,704,0.704,677,0.751637641795814,0,709,495.77312669755474,0.34483000604960873,0.23157437059654307,0.0,0.617059891107078,0.4597701149425287,0.617059891107078,700,0.7,38,0.617059891107078,0,709,344.8142770719911,0.20017085427135664,0.1332229368398319,0.0,0.3165829145728643,0.2864321608040201,0.3165829145728643,694,0.694,707,0.3165829145728643,0,709,200.04773869346693,1
26,74,2024-03-13,0.28764043776961107,0.3142121069145534,0.0,0.8187410129413645,0.0,0.8187410129413645,465,0.465,19,0.8187410129413645,0,479,287.6099616552162,0.1925087719298247,0.2164442680401524,0.0,0.7168784029038112,0.0,0.7168784029038112,460,0.46,15,0.7168784029038112,0,479,192.4906231094979,0.12976884422110568,0.14253519038457677,0.0,0.3165829145728643,0.0,0.3165829145728643,454,0.454,477,0.3165829145728643,0,479,129.64572864321624,0
26,75,2024-03-13,0.4857004313788143,0.31968414656724253,0.0,0.7284710017574693,0.6969963252915802,0.7284710017574693,704,0.704,459,0.7284710017574693,0,709,485.6733104329767,0.30389201451905656,0.20198216296925248,0.0,0.4788263762855414,0.4222625529340593,0.4788263762855414,700,0.7,189,0.4788263762855414,0,709,303.8770417422864,0.19761809045226297,0.1314857248756088,0.0,0.3165829145728643,0.2864321608040201,0.3165829145728643,694,0.694,707,0.3165829145728643,0,709,197.4949748743735,0
26,76,2024-03-13,0.300158971081643,0.3039453271366833,0.0,0.6513021249400863,0.13532513181019326,0.6513021249400863,504,0.504,153,0.6513021249400863,0,509,300.1449512701709,0.20702571082879645,0.20988356840180325,0.0,0.5172413793103449,0.00801572897761645,0.5172413793103449,500,0.5,136,0.5172413793103449,0,509,207.01467029643055,0.1535075376884433,0.1563618284248087,0.0,0.3266331658291457,0.0,0.3266331658291457,494,0.494,161,0.3266331658291457,0,509,153.38442211055383,0
26,77,2024-03-13,0.4848876817382954,0.31958389156866723,0.0,0.7347020290781275,0.6914842626617671,0.7347020290781275,704,0.704,676,0.7347020290781275,0,709,484.86032113756164,0.29671718088324095,0.1975767597263342,0.0,0.4818511796733212,0.4080459770114942,0.4818511796733212,700,0.7,80,0.4818511796733212,0,709,296.70296430731895,0.19838190954773977,0.13205811360937478,0.0,0.3165829145728643,0.2864321608040201,0.3165829145728643,694,0.694,707,0.3165829145728643,0,709,198.2587939698502,0
26,78,2024-03-13,0.4777866272567495,0.3149840486927332,0.0,0.7323054801086436,0.6719923310432977,0.7323054801086436,704,0.704,672,0.7323054801086436,0,709,477.75934654098006,0.29421082879612814,0.19546942111926774,0.0,0.4727767695099819,0.4131881427707199,0.4727767695099819,700,0.7,73,0.4727767695099819,0,709,294.19600725952785,0.1981005025125636,0.13192518844817758,0.0,0.3165829145728643,0.2864321608040201,0.3165829145728643,694,0.694,707,0.3165829145728643,0,709,197.9773869346741,0
26,79,2024-03-13,0.31150623102732156,0.3032363108404785,0.0,0.647307876657613,0.4746764658891196,0.647307876657613,524,0.524,165,0.647307876657613,0,529,311.4922911008161,0.22013430127041764,0.21527348784476674,0.0,0.5381125226860254,0.3735632183908046,0.5381125226860254,520,0.52,135,0.5381125226860254,0,529,220.12280701754378,0.14546733668341844,0.14154961828634102,0.0,0.3165829145728643,0.271356783919598,0.3165829145728643,514,0.514,527,0.3165829145728643,0,529,145.34422110552896,0
26,80,2024-03-13,0.31313684294615685,0.3053565009627682,0.0,0.6633647547531555,0.4708419875379454,0.6633647547531555,524,0.524,516,0.6633647547531555,0,529,313.1173510145394,0.19724742891712066,0.19480430120233222,0.0,0.5060496067755595,0.3067150635208711,0.5060496067755595,520,0.52,137,0.5060496067755595,0,529,197.23850574712668,0.14688944723618128,0.14307915865094434,0.0,0.3165829145728643,0.2663316582914573,0.3165829145728643,514,0.514,527,0.3165829145728643,0,529,146.7663316582918,0
26,81,2024-03-13,0.3142644991212651,0.3062211264140895,0.0,0.6517015497683336,0.4746764658891196,0.6517015497683336,524,0.524,302,0.6517015497683336,0,529,314.25039942482823,0.21813793103448262,0.21368514940705804,0.0,0.5444646098003629,0.3563218390804598,0.5444646098003629,520,0.52,135,0.5444646098003629,0,529,218.12628554143967,0.14614070351758932,0.1422408190171943,0.0,0.3165829145728643,0.271356783919598,0.3165829145728643,514,0.514,527,0.3165829145728643,0,529,146.01758793969984,0
26,82,2024-03-13,0.38192610640677493,0.3189402227610987,0.0,0.6976354050167758,0.4815465729349736,0.6976354050167758,604,0.604,402,0.6976354050167758,0,609,381.90833200191696,0.24099697519661284,0.2022838934146806,0.0,0.4788263762855414,0.3318209316394434,0.4788263762855414,600,0.6,196,0.4788263762855414,0,609,240.98850574712634,0.1677085427135697,0.13882232416263918,0.0,0.3165829145728643,0.271356783919598,0.3165829145728643,594,0.594,607,0.3165829145728643,0,609,167.58542713568022,0
26,83,2024-03-13,0.3114101294136453,0.29079826150301186,0.0,0.6173510145390637,0.4714810672631411,0.6173510145390637,544,0.544,292,0.6173510145390637,0,549,311.3967886243798,0.22391954022988525,0.21014771559605094,0.0,0.5030248033877798,0.3623714458560194,0.5030248033877798,540,0.54,132,0.5030248033877798,0,549,223.90774349667282,0.1508190954773884,0.14134409379126978,0.0,0.3165829145728643,0.2663316582914573,0.3165829145728643,533,0.533,547,0.3165829145728643,0,547,150.69597989949895,0
26,84,2024-03-13,0.4195869947275913,0.3376250562412629,0.0,0.8930340309953667,0.6688768173829686,0.8930340309953667,615,0.615,19,0.8930340309953667,0,629,419.54849017414904,0.2851999395039323,0.23220243410133123,0.0,0.6742286751361162,0.4388989715668481,0.6742286751361162,610,0.61,49,0.6742286751361162,0,629,285.18284936479097,0.17315075376884428,0.14052035377123925,0.0,0.3165829145728643,0.271356783919598,0.3165829145728643,604,0.604,627,0.3165829145728643,0,629,173.02763819095478,1
26,85,2024-03-13,0.29654809074932115,0.30137956715768766,0.0,0.6667998082760824,0.12286307716887675,0.6667998082760824,504,0.504,259,0.6667998082760824,0,509,296.5350295574387,0.2051896551724134,0.21204669262039463,0.0,0.5381125226860254,0.0083182093163944,0.5381125226860254,500,0.5,39,0.5381125226860254,0,509,205.17710223835437,0.1493969849246241,0.15227234316602134,0.0,0.3266331658291457,0.0,0.3266331658291457,494,0.494,266,0.3266331658291457,0,509,149.2738693467347,0
26,86,2024-03-13,0.44460217287106363,0.3566120320634433,0.0,0.8895190925067902,0.7150503275283592,0.8895190925067902,615,0.615,32,0.8895190925067902,0,629,444.56031314906477,0.26208862673926203,0.21471056443003247,0.0,0.5774349667271628,0.3805202661826981,0.5774349667271628,610,0.61,48,0.5774349667271628,0,629,262.07062915910416,0.17322613065326692,0.14047138209128793,0.0,0.3165829145728643,0.2763819095477386,0.3165829145728643,604,0.604,627,0.3165829145728643,0,629,173.10301507537716,0
26,87,2024-03-13,0.3313393513340795,0.29757205627670513,0.0,0.6447515577568301,0.4804281834158811,0.6447515577568301,564,0.564,276,0.6447515577568301,0,569,331.326729509507,0.2644113732607386,0.2389624582014757,0.0,0.5595886267392619,0.4122807017543859,0.5595886267392619,560,0.56,226,0.5595886267392619,0,569,264.39821536600124,0.1563969849246247,0.14072450229373606,0.0,0.3165829145728643,0.271356783919598,0.3165829145728643,553,0.553,567,0.3165829145728643,0,567,156.27386934673524,0
26,88,2024-03-13,0.4517649784310571,0.3620972545909887,0.0,0.8951110401022527,0.7248761783032434,0.8951110401022527,615,0.615,46,0.8951110401022527,0,629,451.7228790541622,0.2632437991530549,0.21531081895327409,0.0,0.5290381125226861,0.3838475499092559,0.5290381125226861,610,0.61,23,0.5290381125226861,0,629,263.22625529340604,0.1715376884422129,0.13901385905283734,0.0,0.3165829145728643,0.2763819095477386,0.3165829145728643,604,0.604,627,0.3165829145728643,0,629,171.41457286432345,0
26,89,2024-03-13,0.4607923789742788,0.36919545957052535,0.0,0.9000639079725196,0.7376577728071577,0.9000639079725196,615,0.615,33,0.9000639079725196,0,629,460.7517974117285,0.26634422262552904,0.21649566397843503,0.0,0.5444646098003629,0.3992740471869328,0.5444646098003629,610,0.61,49,0.5444646098003629,0,629,266.3260738052024,0.17084422110552946,0.1384585801410899,0.0,0.3165829145728643,0.2763819095477386,0.3165829145728643,604,0.604,627,0.3165829145728643,0,629,170.72110552764002,0
26,90,2024-03-13,0.3051147148106721,0.310326515905665,0.0,0.6815785269212334,0.13496564946477072,0.6815785269212334,504,0.504,314,0.6815785269212334,0,509,305.1000159769932,0.21239624924379907,0.21683578840800544,0.0,0.5290381125226861,0.0081669691470054,0.5290381125226861,500,0.5,134,0.5290381125226861,0,509,212.38596491228057,0.1400100502512575,0.14186713353944255,0.0,0.3165829145728643,0.0,0.3165829145728643,494,0.494,507,0.3165829145728643,0,509,139.88693467336805,0
26,91,2024-03-13,0.3061144751557758,0.31084713936354735,0.0,0.6832561111998722,0.13796133567662566,0.6832561111998722,504,0.504,270,0.6832561111998722,0,509,306.10109442402967,0.1942262552934064,0.2007861767157725,0.0,0.5290381125226861,0.0081669691470054,0.5290381125226861,500,0.5,130,0.5290381125226861,0,509,194.2149122807024,0.1493266331658302,0.15208452380585105,0.0,0.3266331658291457,0.0,0.3266331658291457,494,0.494,274,0.3266331658291457,0,509,149.20351758794072,0
26,92,2024-03-13,0.30467774404857073,0.3090162052881092,0.0,0.6682377376577728,0.14539063748202585,0.6682377376577728,504,0.504,341,0.6682377376577728,0,509,304.6633647547532,0.19397217180883217,0.20040326014797957,0.0,0.5060496067755595,0.00892316999395035,0.5060496067755595,500,0.5,139,0.5060496067755595,0,509,193.96022383545144,0.15398492462311666,0.1567680985929412,0.0,0.3266331658291457,0.0,0.3266331658291457,494,0.494,155,0.3266331658291457,0,509,153.86180904522718,1
26,93,2024-03-13,0.30841667998082667,0.31334057621508904,0.0,0.6902061032113757,0.14610960217287106,0.6902061032113757,504,0.504,369,0.6902061032113757,0,509,308.4031794216334,0.19756805807622527,0.20424359252845947,0.0,0.4969751966122202,0.0087719298245614,0.4969751966122202,500,0.5,146,0.4969751966122202,0,509,197.5583787053846,0.14516080402010165,0.14766759228129953,0.0,0.3266331658291457,0.0,0.3266331658291457,494,0.494,375,0.3266331658291457,0,509,145.0376884422122,0
26,94,2024-03-13,0.3184380891516229,0.3247231798407789,0.0,0.7145710177344624,0.1476673590030356,0.7145710177344624,504,0.504,218,0.7145710177344624,0,509,318.4240293976666,0.20079582577132457,0.2039986860343425,0.0,0.4909255898366606,0.00952813067150635,0.4909255898366606,500,0.5,157,0.4909255898366606,0,509,200.78629764065315,0.15118592964824237,0.15399912175652158,0.0,0.3266331658291457,0.0,0.3266331658291457,494,0.494,225,0.3266331658291457,0,509,151.06281407035289,0
26,95,2024-03-13,0.36263412685732616,0.301036218948264,0.0,0.6640038344783512,0.4817063428662725,0.6640038344783512,604,0.604,574,0.6640038344783512,0,609,362.6146349257076,0.23072292800967892,0.19407701838520292,0.0,0.4398064125831821,0.3133696309739867,0.4398064125831821,600,0.6,247,0.4398064125831821,0,609,230.71430732002366,0.16952763819095468,0.14052018781569342,0.0,0.3165829145728643,0.2663316582914573,0.3165829145728643,594,0.594,607,0.3165829145728643,0,609,169.40452261306507,0
26,96,2024-03-13,0.3197701709538266,0.28684595858949824,0.0,0.6153538903978272,0.4729988816104809,0.6153538903978272,564,0.564,566,0.6153538903978272,0,569,319.7569100495277,0.26289745916515467,0.23736462394059143,0.0,0.5683605565638233,0.4122807017543859,0.5683605565638233,560,0.56,147,0.5683605565638233,0,569,262.88641863278855,0.15842713567839192,0.14274074967626083,0.0,0.3165829145728643,0.2663316582914573,0.3165829145728643,553,0.553,567,0.3165829145728643,0,567,158.3040201005024,0
26,97,2024-03-13,0.4460712573893584,0.35787314574936374,0.0,0.893273685892315,0.7110560792458859,0.893273685892315,615,0.615,47,0.893273685892315,0,629,446.03099536667116,0.2611890502117365,0.2119030347076575,0.0,0.5626134301270418,0.396854204476709,0.5626134301270418,610,0.61,47,0.5626134301270418,0,629,261.17150635208725,0.17176884422110736,0.13919841769902375,0.0,0.3165829145728643,0.2864321608040201,0.3165829145728643,604,0.604,627,0.3165829145728643,0,629,171.64572864321792,0
26,98,2024-03-13,0.2770867550726951,0.29766088663413987,0.0,0.6503435053522927,0.0,0.6503435053522927,474,0.474,180,0.6503435053522927,0,479,277.0714571017728,0.18660163339382949,0.2036336465726283,0.0,0.5232909860859044,0.0,0.5232909860859044,470,0.47,170,0.5232909860859044,0,479,186.59044162129416,0.13116582914572972,0.1410777145490559,0.0,0.3165829145728643,0.0,0.3165829145728643,464,0.464,477,0.3165829145728643,0,479,131.04271356784025,0
26,99,2024-03-13,0.4540059114874588,0.3347886028034242,0.0,0.8911167918197795,0.6849336954785109,0.8911167918197795,655,0.655,44,0.8911167918197795,0,659,453.96401182297467,0.2526091954022978,0.19402704639946458,0.0,0.6228070175438597,0.3321234119782214,0.6228070175438597,650,0.65,47,0.6228070175438597,0,659,252.59210526315857,0.1838341708542732,0.13685614926179937,0.0,0.3165829145728643,0.2864321608040201,0.3165829145728643,644,0.644,657,0.3165829145728643,0,659,183.7110552763837,0
26,100,2024-03-13,0.3202303882409335,0.3123298737942407,0.0,0.6719923310432977,0.4735580763700271,0.6719923310432977,524,0.524,248,0.6719923310432977,0,529,320.21584917718536,0.2296391409558383,0.2250065239675574,0.0,0.5595886267392619,0.3796128251663642,0.5595886267392619,520,0.52,138,0.5595886267392619,0,529,229.62931034482793,0.14540703517588077,0.14149596515037077,0.0,0.3165829145728643,0.2663316582914573,0.3165829145728643,514,0.514,527,0.3165829145728643,0,529,145.28391959799126,0
26,101,2024-03-13,0.5524709218725028,0.3204317883685742,0.0,0.9159610161367632,0.729110081482665,0.9159610161367632,755,0.755,43,0.9159610161367632,0,769,552.4296213452619,0.37439624924379983,0.23675530096394723,0.0,0.9277071990320628,0.4382940108892922,0.9277071990320628,750,0.75,26,0.9277071990320628,0,769,374.3799153055044,0.214959798994975,0.12845279474093102,0.0,1.0,0.2864321608040201,1.0,744,0.744,192,1.0,0,769,214.83668341708514,0
26,102,2024-03-13,0.3239578207381365,0.3029742738622011,0.0,0.6532992490813229,0.4809873781754273,0.6532992490813229,544,0.544,295,0.6532992490813229,0,549,323.94368109921777,0.2336424682395644,0.21958069007357256,0.0,0.514216575922565,0.3708408953418027,0.514216575922565,540,0.54,145,0.514216575922565,0,549,233.63036902601286,0.151160804020102,0.1413085018662336,0.0,0.3165829145728643,0.271356783919598,0.3165829145728643,534,0.534,547,0.3165829145728643,0,549,151.03768844221253,0
26,103,2024-03-13,0.49976473877616134,0.3066870920054873,0.0,0.893273685892315,0.6690365873142674,0.893273685892315,734,0.734,40,0.893273685892315,0,749,499.72447675347223,0.3453753781004236,0.2307484913867232,0.0,0.867513611615245,0.4098608590441621,0.867513611615245,730,0.73,47,0.867513611615245,0,749,345.3584392014517,0.23009045226130875,0.14319201561019917,0.0,0.3266331658291457,0.3266331658291457,0.3266331658291457,724,0.724,134,0.3266331658291457,0,749,229.96733668341926,1
26,104,2024-03-13,0.3658812909410464,0.3043391727559477,0.0,0.6666400383447835,0.4809873781754273,0.6666400383447835,603,0.603,376,0.6666400383447835,0,609,365.86171912446054,0.23551905626134298,0.1985800098723329,0.0,0.4488808227465214,0.2985480943738657,0.4488808227465214,600,0.6,286,0.4488808227465214,0,609,235.50771324863894,0.1677889447236192,0.1389844645884365,0.0,0.3165829145728643,0.2663316582914573,0.3165829145728643,594,0.594,607,0.3165829145728643,0,609,167.66582914572956,1
26,105,2024-03-13,0.4970577568301643,0.3290228456375023,0.0,0.7732065825211695,0.7186451509825851,0.7732065825211695,704,0.704,612,0.7732065825211695,0,709,497.0304761143952,0.2954549304295203,0.19860487434053423,0.0,0.4818511796733212,0.4231699939503932,0.4818511796733212,700,0.7,239,0.4818511796733212,0,709,295.44071385359865,0.19980904522613302,0.1334533121377758,0.0,0.3266331658291457,0.2864321608040201,0.3266331658291457,694,0.694,618,0.3266331658291457,0,709,199.6859296482435,0
26,106,2024-03-13,0.4612671353251318,0.3339064455367837,0.0,0.7487617830324333,0.6753474996005752,0.7487617830324333,664,0.664,297,0.7487617830324333,0,679,461.2392554721196,0.2617764670296424,0.1933245401892646,0.0,0.484875983061101,0.3684210526315789,0.484875983061101,660,0.66,211,0.484875983061101,0,679,261.7622504537195,0.20012060301507728,0.1469914978558556,0.0,0.3266331658291457,0.2814070351758794,0.3266331658291457,654,0.654,303,0.3266331658291457,0,679,199.99748743718783,0
26,107,2024-03-13,0.4996781434733979,0.3310474463246082,0.0,0.7758427863876018,0.7211215849177185,0.7758427863876018,704,0.704,259,0.7758427863876018,0,709,499.65078287266215,0.35893950393224605,0.24277338294494874,0.0,0.632183908045977,0.4633998790078645,0.632183908045977,700,0.7,39,0.632183908045977,0,709,358.92468239564363,0.19614572864321853,0.13044454830432212,0.0,0.3165829145728643,0.2864321608040201,0.3165829145728643,694,0.694,707,0.3165829145728643,0,709,196.02261306532904,0
26,108,2024-03-13,0.438127975714971,0.29004407176858565,0.0,0.6671193481386803,0.638360760504873,0.6671193481386803,703,0.703,222,0.6671193481386803,0,709,438.1044495925891,0.36276527525710545,0.24913140544865858,0.0,0.7047791893526921,0.4544767090139141,0.7047791893526921,700,0.7,205,0.7047791893526921,0,709,362.7528735632182,0.2139497487437206,0.14394298678595857,0.0,0.3266331658291457,0.271356783919598,0.3266331658291457,694,0.694,226,0.3266331658291457,0,709,213.82663316583114,0
26,109,2024-03-13,0.48734214730787506,0.32113255079515374,0.0,0.7365393832880652,0.6988336795015179,0.7365393832880652,704,0.704,509,0.7365393832880652,0,709,487.31750279597463,0.2982988505747134,0.198273147116062,0.0,0.4667271627344223,0.4189352692075015,0.4667271627344223,700,0.7,316,0.4667271627344223,0,709,298.2823653962501,0.19646231155779037,0.1307397070063514,0.0,0.3165829145728643,0.2763819095477386,0.3165829145728643,694,0.694,707,0.3165829145728643,0,709,196.3391959799009,0
26,110,2024-03-13,0.48728934334558166,0.3212960096206584,0.0,0.737018693081962,0.6980348298450232,0.737018693081962,704,0.704,399,0.737018693081962,0,709,487.26190285988207,0.3014395039322459,0.20156329716814114,0.0,0.4909255898366606,0.4195402298850574,0.4909255898366606,700,0.7,319,0.4909255898366606,0,709,301.4251361161515,0.19610050251256467,0.1304706323058774,0.0,0.3165829145728643,0.2763819095477386,0.3165829145728643,694,0.694,707,0.3165829145728643,0,709,195.97738693467514,0
26,111,2024-03-13,0.30903642754433647,0.3137508867896983,0.0,0.6849336954785109,0.1423550087873462,0.6849336954785109,504,0.504,178,0.6849336954785109,0,509,309.0230068701069,0.20431397459165182,0.2078890525624928,0.0,0.514216575922565,0.00907441016333935,0.514216575922565,500,0.5,155,0.514216575922565,0,509,204.30399274047173,0.15282412060301614,0.1556332806228243,0.0,0.3266331658291457,0.0,0.3266331658291457,494,0.494,183,0.3266331658291457,0,509,152.70100502512668,0
26,112,2024-03-13,0.46150335516855817,0.3708832458843686,0.0,0.8960696596900464,0.7027480428183416,0.8960696596900464,615,0.615,22,0.8960696596900464,0,619,461.46648825691176,0.2703868723532976,0.22070777771007893,0.0,0.5955837870538415,0.4041137326073805,0.5955837870538415,610,0.61,19,0.5955837870538415,0,619,270.3694797338172,0.1706733668341728,0.1386551093996989,0.0,0.3165829145728643,0.271356783919598,0.3165829145728643,604,0.604,617,0.3165829145728643,0,619,170.55025125628333,0
26,113,2024-03-13,0.31113955903499146,0.3174265028958876,0.0,0.7233583639559035,0.1347259945678223,0.7233583639559035,504,0.504,254,0.7233583639559035,0,509,311.12681738296936,0.19306442831216084,0.19917863825537116,0.0,0.5199637023593466,0.00801572897761645,0.5199637023593466,500,0.5,220,0.5199637023593466,0,509,193.05323653962617,0.14892964824120716,0.15186784585614063,0.0,0.3266331658291457,0.0,0.3266331658291457,494,0.494,260,0.3266331658291457,0,509,148.80653266331768,0
26,114,2024-03-13,0.441068541300527,0.35398204975885916,0.0,0.8927943760984183,0.7065026362038664,0.8927943760984183,615,0.615,30,0.8927943760984183,0,619,441.0298769771521,0.2675795523290993,0.2192869000290185,0.0,0.6684815486993345,0.3983666061705989,0.6684815486993345,610,0.61,23,0.6684815486993345,0,619,267.5626134301273,0.17081407035176066,0.13874424967911198,0.0,0.3165829145728643,0.2763819095477386,0.3165829145728643,604,0.604,617,0.3165829145728643,0,619,170.69095477387117,0
26,115,2024-03-13,0.25229102092986117,0.27032296780499954,0.0,0.5806838153059595,0.0,0.5806838153059595,474,0.474,134,0.5806838153059595,0,479,252.2784789902542,0.1882785843920147,0.20235955494212238,0.0,0.469751966122202,0.0,0.469751966122202,470,0.47,20,0.469751966122202,0,479,188.26663641863263,0.1425427135678398,0.17601273079520532,0.0,1.0,0.0,1.0,464,0.464,160,1.0,0,479,142.4195979899503,0
26,117,2024-03-13,0.33325986579325817,0.29824669528724057,0.0,0.6453107525163764,0.5035948234542259,0.6453107525163764,564,0.564,149,0.6453107525163764,0,569,333.247243968685,0.2789364791288557,0.2534309175935087,0.0,0.6563823351482153,0.4246823956442831,0.6563823351482153,560,0.56,139,0.6563823351482153,0,569,278.92619479733816,0.1569597989949762,0.1413048684827339,0.0,0.3165829145728643,0.271356783919598,0.3165829145728643,553,0.553,567,0.3165829145728643,0,567,156.83668341708673,0
26,118,2024-03-13,0.531620466528199,0.30067137477255435,0.0,0.7478031634446397,0.7038664323374341,0.7478031634446397,764,0.764,510,0.7478031634446397,0,769,531.5926266176713,0.3247023593466438,0.19100031901516226,0.0,0.5232909860859044,0.4165154264972777,0.5232909860859044,760,0.76,470,0.5232909860859044,0,769,324.6881427707203,0.21336683417085642,0.12242575692202334,0.0,0.3165829145728643,0.2864321608040201,0.3165829145728643,753,0.753,767,0.3165829145728643,0,767,213.24371859296696,0
26,119,2024-03-13,0.339817542738457,0.30476965905915543,0.0,0.6525003994248283,0.4989614954465569,0.6525003994248283,564,0.564,479,0.6525003994248283,0,569,339.8034829845025,0.2740998185117965,0.24771658872482155,0.0,0.6079854809437386,0.4289171203871748,0.6079854809437386,560,0.56,149,0.6079854809437386,0,569,274.0880217785845,0.15630653266331818,0.14065702525134186,0.0,0.3165829145728643,0.271356783919598,0.3165829145728643,553,0.553,567,0.3165829145728643,0,567,156.1834170854287,0
26,121,2024-03-13,0.5842664163604424,0.33760032458184214,0.0,0.8948713852053044,0.7715289982425307,0.8948713852053044,755,0.755,39,0.8948713852053044,0,779,584.2241572136146,0.31590411373260474,0.19690045124393687,0.0,0.5928614640048396,0.3484573502722323,0.5928614640048396,750,0.75,209,0.5928614640048396,0,779,315.88793103448023,0.22483919597990137,0.133646704618983,0.0,0.3266331658291457,0.2864321608040201,0.3266331658291457,743,0.743,456,0.3266331658291457,0,777,224.71608040201193,0
26,122,2024-03-13,0.30896532992490783,0.2880376595459847,0.0,0.6160728550886723,0.4759546253395111,0.6160728550886723,544,0.544,194,0.6160728550886723,0,549,308.9508707461259,0.2239803387779792,0.21272353767209737,0.0,0.5444646098003629,0.3563218390804598,0.5444646098003629,540,0.54,167,0.5444646098003629,0,549,223.96869328493645,0.15090452261306664,0.14137091358800397,0.0,0.3165829145728643,0.271356783919598,0.3165829145728643,534,0.534,547,0.3165829145728643,0,549,150.7814070351771,0
26,123,2024-03-13,0.31107485221281256,0.3168006129642028,0.0,0.7130532033871225,0.14539063748202585,0.7130532033871225,504,0.504,215,0.7130532033871225,0,509,311.06087234382505,0.19885208711433763,0.20501231344821774,0.0,0.5595886267392619,0.0087719298245614,0.5595886267392619,500,0.5,191,0.5595886267392619,0,509,198.84225650332706,0.1511859296482423,0.15402125668694627,0.0,0.3266331658291457,0.0,0.3266331658291457,494,0.494,221,0.3266331658291457,0,509,151.0628140703528,0
26,124,2024-03-13,0.3203899984022989,0.2878311333696503,0.0,0.614315385844384,0.4710017574692442,0.614315385844384,564,0.564,539,0.614315385844384,0,569,320.37677744048614,0.2887422867513607,0.2646712269063247,0.0,0.7196007259528131,0.4289171203871748,0.7196007259528131,560,0.56,19,0.7196007259528131,0,569,288.7324561403511,0.15765829145728746,0.14199711556495564,0.0,0.3165829145728643,0.2663316582914573,0.3165829145728643,553,0.553,567,0.3165829145728643,0,567,157.53517587939803,0
26,125,2024-03-13,0.2841318900782871,0.30536650150943484,0.0,0.6696756670394631,0.0,0.6696756670394631,474,0.474,162,0.6696756670394631,0,479,284.11615274005504,0.1685837870538415,0.1821313794194056,0.0,0.4879007864488808,0.0,0.4879007864488808,470,0.47,129,0.4879007864488808,0,479,168.57335148215338,0.1434422110552774,0.1551735665689355,0.0,0.3266331658291457,0.0,0.3266331658291457,464,0.464,163,0.3266331658291457,0,479,143.3190954773879,0
26,126,2024-03-13,0.2761262981306918,0.2785584680695066,0.0,0.591787825531235,0.1357245566384406,0.591787825531235,504,0.504,509,0.591787825531235,0,509,276.1112398146666,0.18365547489413267,0.1852402470729132,0.0,0.4156079854809437,0.0072595281306715,0.4156079854809437,500,0.5,139,0.4156079854809437,0,509,183.64413188142817,0.140663316582915,0.14260594143995717,0.0,0.3165829145728643,0.0,0.3165829145728643,494,0.494,507,0.3165829145728643,0,509,140.54020100502552,0
26,127,2024-03-13,0.3150226873302441,0.31940703524129177,0.0,0.6815785269212334,0.1443121904457581,0.6815785269212334,504,0.504,202,0.6815785269212334,0,509,315.0066703946319,0.21408469449485734,0.21784925899685365,0.0,0.5290381125226861,0.0081669691470054,0.5290381125226861,500,0.5,132,0.5290381125226861,0,509,214.07441016333917,0.13973869346733792,0.14152480479393126,0.0,0.3165829145728643,0.0,0.3165829145728643,494,0.494,507,0.3165829145728643,0,509,139.61557788944845,0
26,128,2024-03-13,0.28441612078606765,0.30687717048454816,0.0,0.673270490493689,0.0,0.673270490493689,474,0.474,426,0.673270490493689,0,479,284.401621664803,0.17755595886267383,0.1930630716475007,0.0,0.4519056261343013,0.0,0.4519056261343013,470,0.47,246,0.4519056261343013,0,479,177.54627949183322,0.13963316582914667,0.1510865365000415,0.0,0.3266331658291457,0.0,0.3266331658291457,464,0.464,258,0.3266331658291457,0,479,139.51005025125718,0
26,129,2024-03-13,0.30990637482025885,0.31467172910866703,0.0,0.6908451829365714,0.15437769611759067,0.6908451829365714,504,0.504,204,0.6908451829365714,0,509,309.8914762741655,0.215332123411978,0.2255335770336288,0.0,0.5290381125226861,0.0081669691470054,0.5290381125226861,500,0.5,294,0.5290381125226861,0,509,215.32078039927387,0.13961809045226256,0.14143236782583313,0.0,0.3165829145728643,0.0,0.3165829145728643,494,0.494,507,0.3165829145728643,0,509,139.49497487437307,0
26,130,2024-03-13,0.2974368109921708,0.30120429721155006,0.0,0.6477073014858603,0.1384007029876977,0.6477073014858603,504,0.504,140,0.6477073014858603,0,509,297.42159290621464,0.2141978221415608,0.21803172182617134,0.0,0.5562613430127041,0.0086206896551724,0.5562613430127041,500,0.5,130,0.5562613430127041,0,509,214.18814277072005,0.15405025125628247,0.15687744150527333,0.0,0.3266331658291457,0.0,0.3266331658291457,494,0.494,148,0.3266331658291457,0,509,153.927135678393,0
26,131,2024-03-13,0.32146173510145315,0.327753421719265,0.0,0.71193481386803,0.15353890397827125,0.71193481386803,504,0.504,214,0.71193481386803,0,509,321.44779517494817,0.21939897156684798,0.2302093730150976,0.0,0.5505142165759226,0.0096793708408953,0.5505142165759226,500,0.5,264,0.5505142165759226,0,509,219.38717483363604,0.13954271356784048,0.14134452327823238,0.0,0.3165829145728643,0.0,0.3165829145728643,494,0.494,507,0.3165829145728643,0,509,139.419597989951,0
26,135,2024-03-13,0.30269340150183655,0.3265341525238209,0.0,0.7192842307077808,0.0,0.7192842307077808,474,0.474,176,0.7192842307077808,0,479,302.6793018054018,0.18533182093164052,0.20117568686079046,0.0,0.5,0.0,0.5,470,0.47,153,0.5,0,479,185.32199032062906,0.14396482412060402,0.15627573540743445,0.0,0.5025125628140703,0.0,0.5025125628140703,464,0.464,176,0.5025125628140703,0,479,143.84170854271457,0
26,157,2024-03-13,0.22781203067582734,0.2817480103938301,0.0,0.6157533152260745,0.0,0.6157533152260745,404,0.404,189,0.6157533152260745,0,409,227.80240453746597,0.14397791893526948,0.17983057145741022,0.0,0.4277071990320629,0.0,0.4277071990320629,400,0.4,149,0.4277071990320629,0,409,143.97126436781605,0.0,0.0,0.0,0.0,0.0,0.0,0,0.0,0,0.0,-1,-1,0.0,0
27,0,2024-03-13,0.4796276561751068,0.3156097026958687,0.0,0.7243968685093466,0.6874101294136443,0.7243968685093466,704,0.704,692,0.7243968685093466,0,709,479.6035309154809,0.32483545069570485,0.21852047427212967,0.0,0.5505142165759226,0.4274047186932849,0.5505142165759226,700,0.7,145,0.5505142165759226,0,709,324.82047791893405,0.1994673366834172,0.13275944096342113,0.0,0.3165829145728643,0.2864321608040201,0.3165829145728643,694,0.694,707,0.3165829145728643,0,709,199.34422110552765,0
27,1,2024-03-13,0.47409690046333025,0.3119632926995701,0.0,0.7104968844863396,0.6826170314746765,0.7104968844863396,704,0.704,328,0.7104968844863396,0,709,474.06906055280473,0.3155102843315179,0.21003484457976804,0.0,0.4818511796733212,0.4440411373260738,0.4818511796733212,700,0.7,232,0.4818511796733212,0,709,315.49606775559477,0.19793969849246343,0.1317514630620448,0.0,0.3165829145728643,0.2864321608040201,0.3165829145728643,694,0.694,707,0.3165829145728643,0,709,197.81658291457353,0
27,2,2024-03-13,0.488791260584756,0.32243975159211763,0.0,0.7402140917079406,0.7053043617191245,0.7402140917079406,704,0.704,524,0.7402140917079406,0,709,488.7651382009905,0.3233103448275864,0.21565909501552788,0.0,0.5290381125226861,0.4398064125831821,0.5290381125226861,700,0.7,68,0.5290381125226861,0,709,323.2938596491233,0.19702512562814306,0.13105049163507124,0.0,0.3165829145728643,0.2864321608040201,0.3165829145728643,694,0.694,707,0.3165829145728643,0,709,196.90201005025358,0
27,3,2024-03-13,0.29839199552644247,0.2908180412484912,0.0,0.6413963891995527,0.4545454545454545,0.6413963891995527,523,0.523,506,0.6413963891995527,0,529,298.3730627895831,0.2184280096793704,0.2195750015078913,0.0,0.5865093768905021,0.3197217180883243,0.5865093768905021,520,0.52,136,0.5865093768905021,0,529,218.41651542649717,0.15222110552763826,0.16127167675506604,0.0,1.0,0.2663316582914573,1.0,514,0.514,344,1.0,0,529,152.09798994974875,0
27,4,2024-03-13,0.29979837034670015,0.29211170036111983,0.0,0.63732225595143,0.4566224636523406,0.63732225595143,523,0.523,494,0.63732225595143,0,529,299.7808355967403,0.20198366606170626,0.2011744607857132,0.0,0.5323653962492438,0.31836055656382334,0.5323653962492438,520,0.52,134,0.5323653962492438,0,529,201.97323049001818,0.14691457286432144,0.1431314485017656,0.0,0.3165829145728643,0.2663316582914573,0.3165829145728643,514,0.514,527,0.3165829145728643,0,529,146.79145728643192,0
27,5,2024-03-13,0.28693273685892334,0.2902727681103632,0.0,0.6194280236459498,0.12677744048570055,0.6194280236459498,504,0.504,386,0.6194280236459498,0,509,286.9181179102089,0.21390350877192962,0.21746353944059602,0.0,0.5471869328493648,0.01179673321234115,0.5471869328493648,500,0.5,136,0.5471869328493648,0,509,213.8906533575316,0.1418190954773867,0.14382544399179056,0.0,0.3165829145728643,0.0,0.3165829145728643,494,0.494,507,0.3165829145728643,0,509,141.6959798994972,0
27,6,2024-03-13,0.3102640198114711,0.3158296282185693,0.0,0.6906854130052724,0.12861479469563825,0.6906854130052724,504,0.504,301,0.6906854130052724,0,509,310.2504793097942,0.21827767695099815,0.2218368516716459,0.0,0.514216575922565,0.0069570477918935,0.514216575922565,500,0.5,134,0.514216575922565,0,509,218.2676950998183,0.13933165829145858,0.1414110415585704,0.0,0.3165829145728643,0.0,0.3165829145728643,493,0.493,507,0.3165829145728643,0,507,139.2085427135691,0
27,7,2024-03-13,0.48660041540181936,0.32037910608346953,0.0,0.8872024285029557,0.6818980667838312,0.8872024285029557,705,0.705,22,0.8872024285029557,0,719,486.56390797252004,0.30146763460375153,0.20262777271107585,0.0,0.5716878402903811,0.4010889292196007,0.5716878402903811,700,0.7,48,0.5716878402903811,0,719,301.4497882637634,0.19964824120603059,0.1329201393330494,0.0,0.3266331658291457,0.2864321608040201,0.3266331658291457,694,0.694,706,0.3266331658291457,0,719,199.52512562814084,1
27,8,2024-03-13,0.3097192842307074,0.2893678701719291,0.0,0.6387601853331203,0.46716727911806993,0.6387601853331203,544,0.544,206,0.6387601853331203,0,549,309.70426585716604,0.21793345432546893,0.20567356766463576,0.0,0.5290381125226861,0.352692075015124,0.5290381125226861,540,0.54,163,0.5290381125226861,0,549,217.92211131276477,0.16403517587939823,0.15467933801463543,0.0,0.3266331658291457,0.2663316582914573,0.3266331658291457,533,0.533,213,0.3266331658291457,0,547,163.9120603015088,0
27,9,2024-03-13,0.30784821856526684,0.3116987388819366,0.0,0.6760664642914204,0.13784150822815144,0.6760664642914204,504,0.504,461,0.6760664642914204,0,509,307.83363955903496,0.21193466424682422,0.21482314986456172,0.0,0.5232909860859044,0.0081669691470054,0.5232909860859044,500,0.5,134,0.5232909860859044,0,509,211.9245311554752,0.14017587939698598,0.14237449767582894,0.0,0.3165829145728643,0.0,0.3165829145728643,493,0.493,507,0.3165829145728643,0,507,140.0527638190965,0
27,10,2024-03-13,0.507170953826487,0.3332392574266202,0.0,0.8925547212014698,0.7140118229749162,0.8925547212014698,705,0.705,34,0.8925547212014698,0,719,507.1307317462868,0.3140701754385962,0.2098966501115851,0.0,0.5626134301270418,0.425589836660617,0.5626134301270418,700,0.7,34,0.5626134301270418,0,719,314.0526315789476,0.19628140703517824,0.13081748473644358,0.0,0.3165829145728643,0.2864321608040201,0.3165829145728643,694,0.694,717,0.3165829145728643,0,719,196.15829145728878,0
27,11,2024-03-13,0.33138919955264406,0.31112197640943295,0.0,0.6862917398945518,0.4755552005112637,0.6862917398945518,544,0.544,246,0.6862917398945518,0,549,331.3743409490325,0.21300816696914718,0.2008412129953357,0.0,0.5030248033877798,0.3306110102843315,0.5030248033877798,540,0.54,206,0.5030248033877798,0,549,212.99637023593445,0.16233668341708676,0.15308416350865217,0.0,0.3266331658291457,0.2663316582914573,0.3266331658291457,533,0.533,253,0.3266331658291457,0,547,162.2135678391973,0
27,12,2024-03-13,0.31857613037226257,0.2973188896609515,0.0,0.6365234062949353,0.4792299089311391,0.6365234062949353,544,0.544,163,0.6365234062949353,0,549,318.5599137242366,0.2163669086509376,0.20393567061324597,0.0,0.5199637023593466,0.352692075015124,0.5199637023593466,540,0.54,153,0.5199637023593466,0,549,216.3567755595882,0.15091959798995122,0.14136687766644276,0.0,0.3165829145728643,0.271356783919598,0.3165829145728643,533,0.533,547,0.3165829145728643,0,547,150.79648241206175,0
27,13,2024-03-13,0.4738383128295265,0.31280523100308666,0.0,0.8927943760984183,0.6608084358523726,0.8927943760984183,705,0.705,27,0.8927943760984183,0,709,473.7978910369055,0.3008554143980646,0.20575641889609866,0.0,0.6957047791893527,0.3953418027828191,0.6957047791893527,700,0.7,27,0.6957047791893527,0,709,300.83771929824445,0.20107035175879387,0.1338011611061945,0.0,0.3165829145728643,0.2864321608040201,0.3165829145728643,694,0.694,707,0.3165829145728643,0,709,200.94723618090424,0
27,14,2024-03-13,0.23700039942482795,0.294705157761861,0.0,0.6618469404058156,0.0,0.6618469404058156,404,0.404,216,0.6618469404058156,0,409,236.98610001597734,0.1503260738052026,0.18832177617674892,0.0,0.4579552329098608,0.0,0.4579552329098608,400,0.4,196,0.4579552329098608,0,409,150.31442831216,0.11048241206030222,0.13741378577676358,0.0,0.3165829145728643,0.0,0.3165829145728643,394,0.394,407,0.3165829145728643,0,409,110.35929648241279,0
27,15,2024-03-13,0.3082962933375944,0.3008248530363387,0.0,0.6465090270011183,0.4563029237897428,0.6465090270011183,523,0.523,269,0.6465090270011183,0,529,308.2772807157697,0.19875680580762253,0.19561824551540183,0.0,0.4818511796733212,0.31200846944948574,0.4818511796733212,520,0.52,132,0.4818511796733212,0,529,198.748336358137,0.14609045226130724,0.14226900252361302,0.0,0.3165829145728643,0.2663316582914573,0.3165829145728643,514,0.514,527,0.3165829145728643,0,529,145.96733668341773,0
27,16,2024-03-13,0.3307323054801088,0.3102867704153987,0.0,0.6677584278638761,0.4765937050647068,0.6677584278638761,544,0.544,312,0.6677584278638761,0,549,330.7179261862913,0.22557773744706575,0.21132496710052004,0.0,0.4909255898366606,0.3711433756805807,0.4909255898366606,540,0.54,153,0.4909255898366606,0,549,225.56820931639436,0.1509698492462327,0.1414277083780029,0.0,0.3165829145728643,0.271356783919598,0.3165829145728643,533,0.533,547,0.3165829145728643,0,547,150.8467336683432,0
27,17,2024-03-13,0.3067272727272714,0.29887227230326735,0.0,0.6434733983064387,0.459258667518773,0.6434733983064387,523,0.523,352,0.6434733983064387,0,529,306.7083799328975,0.19172716273442242,0.1880172616412625,0.0,0.469751966122202,0.2958257713248639,0.469751966122202,520,0.52,135,0.469751966122202,0,529,191.71884452510608,0.14646231155778913,0.14266743928580122,0.0,0.3165829145728643,0.2663316582914573,0.3165829145728643,514,0.514,527,0.3165829145728643,0,529,146.3391959798996,0
27,18,2024-03-13,0.2508222559514302,0.2985170730812467,0.0,0.6596900463332801,0.0,0.6596900463332801,424,0.424,282,0.6596900463332801,0,429,250.80799648506184,0.15894918330308486,0.1899402833746072,0.0,0.4818511796733212,0.0,0.4818511796733212,420,0.42,129,0.4818511796733212,0,429,158.93784029038164,0.12811055276381977,0.1533185481526803,0.0,0.3266331658291457,0.0,0.3266331658291457,414,0.414,144,0.3266331658291457,0,429,127.98743718593035,0
27,19,2024-03-13,0.25425635085476916,0.3022446677818694,0.0,0.6725515258028439,0.0,0.6725515258028439,424,0.424,139,0.6725515258028439,0,429,254.24185173350466,0.1703823351482156,0.20325074101599017,0.0,0.5090744101633394,0.0,0.5090744101633394,420,0.42,132,0.5090744101633394,0,429,170.37235329703563,0.1281005025125635,0.15329630944985903,0.0,0.3266331658291457,0.0,0.3266331658291457,414,0.414,146,0.3266331658291457,0,429,127.97738693467406,0
27,20,2024-03-13,0.2637696117590673,0.28981104705872046,0.0,0.6331682377376577,0.0,0.6331682377376577,463,0.463,460,0.6331682377376577,0,469,263.75099856207066,0.17532425892317022,0.19424744210378783,0.0,0.5060496067755595,0.0,0.5060496067755595,460,0.46,134,0.5060496067755595,0,469,175.31730187537826,0.13018592964824086,0.14305733518937944,0.0,0.3165829145728643,0.0,0.3165829145728643,454,0.454,467,0.3165829145728643,0,469,130.06281407035132,0
27,21,2024-03-13,0.26981131171113687,0.29714085363609827,0.0,0.6608883208180221,0.0,0.6608883208180221,463,0.463,460,0.6608883208180221,0,469,269.7918996644832,0.16784694494857794,0.1843430451023904,0.0,0.4519056261343013,0.0,0.4519056261343013,460,0.46,133,0.4519056261343013,0,469,167.83545069570485,0.139371859296482,0.17284158835852262,0.0,1.0,0.0,1.0,454,0.454,171,1.0,0,469,139.2487437185924,0
27,22,2024-03-13,0.23700575171752677,0.29454112120783166,0.0,0.6693561271768653,0.0,0.6693561271768653,404,0.404,238,0.6693561271768653,0,409,236.99133248122723,0.15222625529340608,0.19099123058782408,0.0,0.4667271627344223,0.0,0.4667271627344223,400,0.4,188,0.4667271627344223,0,409,152.21430732002403,0.11089447236180973,0.13791616132219428,0.0,0.3165829145728643,0.0,0.3165829145728643,394,0.394,407,0.3165829145728643,0,409,110.7713567839203,0
27,23,2024-03-13,0.3078066783831281,0.30101133205807257,0.0,0.6558555679821058,0.4527081003355168,0.6558555679821058,523,0.523,503,0.6558555679821058,0,529,307.78870426585775,0.20181911675741068,0.1964804184321175,0.0,0.4488808227465214,0.32153660012099217,0.4488808227465214,520,0.52,153,0.4488808227465214,0,529,201.80777374470597,0.14550251256281468,0.14175566547843932,0.0,0.3165829145728643,0.2663316582914573,0.3165829145728643,514,0.514,527,0.3165829145728643,0,529,145.3793969849252,0
27,24,2024-03-13,0.2471925227672152,0.3078938168282667,0.0,0.7253554880971401,0.0,0.7253554880971401,404,0.404,178,0.7253554880971401,0,409,247.1783032433288,0.15217604355716868,0.19025708065168415,0.0,0.5090744101633394,0.0,0.5090744101633394,400,0.4,168,0.5090744101633394,0,409,152.16409558378695,0.12008542713567902,0.1498135159738418,0.0,0.3266331658291457,0.0,0.3266331658291457,394,0.394,184,0.3266331658291457,0,409,119.96231155778956,0
27,25,2024-03-13,0.31525754912925374,0.3078645534634135,0.0,0.6640038344783512,0.4634925706981946,0.6640038344783512,524,0.524,445,0.6640038344783512,0,529,315.2380571976353,0.19488415003024814,0.19245257408457717,0.0,0.469751966122202,0.26814882032667875,0.469751966122202,520,0.52,165,0.469751966122202,0,529,194.87583182093164,0.14578894472361936,0.14198161934849998,0.0,0.3165829145728643,0.2663316582914573,0.3165829145728643,514,0.514,527,0.3165829145728643,0,529,145.6658291457299,0
27,26,2024-03-13,0.24594863396708694,0.306729101255327,0.0,0.6996325291580124,0.0,0.6996325291580124,404,0.404,236,0.6996325291580124,0,409,245.93493369547826,0.1548820326678769,0.1948706102120599,0.0,0.4879007864488808,0.0,0.4879007864488808,400,0.4,186,0.4879007864488808,0,409,154.87159709618896,0.11061306532663388,0.13756788325025832,0.0,0.3165829145728643,0.0,0.3165829145728643,394,0.394,407,0.3165829145728643,0,409,110.48994974874445,0
27,27,2024-03-13,0.3102435692602644,0.30306047194866065,0.0,0.6532992490813229,0.4508707461255791,0.6532992490813229,523,0.523,395,0.6532992490813229,0,529,310.2230787665772,0.19571415607985476,0.19396479966918845,0.0,0.4667271627344223,0.27283726557773746,0.4667271627344223,520,0.52,144,0.4667271627344223,0,529,195.70598911070755,0.14529648241206158,0.1414995968392084,0.0,0.3165829145728643,0.2663316582914573,0.3165829145728643,514,0.514,527,0.3165829145728643,0,529,145.17336683417216,0
27,28,2024-03-13,0.24276625659050835,0.2882826969391984,0.0,0.638200990573574,0.0,0.638200990573574,424,0.424,136,0.638200990573574,0,429,242.75127815944992,0.16068874773139774,0.19164948238066556,0.0,0.469751966122202,0.0,0.469751966122202,420,0.42,133,0.469751966122202,0,429,160.67861464004838,0.12796984924623184,0.1531859781125721,0.0,0.3266331658291457,0.0,0.3266331658291457,414,0.414,144,0.3266331658291457,0,429,127.8467336683424,0
27,29,2024-03-13,0.30813899984023,0.3010874876783465,0.0,0.6527400543217766,0.4505512062629813,0.6527400543217766,523,0.523,436,0.6527400543217766,0,529,308.11982744847404,0.20212008469449497,0.19683705635714865,0.0,0.4307320024198427,0.31533575317604357,0.4307320024198427,520,0.52,140,0.4307320024198427,0,529,202.10828796128246,0.14583919597990042,0.14206302255056513,0.0,0.3165829145728643,0.2663316582914573,0.3165829145728643,514,0.514,527,0.3165829145728643,0,529,145.71608040201093,0
27,30,2024-03-13,0.4751340469723626,0.2986707376794071,0.0,0.6977951749480747,0.6649624540661447,0.6977951749480747,724,0.724,390,0.6977951749480747,0,729,475.1108004473551,0.30748427102238207,0.19772949385312774,0.0,0.5353901996370236,0.4092558983666062,0.5353901996370236,720,0.72,40,0.5353901996370236,0,729,307.4685420447662,0.2015577889447261,0.1277726411722224,0.0,0.3165829145728643,0.2864321608040201,0.3165829145728643,714,0.714,727,0.3165829145728643,0,729,201.43467336683665,0
27,31,2024-03-13,0.31984334558236416,0.32539079654626746,0.0,0.7096980348298451,0.1488656334877776,0.7096980348298451,504,0.504,363,0.7096980348298451,0,509,319.828047611441,0.2207749546279501,0.22736981974545303,0.0,0.5595886267392619,0.0087719298245614,0.5595886267392619,500,0.5,217,0.5595886267392619,0,509,220.76512401693878,0.15020100502512693,0.1558584575550683,0.0,0.5025125628140703,0.0,0.5025125628140703,494,0.494,212,0.5025125628140703,0,509,150.07788944723745,0
27,32,2024-03-13,0.4473888800127809,0.3590612068185507,0.0,0.8844064547052245,0.70746125579166,0.8844064547052245,615,0.615,31,0.8844064547052245,0,629,447.3507349416842,0.25937931034482803,0.21358659681754644,0.0,0.5928614640048396,0.3717483363581367,0.5928614640048396,610,0.61,31,0.5928614640048396,0,629,259.3619177253486,0.17244221105527704,0.13984899741228093,0.0,0.3165829145728643,0.2763819095477386,0.3165829145728643,604,0.604,627,0.3165829145728643,0,629,172.3190954773875,0
27,33,2024-03-13,0.30149808276082396,0.2809759695648253,0.0,0.6012142514778719,0.4668477392554721,0.6012142514778719,544,0.544,273,0.6012142514778719,0,549,301.482784789902,0.22315245009074366,0.21001673666473622,0.0,0.4818511796733212,0.3321234119782214,0.4818511796733212,540,0.54,254,0.4818511796733212,0,549,223.14201451905595,0.15039698492462458,0.14092641703673728,0.0,0.3165829145728643,0.2663316582914573,0.3165829145728643,533,0.533,547,0.3165829145728643,0,547,150.27386934673513,0
27,34,2024-03-13,0.3651319699632529,0.30387853235148465,0.0,0.6721521009745965,0.4810273206582521,0.6721521009745965,603,0.603,604,0.6721521009745965,0,609,365.11355647867106,0.24995523290986074,0.20979925922030418,0.0,0.5090744101633394,0.3466424682395644,0.5090744101633394,600,0.6,146,0.5090744101633394,0,609,249.9432849364789,0.1699246231155778,0.14083310391202858,0.0,0.3165829145728643,0.2663316582914573,0.3165829145728643,594,0.594,607,0.3165829145728643,0,609,169.80150753768805,0
27,35,2024-03-13,0.37217127336635186,0.3098813922164398,0.0,0.6824572615433775,0.4790701389998402,0.6824572615433775,604,0.604,585,0.6824572615433775,0,609,372.1512222399746,0.2412250453720509,0.2017414251277265,0.0,0.469751966122202,0.3366606170598911,0.469751966122202,600,0.6,194,0.469751966122202,0,609,241.21672716273437,0.16905025125628234,0.1400130328845894,0.0,0.3165829145728643,0.271356783919598,0.3165829145728643,594,0.594,607,0.3165829145728643,0,609,168.92713567839286,0
27,36,2024-03-13,0.32406758268093816,0.29069040713732053,0.0,0.6202268733024445,0.4791500239654896,0.6202268733024445,564,0.564,231,0.6202268733024445,0,569,324.0603131490646,0.26614307320024194,0.23998938036575912,0.0,0.5626134301270418,0.425589836660617,0.5626134301270418,560,0.56,191,0.5626134301270418,0,569,266.13430127041784,0.0,0.0,0.0,0.0,0.0,0.0,0,0.0,0,0.0,-1,-1,0.0,0
27,37,2024-03-13,0.4543019651701513,0.28455733486424356,0.0,0.6664003834478351,0.624620546413165,0.6664003834478351,724,0.724,692,0.6664003834478351,0,729,454.2745246844528,0.29993920145190595,0.19025289270893408,0.0,0.454930429522081,0.4065335753176043,0.454930429522081,720,0.72,82,0.454930429522081,0,729,299.92498487598226,0.20258793969849348,0.12860785622311743,0.0,0.3165829145728643,0.2864321608040201,0.3165829145728643,714,0.714,727,0.3165829145728643,0,729,202.46482412060402,0
27,38,2024-03-13,0.4409979229908919,0.35391022520936216,0.0,0.8872024285029557,0.6993129892954146,0.8872024285029557,615,0.615,16,0.8872024285029557,0,629,440.9561830963415,0.2647277676950997,0.2160476189785816,0.0,0.5653357531760436,0.3856624319419238,0.5653357531760436,610,0.61,49,0.5653357531760436,0,629,264.71007259528153,0.172080402010051,0.1396329031522875,0.0,0.3165829145728643,0.271356783919598,0.3165829145728643,604,0.604,627,0.3165829145728643,0,629,171.95728643216148,0
27,39,2024-03-13,0.2463170634286625,0.29311319648370876,0.0,0.6453906374820259,0.0,0.6453906374820259,424,0.424,327,0.6453906374820259,0,429,246.30312350215704,0.1540302480338779,0.18585342110910005,0.0,0.4277071990320629,0.0,0.4277071990320629,420,0.42,167,0.4277071990320629,0,429,154.02026618269812,0.11639195979899578,0.1385967323417214,0.0,0.3165829145728643,0.0,0.3165829145728643,414,0.414,427,0.3165829145728643,0,429,116.26884422110632,0
27,40,2024-03-13,0.2789283431858124,0.2815662694792539,0.0,0.6250998562070619,0.1458300047930979,0.6250998562070619,504,0.504,188,0.6250998562070619,0,509,278.91488256909986,0.20473623714458591,0.21250244777443483,0.0,0.5172413793103449,0.00801572897761645,0.5172413793103449,500,0.5,221,0.5172413793103449,0,509,204.72519661222032,0.14042211055276413,0.14236748184317438,0.0,0.3165829145728643,0.0,0.3165829145728643,494,0.494,507,0.3165829145728643,0,509,140.29899497487463,0
27,41,2024-03-13,0.24602811950790862,0.30644855052605185,0.0,0.6943601214251478,0.0,0.6943601214251478,404,0.404,321,0.6943601214251478,0,409,246.0131011343665,0.14815093768905,0.18568963534777502,0.0,0.4307320024198427,0.0,0.4307320024198427,400,0.4,191,0.4307320024198427,0,409,148.140804597701,0.11104522613065401,0.13781753072800856,0.0,0.3165829145728643,0.0,0.3165829145728643,394,0.394,407,0.3165829145728643,0,409,110.92211055276456,0
27,42,2024-03-13,0.2500326729509516,0.31162547443591504,0.0,0.7214411247803163,0.0,0.7214411247803163,404,0.404,239,0.7214411247803163,0,409,250.01853331203114,0.1386255293405929,0.17451608804921329,0.0,0.4488808227465214,0.0,0.4488808227465214,400,0.4,229,0.4488808227465214,0,409,138.6158499697521,0.11758291457286495,0.14665481110540995,0.0,0.3266331658291457,0.0,0.3266331658291457,394,0.394,244,0.3266331658291457,0,409,117.4597989949755,0
27,43,2024-03-13,0.44606063268892804,0.29359963319339033,0.0,0.6817382968525324,0.6202268733024445,0.6817382968525324,704,0.704,677,0.6817382968525324,0,709,446.0325930659849,0.2949210526315777,0.19656008125252564,0.0,0.4637023593466424,0.4071385359951603,0.4637023593466424,700,0.7,263,0.4637023593466424,0,709,294.9065335753171,0.19722110552763894,0.1313472092068584,0.0,0.3165829145728643,0.28391959798994976,0.3165829145728643,694,0.694,707,0.3165829145728643,0,709,197.09798994974935,0
27,44,2024-03-13,0.449856926026522,0.29568812464539146,0.0,0.6721521009745965,0.6350854769132449,0.6721521009745965,704,0.704,503,0.6721521009745965,0,709,449.8291660009588,0.2922534785238962,0.19460759808509306,0.0,0.4727767695099819,0.4019963702359346,0.4727767695099819,700,0.7,93,0.4727767695099819,0,709,292.2386569872962,0.1971658291457303,0.13118641741521644,0.0,0.3165829145728643,0.2864321608040201,0.3165829145728643,694,0.694,707,0.3165829145728643,0,709,197.04271356784082,0
27,45,2024-03-13,0.2972243169835442,0.3022875503990933,0.0,0.6656814187569899,0.11874900143792935,0.6656814187569899,503,0.503,446,0.6656814187569899,0,509,297.20606326889333,0.20537386569872876,0.2117075516054018,0.0,0.4758015728977616,0.0102843315184513,0.4758015728977616,500,0.5,256,0.4758015728977616,0,509,205.3626739261944,0.139085427135679,0.14102120596135537,0.0,0.3165829145728643,0.0,0.3165829145728643,494,0.494,507,0.3165829145728643,0,509,138.96231155778955,0
27,46,2024-03-13,0.2931691963572453,0.29816961974408296,0.0,0.6536986739095703,0.12298290461735095,0.6536986739095703,503,0.503,491,0.6536986739095703,0,509,293.1499840230067,0.20473381730187534,0.21042771485676143,0.0,0.4667271627344223,0.0099818511796733,0.4667271627344223,500,0.5,254,0.4667271627344223,0,509,204.72186932849368,0.13868341708542745,0.14066047403350201,0.0,0.3165829145728643,0.0,0.3165829145728643,494,0.494,507,0.3165829145728643,0,509,138.56030150753793,0
27,47,2024-03-13,0.4873566064866578,0.32160833204628914,0.0,0.7482824732385365,0.6896469084518294,0.7482824732385365,704,0.704,551,0.7482824732385365,0,709,487.33020450551095,0.2859836660617057,0.1931910312867017,0.0,0.4727767695099819,0.3983666061705989,0.4727767695099819,700,0.7,281,0.4727767695099819,0,709,285.9679370840893,0.20198994974874585,0.13525110309107,0.0,0.3266331658291457,0.2814070351758794,0.3266331658291457,694,0.694,558,0.3266331658291457,0,709,201.86683417085638,0
27,48,2024-03-13,0.2555821217446874,0.27396830605774214,0.0,0.6042498801725515,0.0,0.6042498801725515,474,0.474,140,0.6042498801725515,0,479,255.56910049528696,0.20756291591046439,0.2311702785787294,0.0,0.6563823351482153,0.0,0.6563823351482153,470,0.47,30,0.6563823351482153,0,479,207.55142165759187,0.13815577889447325,0.14981280466807484,0.0,0.3266331658291457,0.0,0.3266331658291457,463,0.463,283,0.3266331658291457,0,477,138.0326633165838,0
27,50,2024-03-13,0.3084371305320352,0.3368361790731111,0.0,0.8617191244607765,0.0,0.8617191244607765,466,0.466,59,0.8617191244607765,0,479,308.40505671832716,0.19505686630369032,0.22102271799029607,0.0,0.7286751361161524,0.0,0.7286751361161524,460,0.46,13,0.7286751361161524,0,479,195.0355414398066,0.12782412060301615,0.14058951151207394,0.0,0.3165829145728643,0.0,0.3165829145728643,453,0.453,477,0.3165829145728643,0,477,127.70100502512669,0
27,51,2024-03-13,0.2848519731586507,0.3129611504929929,0.0,0.8617191244607765,0.0,0.8617191244607765,465,0.465,22,0.8617191244607765,0,479,284.82157692922164,0.18607924984875998,0.21031918007352604,0.0,0.7196007259528131,0.0,0.7196007259528131,460,0.46,15,0.7196007259528131,0,479,186.05671506352064,0.1273115577889457,0.1400278802679748,0.0,0.3165829145728643,0.0,0.3165829145728643,453,0.453,477,0.3165829145728643,0,477,127.18844221105627,0
27,52,2024-03-13,0.3236987537945357,0.3151271582814206,0.0,0.6795015178143473,0.4956063268892794,0.6795015178143473,524,0.524,137,0.6795015178143473,0,529,323.6854529477557,0.22298215366001223,0.21768834506738333,0.0,0.5535390199637024,0.3732607380520266,0.5535390199637024,520,0.52,134,0.5535390199637024,0,529,222.9703569267998,0.16053768844221222,0.15733893764564993,0.0,0.3266331658291457,0.271356783919598,0.3266331658291457,513,0.513,147,0.3266331658291457,0,527,160.41457286432276,0
27,53,2024-03-13,0.4405757309474359,0.3542534360298101,0.0,0.8845662246365235,0.6729509506310912,0.8845662246365235,615,0.615,32,0.8845662246365235,0,629,440.5358683495762,0.26568330308529925,0.21606599589076056,0.0,0.5747126436781609,0.4032062915910466,0.5747126436781609,610,0.61,45,0.5747126436781609,0,629,265.66757410768304,0.17073366834170994,0.13851760607864047,0.0,0.3165829145728643,0.2663316582914573,0.3165829145728643,604,0.604,627,0.3165829145728643,0,629,170.61055276382046,0
27,54,2024-03-13,0.4175323534110849,0.3360793546277359,0.0,0.8906374820258828,0.6636044096501038,0.8906374820258828,615,0.615,35,0.8906374820258828,0,629,417.4922112158492,0.25165063520871195,0.20550258151861536,0.0,0.5232909860859044,0.3732607380520266,0.5232909860859044,610,0.61,35,0.5232909860859044,0,629,251.63324258923134,0.17128643216080588,0.13881618305683074,0.0,0.3165829145728643,0.2763819095477386,0.3165829145728643,604,0.604,627,0.3165829145728643,0,629,171.16331658291637,0
27,55,2024-03-13,0.4342292698514131,0.3487599737578381,0.0,0.8883208180220482,0.6827768014059754,0.8883208180220482,615,0.615,42,0.8883208180220482,0,629,434.1874900143792,0.2574398064125835,0.20945084415005635,0.0,0.5172413793103449,0.3873260738052027,0.5172413793103449,610,0.61,49,0.5172413793103449,0,629,257.42256503327235,0.17114572864321756,0.1388043613909254,0.0,0.3165829145728643,0.271356783919598,0.3165829145728643,604,0.604,627,0.3165829145728643,0,629,171.02261306532807,0
27,56,2024-03-13,0.42797259945678007,0.3440285849256814,0.0,0.8879213931938009,0.6684773925547212,0.8879213931938009,615,0.615,24,0.8879213931938009,0,629,427.930819619747,0.26021960072595307,0.2114715808183868,0.0,0.5837870538415003,0.3980641258318209,0.5837870538415003,610,0.61,47,0.5837870538415003,0,629,260.20251058681157,0.17157788944723745,0.13920099259881963,0.0,0.3165829145728643,0.271356783919598,0.3165829145728643,604,0.604,627,0.3165829145728643,0,629,171.45477386934797,0
27,57,2024-03-13,0.43315961016136834,0.3477217353634784,0.0,0.893273685892315,0.6935612717686531,0.893273685892315,615,0.615,48,0.893273685892315,0,629,433.1193481386803,0.25336569872958276,0.20564756173900844,0.0,0.5774349667271628,0.3917120387174834,0.5774349667271628,610,0.61,48,0.5774349667271628,0,629,253.34770114942498,0.17169849246231303,0.13917273684360174,0.0,0.3165829145728643,0.2763819095477386,0.3165829145728643,604,0.604,627,0.3165829145728643,0,629,171.57537688442355,0
27,58,2024-03-13,0.3245778878415086,0.3170066920134667,0.0,0.7088991851733504,0.4753954305799648,0.7088991851733504,524,0.524,170,0.7088991851733504,0,529,324.5639878574847,0.22583000604960646,0.22009519108637998,0.0,0.5535390199637024,0.3883847549909255,0.5535390199637024,520,0.52,163,0.5535390199637024,0,529,225.81820931639433,0.1593467336683429,0.1562321094022703,0.0,0.3266331658291457,0.271356783919598,0.3266331658291457,513,0.513,175,0.3266331658291457,0,527,159.22361809045344,0
27,59,2024-03-13,0.44830076689566917,0.3596116632337816,0.0,0.8960696596900464,0.7238376737498002,0.8960696596900464,615,0.615,29,0.8960696596900464,0,629,448.2621425147774,0.2595081669691459,0.2132138107773995,0.0,0.6742286751361162,0.3941318814277072,0.6742286751361162,610,0.61,19,0.6742286751361162,0,629,259.49107683000534,0.17156783919598176,0.13905439127999247,0.0,0.3165829145728643,0.2763819095477386,0.3165829145728643,604,0.604,627,0.3165829145728643,0,629,171.44472361809227,0
27,60,2024-03-13,0.4876695158971074,0.3220350926967746,0.0,0.7510784470362678,0.680140597539543,0.7510784470362678,704,0.704,671,0.7510784470362678,0,709,487.64291420354675,0.3007803992740471,0.20065095129937044,0.0,0.514216575922565,0.4234724742891712,0.514216575922565,700,0.7,81,0.514216575922565,0,709,300.765275257109,0.19761809045226336,0.13170448037080393,0.0,0.3266331658291457,0.2864321608040201,0.3266331658291457,694,0.694,678,0.3266331658291457,0,709,197.4949748743739,1
27,61,2024-03-13,0.3178955903498967,0.29725100151366946,0.0,0.6568141875698994,0.4765138200990573,0.6568141875698994,544,0.544,257,0.6568141875698994,0,549,317.88145071097625,0.20948124621899675,0.19978194019223156,0.0,0.5199637023593466,0.3345432546884452,0.5199637023593466,540,0.54,153,0.5199637023593466,0,549,209.47005444646157,0.16236683417085548,0.15301868773120575,0.0,0.3266331658291457,0.271356783919598,0.3266331658291457,533,0.533,264,0.3266331658291457,0,547,162.24371859296605,0
27,62,2024-03-13,0.31846509027001146,0.3109293956067419,0.0,0.6719124460776482,0.4690046333280077,0.6719124460776482,523,0.523,243,0.6719124460776482,0,529,318.44667678542896,0.20516122202056863,0.20175405170141472,0.0,0.5232909860859044,0.3179068360556564,0.5232909860859044,520,0.52,133,0.5232909860859044,0,529,205.15003024803363,0.14546733668341844,0.14154961828634102,0.0,0.3165829145728643,0.271356783919598,0.3165829145728643,514,0.514,527,0.3165829145728643,0,529,145.34422110552896,0
27,63,2024-03-13,0.36039391276561794,0.29943982443030615,0.0,0.6459498322415721,0.4805879533471801,0.6459498322415721,603,0.603,438,0.6459498322415721,0,609,360.37486020131064,0.27991409558378677,0.23431160497033957,0.0,0.5865093768905021,0.425589836660617,0.5865093768905021,600,0.6,148,0.5865093768905021,0,609,279.90260133091294,0.1688643216080416,0.1398342841710156,0.0,0.3165829145728643,0.271356783919598,0.3165829145728643,594,0.594,607,0.3165829145728643,0,609,168.7412060301521,1
27,64,2024-03-13,0.2903437450071899,0.3132455879202865,0.0,0.6942003514938488,0.0,0.6942003514938488,474,0.474,381,0.6942003514938488,0,479,290.32880651861325,0.18015910465819693,0.1936702368316913,0.0,0.4246823956442831,0.0,0.4246823956442831,470,0.47,301,0.4246823956442831,0,479,180.14912280701733,0.1301356783919609,0.1400267636309788,0.0,0.3165829145728643,0.0,0.3165829145728643,464,0.464,477,0.3165829145728643,0,479,130.01256281407146,0
27,64,2024-03-13,0.2701155136603292,0.28977352508884485,0.0,0.6157533152260745,0.0,0.6157533152260745,474,0.474,142,0.6157533152260745,0,479,270.10464930500075,0.16435450695704795,0.17747800984813106,0.0,0.4398064125831821,0.0,0.4398064125831821,470,0.47,132,0.4398064125831821,0,479,164.34936479128865,0.0,0.0,0.0,0.0,0.0,0.0,0,0.0,0,0.0,-1,-1,0.0,0
27,65,2024-03-13,0.3051143153858443,0.2971764242156993,0.0,0.645071097619428,0.4654896948394312,0.645071097619428,524,0.524,452,0.645071097619428,0,529,305.09789902540325,0.20173018753781047,0.19796999262735154,0.0,0.5,0.3287961282516636,0.5,520,0.52,132,0.5,0,529,201.7214156079851,0.14695979899497513,0.14318319070460456,0.0,0.3165829145728643,0.2663316582914573,0.3165829145728643,514,0.514,527,0.3165829145728643,0,529,146.83668341708565,0
27,66,2024-03-13,0.3656409170794055,0.3032134494551788,0.0,0.6596101613676306,0.486259785908292,0.6596101613676306,604,0.604,231,0.6596101613676306,0,609,365.6228231346864,0.2677389594676346,0.22512783568217945,0.0,0.5505142165759226,0.3926194797338173,0.5505142165759226,600,0.6,171,0.5505142165759226,0,609,267.7303387779794,0.16992964824120665,0.14068001813813472,0.0,0.3165829145728643,0.2763819095477386,0.3165829145728643,594,0.594,607,0.3165829145728643,0,609,169.80653266331703,0
27,67,2024-03-13,0.3110787665761306,0.3158552079284225,0.0,0.6853331203067583,0.134326569739575,0.6853331203067583,504,0.504,444,0.6853331203067583,0,509,311.06534590190114,0.20849243799152978,0.21245573326168374,0.0,0.5562613430127041,0.0086206896551724,0.5562613430127041,500,0.5,136,0.5562613430127041,0,509,208.48049001814812,0.1538492462311569,0.1566476459693945,0.0,0.3266331658291457,0.0,0.3266331658291457,494,0.494,157,0.3266331658291457,0,509,153.72613065326743,0
27,68,2024-03-13,0.2739718804920918,0.29321281089057355,0.0,0.6403578846461097,0.0,0.6403578846461097,474,0.474,140,0.6403578846461097,0,479,273.955583959098,0.17769630973986666,0.19289887161214536,0.0,0.4667271627344223,0.0,0.4667271627344223,470,0.47,157,0.4667271627344223,0,479,177.68632788868692,0.13195477386934684,0.14203319301658593,0.0,0.3165829145728643,0.0,0.3165829145728643,464,0.464,477,0.3165829145728643,0,479,131.8316582914574,0
27,69,2024-03-13,0.3053205783671519,0.29816612592595204,0.0,0.6454705224476753,0.4497523566064866,0.6454705224476753,523,0.523,367,0.6454705224476753,0,529,305.3002875858767,0.19731972171808798,0.19545875012151373,0.0,0.5060496067755595,0.3127646702964307,0.5060496067755595,520,0.52,131,0.5060496067755595,0,529,197.30777374470685,0.15246733668341766,0.1491467715055171,0.0,0.3266331658291457,0.2663316582914573,0.3266331658291457,514,0.514,374,0.3266331658291457,0,529,152.34422110552822,0
27,70,2024-03-13,0.2875043936731107,0.3140241861798195,0.0,0.8127496405176545,0.0,0.8127496405176545,465,0.465,20,0.8127496405176545,0,479,287.4757149704423,0.19348094373865676,0.21760128508165394,0.0,0.6802782819116757,0.0,0.6802782819116757,460,0.46,20,0.6802782819116757,0,479,193.46234119782196,0.1284422110552773,0.14100169410493202,0.0,0.3165829145728643,0.0,0.3165829145728643,454,0.454,477,0.3165829145728643,0,479,128.31909547738792,0
27,71,2024-03-13,0.3645679022208026,0.3037710330169896,0.0,0.6661607285508867,0.4799488736219843,0.6661607285508867,603,0.603,231,0.6661607285508867,0,609,364.55088672311877,0.25703085299455525,0.21535525491654198,0.0,0.5199637023593466,0.3548094373865699,0.5199637023593466,600,0.6,208,0.5199637023593466,0,609,257.0196612220199,0.16801005025125776,0.13911265434069028,0.0,0.3165829145728643,0.271356783919598,0.3165829145728643,594,0.594,607,0.3165829145728643,0,609,167.88693467336827,0
27,72,2024-03-13,0.3176278958300046,0.34540469218718695,0.0,0.8272887042658572,0.0,0.8272887042658572,465,0.465,15,0.8272887042658572,0,479,317.5971001757473,0.18771052631579066,0.21457651449060597,0.0,0.73502722323049,0.0,0.73502722323049,460,0.46,12,0.73502722323049,0,479,187.6919237749545,0.14339195979899602,0.16086782457473947,0.0,0.5025125628140703,0.0,0.5025125628140703,454,0.454,208,0.5025125628140703,0,479,143.26884422110658,0
27,73,2024-03-13,0.49270778079565314,0.3252217916038322,0.0,0.7451669595782073,0.7130532033871225,0.7451669595782073,704,0.704,707,0.7451669595782073,0,709,492.6829765138195,0.3496270417422892,0.2350693259898467,0.0,0.6137326073805203,0.4621899576527525,0.6137326073805203,700,0.7,33,0.6137326073805203,0,709,349.6126739261945,0.19978894472361816,0.13296044045235625,0.0,0.3165829145728643,0.2864321608040201,0.3165829145728643,694,0.694,707,0.3165829145728643,0,709,199.66582914572842,1
27,74,2024-03-13,0.2906227033072384,0.31724628648818454,0.0,0.8149065345901901,0.0,0.8149065345901901,465,0.465,12,0.8149065345901901,0,479,290.5923470202898,0.1921482153660013,0.2158819663405914,0.0,0.6833030852994555,0.0,0.6833030852994555,460,0.46,15,0.6833030852994555,0,479,192.12946158499696,0.12861306532663414,0.14115462180491165,0.0,0.3165829145728643,0.0,0.3165829145728643,454,0.454,477,0.3165829145728643,0,479,128.48994974874472,0
27,75,2024-03-13,0.4933244128454993,0.3254048859624737,0.0,0.7410928263300847,0.7149704425627097,0.7410928263300847,704,0.704,395,0.7410928263300847,0,709,493.29681258986983,0.30875710828796094,0.20580731375541192,0.0,0.4939503932244404,0.4219600725952813,0.4939503932244404,700,0.7,238,0.4939503932244404,0,709,308.74258923170106,0.19638190954774107,0.1306070269936257,0.0,0.3165829145728643,0.2864321608040201,0.3165829145728643,694,0.694,707,0.3165829145728643,0,709,196.25879396985155,0
27,76,2024-03-13,0.3165433775363478,0.32099069033802347,0.0,0.68804920913884,0.1429940885125419,0.68804920913884,504,0.504,339,0.68804920913884,0,509,316.52991691963626,0.20903962492438016,0.21272066973091983,0.0,0.5232909860859044,0.0081669691470054,0.5232909860859044,500,0.5,138,0.5232909860859044,0,509,209.02949183303093,0.13936683417085552,0.14119237080521327,0.0,0.3165829145728643,0.0,0.3165829145728643,494,0.494,507,0.3165829145728643,0,509,139.24371859296605,0
27,77,2024-03-13,0.48387665761303456,0.31870648356537606,0.0,0.7379773126697555,0.6974756350854769,0.7379773126697555,704,0.704,658,0.7379773126697555,0,709,483.84917718485406,0.29408590441621396,0.19671765391578125,0.0,0.4758015728977616,0.41500302480338774,0.4758015728977616,700,0.7,175,0.4758015728977616,0,709,294.0709316394439,0.19978894472361927,0.13322151447833464,0.0,0.3266331658291457,0.2864321608040201,0.3266331658291457,694,0.694,664,0.3266331658291457,0,709,199.6658291457298,1
27,78,2024-03-13,0.4823832081802209,0.3174820791663457,0.0,0.7311072056239016,0.6966767854289823,0.7311072056239016,704,0.704,680,0.7311072056239016,0,709,482.35456942003424,0.287656684815488,0.19183878632338341,0.0,0.4519056261343013,0.4074410163339383,0.4519056261343013,700,0.7,227,0.4519056261343013,0,709,287.6415607985479,0.19820100502512716,0.1320291523806638,0.0,0.3266331658291457,0.2864321608040201,0.3266331658291457,694,0.694,685,0.3266331658291457,0,709,198.07788944723768,0
27,79,2024-03-13,0.31602668157852704,0.3074973533780672,0.0,0.6730308355967407,0.4856207061830963,0.6730308355967407,524,0.524,178,0.6730308355967407,0,529,316.0135005591953,0.21318300060496073,0.20763403141309333,0.0,0.5172413793103449,0.3771929824561403,0.5172413793103449,520,0.52,145,0.5172413793103449,0,529,213.17196007259508,0.15923618090452377,0.1558620831534257,0.0,0.3266331658291457,0.2663316582914573,0.3266331658291457,514,0.514,183,0.3266331658291457,0,529,159.11306532663434,0
27,80,2024-03-13,0.3092219204345742,0.3014345884000567,0.0,0.6535389039782713,0.4664483144272248,0.6535389039782713,523,0.523,527,0.6535389039782713,0,529,309.20270810033554,0.20090532365396302,0.19802835429016613,0.0,0.5090744101633394,0.3106473079249848,0.5090744101633394,520,0.52,137,0.5090744101633394,0,529,200.8964004839686,0.1463517587939704,0.14258085555642722,0.0,0.3165829145728643,0.2663316582914573,0.3165829145728643,514,0.514,527,0.3165829145728643,0,529,146.22864321608094,0
27,81,2024-03-13,0.30844903339191504,0.3002068435785592,0.0,0.6568141875698994,0.4739575011982745,0.6568141875698994,524,0.524,160,0.6568141875698994,0,529,308.4361719124469,0.21319177253478572,0.20832806059095751,0.0,0.5535390199637024,0.3623714458560194,0.5535390199637024,520,0.52,137,0.5535390199637024,0,529,213.17997580157308,0.16015075376884538,0.1566797666549797,0.0,0.3266331658291457,0.26884422110552764,0.3266331658291457,514,0.514,166,0.3266331658291457,0,529,160.02763819095594,0
27,82,2024-03-13,0.38012126537785573,0.3172113977078113,0.0,0.6914043776961176,0.4798689886563348,0.6914043776961176,604,0.604,322,0.6914043776961176,0,609,380.1036507429296,0.2386327888687232,0.19986741678210473,0.0,0.469751966122202,0.3290986085904416,0.469751966122202,600,0.6,199,0.469751966122202,0,609,238.6244706594064,0.1676683417085446,0.13878847921778928,0.0,0.3165829145728643,0.271356783919598,0.3165829145728643,594,0.594,607,0.3165829145728643,0,609,167.5452261306551,0
27,83,2024-03-13,0.316246285349097,0.29517644645520624,0.0,0.6366831762262343,0.4769132449273047,0.6366831762262343,544,0.544,152,0.6366831762262343,0,549,316.2325850774887,0.2193115547489417,0.20545983147135063,0.0,0.4969751966122202,0.3581367211131276,0.4969751966122202,540,0.54,132,0.4969751966122202,0,549,219.29885057471293,0.16662814070351886,0.15692427995904837,0.0,0.3266331658291457,0.271356783919598,0.3266331658291457,533,0.533,158,0.3266331658291457,0,547,166.5050251256294,0
27,84,2024-03-13,0.41821944400064015,0.33647727061307287,0.0,0.8951110401022527,0.6669595782073814,0.8951110401022527,615,0.615,22,0.8951110401022527,0,629,418.1791020929864,0.28629068360556686,0.23280206402898387,0.0,0.6684815486993345,0.4428312159709618,0.6684815486993345,610,0.61,49,0.6684815486993345,0,629,286.2710223835451,0.1731356783919601,0.14048294663946861,0.0,0.3165829145728643,0.271356783919598,0.3165829145728643,604,0.604,627,0.3165829145728643,0,629,173.01256281407038,1
27,85,2024-03-13,0.28737066624061264,0.2913343246536273,0.0,0.6202268733024445,0.12158491771848529,0.6202268733024445,504,0.504,465,0.6202268733024445,0,509,287.3573254513497,0.20726043557168736,0.21222968725714794,0.0,0.5747126436781609,0.00892316999395035,0.5747126436781609,500,0.5,29,0.5747126436781609,0,509,207.24924379915316,0.1533366834170865,0.1562741199483841,0.0,0.3266331658291457,0.0,0.3266331658291457,494,0.494,157,0.3266331658291457,0,509,153.21356783919705,0
27,86,2024-03-13,0.43758403898386283,0.3511713023078849,0.0,0.8913564467167279,0.6991532193641157,0.8913564467167279,615,0.615,28,0.8913564467167279,0,629,437.5420993768977,0.2645514216575926,0.21608728901597335,0.0,0.5807622504537205,0.38823351482153656,0.5807622504537205,610,0.61,45,0.5807622504537205,0,629,264.53448275862024,0.1729597989949754,0.14031059989472308,0.0,0.3165829145728643,0.271356783919598,0.3165829145728643,604,0.604,627,0.3165829145728643,0,629,172.8366834170858,0
27,87,2024-03-13,0.31889479150023925,0.28620528632153613,0.0,0.6126378015657453,0.4732385365074293,0.6126378015657453,564,0.564,284,0.6126378015657453,0,569,318.8828087553921,0.2657156684815483,0.24001057584045193,0.0,0.5626134301270418,0.4125831820931639,0.5626134301270418,560,0.56,174,0.5626134301270418,0,569,265.70251058681214,0.15739195979899534,0.14177107204135755,0.0,0.3165829145728643,0.2663316582914573,0.3165829145728643,553,0.553,567,0.3165829145728643,0,567,157.2688442211056,0
27,88,2024-03-13,0.4426306119188364,0.3550784058715532,0.0,0.8874420833999042,0.7099376897267934,0.8874420833999042,615,0.615,34,0.8874420833999042,0,629,442.5906294935286,0.26346642468239584,0.215139708512397,0.0,0.5837870538415003,0.3868723532970357,0.5837870538415003,610,0.61,48,0.5837870538415003,0,629,263.4493345432549,0.1713467336683435,0.1388634523826047,0.0,0.3165829145728643,0.2763819095477386,0.3165829145728643,604,0.604,627,0.3165829145728643,0,629,171.223618090454,0
27,89,2024-03-13,0.4541435532832726,0.3641202042540257,0.0,0.8930340309953667,0.7214411247803163,0.8930340309953667,615,0.615,43,0.8930340309953667,0,629,454.10153379134084,0.26730550514216606,0.21674540979582782,0.0,0.5562613430127041,0.4101633393829401,0.5562613430127041,610,0.61,47,0.5562613430127041,0,629,267.2881125226858,0.17125628140703683,0.13889647221651122,0.0,0.3165829145728643,0.271356783919598,0.3165829145728643,604,0.604,627,0.3165829145728643,0,629,171.13316582914734,0
27,90,2024-03-13,0.298494967247164,0.30194356177087167,0.0,0.6703946317303083,0.14195558395909885,0.6703946317303083,504,0.504,175,0.6703946317303083,0,509,298.48050806838205,0.20217876588021805,0.20548283661224384,0.0,0.5323653962492438,0.0083182093163944,0.5323653962492438,500,0.5,142,0.5323653962492438,0,509,202.16833030853056,0.15253266331658397,0.15547081580251118,0.0,0.3266331658291457,0.0,0.3266331658291457,494,0.494,181,0.3266331658291457,0,509,152.4095477386945,0
27,91,2024-03-13,0.31128886403578815,0.3160718525394821,0.0,0.6914043776961176,0.14774724396868505,0.6914043776961176,504,0.504,284,0.6914043776961176,0,509,311.273965489695,0.19299092558983602,0.20008908541786932,0.0,0.5263157894736842,0.0081669691470054,0.5263157894736842,500,0.5,140,0.5263157894736842,0,509,192.9806412583175,0.14865326633165935,0.1513870514358513,0.0,0.3266331658291457,0.0,0.3266331658291457,494,0.494,290,0.3266331658291457,0,509,148.5301507537699,0
27,92,2024-03-13,0.32967934174788227,0.3359627454345464,0.0,0.7614634925706982,0.15074293018053994,0.7614634925706982,504,0.504,210,0.7614634925706982,0,509,329.6659210736547,0.20002329098608587,0.2039344751442557,0.0,0.5290381125226861,0.0081669691470054,0.5290381125226861,500,0.5,190,0.5290381125226861,0,509,200.01194797338246,0.15402010050251377,0.1582654122307447,0.0,0.5025125628140703,0.0,0.5025125628140703,494,0.494,198,0.5025125628140703,0,509,153.8969849246243,0
27,93,2024-03-13,0.3026821377216806,0.3067812261570718,0.0,0.6639239495127017,0.144471960377057,0.6639239495127017,504,0.504,157,0.6639239495127017,0,509,302.6678383128289,0.20294404113732573,0.20759699716871927,0.0,0.5199637023593466,0.0101330913490623,0.5199637023593466,500,0.5,140,0.5199637023593466,0,509,202.93390804597703,0.15366834170854377,0.15645949555120733,0.0,0.3266331658291457,0.0,0.3266331658291457,494,0.494,163,0.3266331658291457,0,509,153.54522613065433,0
27,94,2024-03-13,0.31167119348138733,0.31589012645542724,0.0,0.6870905895510465,0.15489694839431215,0.6870905895510465,504,0.504,361,0.6870905895510465,0,509,311.6563748202594,0.19465698729582592,0.20098730570596324,0.0,0.484875983061101,0.0084694494857834,0.484875983061101,500,0.5,148,0.484875983061101,0,509,194.64655172413805,0.15360804020100616,0.15642154488609383,0.0,0.3266331658291457,0.0,0.3266331658291457,494,0.494,160,0.3266331658291457,0,509,153.48492462311668,0
27,95,2024-03-13,0.3615829205943432,0.3004295115972015,0.0,0.6679980827608244,0.48070778079565424,0.6679980827608244,603,0.603,568,0.6679980827608244,0,609,361.56330883527676,0.23124379915305443,0.19437123437875062,0.0,0.4398064125831821,0.30898366606170596,0.4398064125831821,600,0.6,138,0.4398064125831821,0,609,231.23517846339928,0.16977889447236147,0.14076220994102537,0.0,0.3165829145728643,0.2663316582914573,0.3165829145728643,594,0.594,607,0.3165829145728643,0,609,169.6557788944719,0
27,96,2024-03-13,0.3141159130851571,0.28193930617368446,0.0,0.6086435532832721,0.4678063588432657,0.6086435532832721,564,0.564,463,0.6086435532832721,0,569,314.1028119507903,0.26772262552934106,0.24198158284936694,0.0,0.5837870538415003,0.4165154264972777,0.5837870538415003,560,0.56,143,0.5837870538415003,0,569,267.71007259528125,0.1589195979899496,0.14320288883970148,0.0,0.3165829145728643,0.2663316582914573,0.3165829145728643,553,0.553,567,0.3165829145728643,0,567,158.79648241205996,0
27,96,2024-03-13,0.3241676785428975,0.2906575292752906,0.0,0.6167918197795175,0.47771209458379926,0.6167918197795175,564,0.564,143,0.6167918197795175,0,569,324.1580124620548,0.24163914095583777,0.21711777471990892,0.0,0.5060496067755595,0.3944343617664851,0.5060496067755595,560,0.56,143,0.5060496067755595,0,569,241.63021778584385,0.0,0.0,0.0,0.0,0.0,0.0,0,0.0,0,0.0,-1,-1,0.0,0
27,97,2024-03-13,0.4804696437130522,0.38512182813204815,0.0,0.900303562869468,0.7837513979868989,0.900303562869468,615,0.615,44,0.900303562869468,0,629,480.42906215050334,0.2648620689655176,0.21566189561626928,0.0,0.5263157894736842,0.4044162129461585,0.5263157894736842,610,0.61,27,0.5263157894736842,0,629,264.8445251058683,0.2106331658291478,0.18769546810660737,0.0,0.5025125628140703,0.2814070351758794,0.5025125628140703,604,0.604,152,0.5025125628140703,0,629,210.5100502512583,0
27,98,2024-03-13,0.2864016616072864,0.30749854262203047,0.0,0.665361878894392,0.0,0.665361878894392,474,0.474,195,0.665361878894392,0,479,286.3860440965015,0.1830732002419847,0.19880897641627707,0.0,0.4939503932244404,0.0,0.4939503932244404,470,0.47,185,0.4939503932244404,0,479,183.06352087114337,0.13042713567839304,0.14059390696466656,0.0,0.3165829145728643,0.0,0.3165829145728643,463,0.463,477,0.3165829145728643,0,477,130.30402010050358,0
27,99,2024-03-13,0.45478199392874413,0.335316895232216,0.0,0.8862438089151622,0.6846940405815626,0.8862438089151622,655,0.655,44,0.8862438089151622,0,659,454.74029397667175,0.25312764670296567,0.1943083832558295,0.0,0.6110102843315185,0.3306110102843315,0.6110102843315185,650,0.65,47,0.6110102843315185,0,659,253.10980036297684,0.18353768844221313,0.13662219882392643,0.0,0.3165829145728643,0.2864321608040201,0.3165829145728643,644,0.644,657,0.3165829145728643,0,659,183.41457286432365,0
27,100,2024-03-13,0.31241308515737254,0.3043409982680169,0.0,0.663284869787506,0.468205783671513,0.663284869787506,524,0.524,184,0.663284869787506,0,529,312.39878574852185,0.21859891107078033,0.214266102880918,0.0,0.5381125226860254,0.367211131276467,0.5381125226860254,520,0.52,134,0.5381125226860254,0,529,218.58741681790684,0.15882914572864437,0.15576661898464914,0.0,0.3266331658291457,0.2663316582914573,0.3266331658291457,513,0.513,189,0.3266331658291457,0,527,158.70603015075494,0
27,101,2024-03-13,0.5500991372423707,0.319186130349849,0.0,0.9198753794535868,0.7287106566544176,0.9198753794535868,755,0.755,32,0.9198753794535868,0,769,550.0594743569246,0.3593641863278886,0.22885217315281284,0.0,0.8983666061705989,0.3838475499092559,0.8983666061705989,750,0.75,26,0.8983666061705989,0,769,359.3466424682402,0.2307286432160812,0.1533018967715296,0.0,1.0,0.2964824120603015,1.0,744,0.744,192,1.0,0,769,230.60552763819175,0
27,102,2024-03-13,0.312282393353571,0.29125687915651655,0.0,0.6243808915162167,0.4799488736219843,0.6243808915162167,544,0.544,294,0.6243808915162167,0,549,312.26773446237405,0.23058076225045374,0.21728394013066665,0.0,0.5290381125226861,0.3650937689050211,0.5290381125226861,540,0.54,134,0.5290381125226861,0,549,230.56941923774986,0.15093969849246378,0.14138828623209823,0.0,0.3165829145728643,0.271356783919598,0.3165829145728643,533,0.533,547,0.3165829145728643,0,547,150.81658291457433,0
27,103,2024-03-13,0.517639079725194,0.31702305544659776,0.0,0.9014219523885604,0.6999520690206104,0.9014219523885604,734,0.734,12,0.9014219523885604,0,749,517.5984582201622,0.35170840895341937,0.23827599433179122,0.0,0.9337568058076224,0.4228675136116152,0.9337568058076224,730,0.73,45,0.9337568058076224,0,749,351.6919237749556,0.23133668341708769,0.14376608696215604,0.0,0.3266331658291457,0.3266331658291457,0.3266331658291457,724,0.724,114,0.3266331658291457,0,749,231.21356783919825,0
27,104,2024-03-13,0.37523142674548565,0.312865200525515,0.0,0.6930020770091069,0.4809873781754273,0.6930020770091069,603,0.603,571,0.6930020770091069,0,609,375.21241412366203,0.23376376285541503,0.19676037734645618,0.0,0.4398064125831821,0.2961282516636419,0.4398064125831821,600,0.6,284,0.4398064125831821,0,609,233.7534785238961,0.1678592964824134,0.13899617246965218,0.0,0.3165829145728643,0.271356783919598,0.3165829145728643,594,0.594,607,0.3165829145728643,0,609,167.73618090452393,0
27,105,2024-03-13,0.5020802843904781,0.33238794309888897,0.0,0.7717686531394792,0.7294296213452628,0.7717686531394792,704,0.704,620,0.7717686531394792,0,709,502.0530436171917,0.29613127646702747,0.19966036131440942,0.0,0.4818511796733212,0.4080459770114942,0.4818511796733212,700,0.7,217,0.4818511796733212,0,709,296.11705989110584,0.19937185929648477,0.13310147065251118,0.0,0.3266331658291457,0.2864321608040201,0.3266331658291457,694,0.694,627,0.3266331658291457,0,709,199.24874371859525,0
27,106,2024-03-13,0.45808547691324525,0.3313757492131322,0.0,0.7327049049368909,0.6750279597379774,0.7327049049368909,664,0.664,330,0.7327049049368909,0,679,458.0580763700264,0.2684274047186939,0.1974431767342064,0.0,0.4879007864488808,0.3687235329703569,0.4879007864488808,660,0.66,200,0.4879007864488808,0,679,268.413036902602,0.1852060301507559,0.13522119731285648,0.0,0.3165829145728643,0.2864321608040201,0.3165829145728643,654,0.654,677,0.3165829145728643,0,679,185.08291457286646,0
27,107,2024-03-13,0.4699175587154529,0.30956632342529544,0.0,0.7024285029557438,0.6747883048410289,0.7024285029557438,704,0.704,400,0.7024285029557438,0,709,469.8899185173329,0.34791772534785176,0.23385702973184705,0.0,0.5898366606170599,0.4602238354506957,0.5898366606170599,700,0.7,27,0.5898366606170599,0,709,347.9027525710828,0.1996381909547739,0.13292402584389804,0.0,0.3165829145728643,0.2864321608040201,0.3165829145728643,694,0.694,707,0.3165829145728643,0,709,199.51507537688389,0
27,108,2024-03-13,0.43804697235980294,0.28984574027852406,0.0,0.6704745166959578,0.6389199552644192,0.6704745166959578,703,0.703,195,0.6704745166959578,0,709,438.023326409969,0.35701270417422754,0.24136623649941574,0.0,0.6654567453115547,0.4670296430732002,0.6654567453115547,700,0.7,165,0.6654567453115547,0,709,356.9996975196614,0.21533668341708745,0.14472938430723958,0.0,0.3266331658291457,0.3266331658291457,0.3266331658291457,694,0.694,203,0.3266331658291457,0,709,215.21356783919796,0
27,109,2024-03-13,0.48000990573574454,0.31581553097111537,0.0,0.7200830803642755,0.6918038025243649,0.7200830803642755,704,0.704,563,0.7200830803642755,0,709,479.9845023166635,0.2997335148215364,0.19944382905732888,0.0,0.4788263762855414,0.4128856624319419,0.4788263762855414,700,0.7,323,0.4788263762855414,0,709,299.71854204476614,0.19666331658291578,0.13092718715050453,0.0,0.3165829145728643,0.2763819095477386,0.3165829145728643,694,0.694,707,0.3165829145728643,0,709,196.54020100502626,0
27,110,2024-03-13,0.4902773606007329,0.32358719691678,0.0,0.746125579166001,0.6876497843105928,0.746125579166001,704,0.704,441,0.746125579166001,0,709,490.249600575171,0.3045381125226877,0.20323362153779162,0.0,0.4909255898366606,0.4231699939503932,0.4909255898366606,700,0.7,321,0.4909255898366606,0,709,304.5217785843917,0.19585929648241387,0.1303405054362991,0.0,0.3165829145728643,0.2763819095477386,0.3165829145728643,694,0.694,707,0.3165829145728643,0,709,195.73618090452436,0
27,111,2024-03-13,0.31508635564786747,0.31971302996720785,0.0,0.6924428822495606,0.1499041380412206,0.6924428822495606,504,0.504,164,0.6924428822495606,0,509,315.07273526122424,0.20516515426497284,0.20910886825060102,0.0,0.5172413793103449,0.0101330913490623,0.5172413793103449,500,0.5,161,0.5172413793103449,0,509,205.1550211736235,0.15325125628140812,0.15605616360411173,0.0,0.3266331658291457,0.0,0.3266331658291457,494,0.494,172,0.3266331658291457,0,509,153.12814070351865,0
27,112,2024-03-13,0.45139910528838434,0.36226083842679824,0.0,0.8915961016136763,0.706262981306918,0.8915961016136763,615,0.615,24,0.8915961016136763,0,619,451.36239814666897,0.26609467634603684,0.21706974811705745,0.0,0.5505142165759226,0.397156684815487,0.5505142165759226,610,0.61,21,0.5505142165759226,0,619,266.07743496672737,0.1714371859296501,0.1392560638061601,0.0,0.3165829145728643,0.2763819095477386,0.3165829145728643,604,0.604,617,0.3165829145728643,0,619,171.31407035176065,0
27,113,2024-03-13,0.3015313947915009,0.3061783530732083,0.0,0.6670394631730309,0.13991851733503752,0.6670394631730309,504,0.504,187,0.6670394631730309,0,509,301.51833359961654,0.20603236539624917,0.20970633849958048,0.0,0.5090744101633394,0.00892316999395035,0.5090744101633394,500,0.5,181,0.5090744101633394,0,509,206.02041742286735,0.1519547738693478,0.15489177449600194,0.0,0.3266331658291457,0.0,0.3266331658291457,494,0.494,192,0.3266331658291457,0,509,151.83165829145833,0
27,114,2024-03-13,0.43721417159290676,0.35086052613924096,0.0,0.9030995366671992,0.7012302284710018,0.9030995366671992,615,0.615,31,0.9030995366671992,0,619,437.17347020290833,0.25677283726557765,0.21197210592402352,0.0,0.6228070175438597,0.3505747126436781,0.6228070175438597,610,0.61,24,0.6228070175438597,0,619,256.75574712643675,0.17481407035176053,0.1422294371698651,0.0,0.3266331658291457,0.2763819095477386,0.3266331658291457,604,0.604,526,0.3266331658291457,0,619,174.69095477387106,1
27,115,2024-03-13,0.25494080524045365,0.27294147515297285,0.0,0.5806838153059595,0.0,0.5806838153059595,474,0.474,127,0.5806838153059595,0,479,254.92710496884445,0.18411252268602535,0.19747815753738585,0.0,0.4277071990320629,0.0,0.4277071990320629,470,0.47,24,0.4277071990320629,0,479,184.1008771929825,0.13149748743718664,0.14155626159798132,0.0,0.3165829145728643,0.0,0.3165829145728643,464,0.464,477,0.3165829145728643,0,479,131.37437185929716,0
27,117,2024-03-13,0.33395502476433875,0.29966986077974284,0.0,0.6386803003674708,0.4883367950151781,0.6386803003674708,564,0.564,404,0.6386803003674708,0,569,333.94252276721545,0.2746058681185719,0.24889943988251542,0.0,0.5989110707803993,0.4156079854809437,0.5989110707803993,560,0.56,150,0.5989110707803993,0,569,274.59422262552954,0.15730150753768968,0.14161631331689806,0.0,0.3165829145728643,0.271356783919598,0.3165829145728643,553,0.553,567,0.3165829145728643,0,567,157.17839195980022,0
27,118,2024-03-13,0.5400917878255319,0.3060661746191886,0.0,0.7588272887042659,0.7082601054481547,0.7588272887042659,764,0.764,423,0.7588272887042659,0,769,540.0635484901737,0.316603448275862,0.18430580124192986,0.0,0.484875983061101,0.4122807017543859,0.484875983061101,760,0.76,423,0.484875983061101,0,769,316.58923169993983,0.2127738693467361,0.12207922298006843,0.0,0.3165829145728643,0.2864321608040201,0.3165829145728643,753,0.753,767,0.3165829145728643,0,767,212.6507537688466,1
27,119,2024-03-13,0.34386898865633486,0.30847414064668277,0.0,0.6556159130851573,0.5033551685572775,0.6556159130851573,564,0.564,200,0.6556159130851573,0,569,343.854809074933,0.2701346037507571,0.244938499088049,0.0,0.6079854809437386,0.4195402298850574,0.6079854809437386,560,0.56,160,0.6079854809437386,0,569,270.12280701754355,0.15651256281407194,0.1408248475444476,0.0,0.3165829145728643,0.271356783919598,0.3165829145728643,553,0.553,567,0.3165829145728643,0,567,156.38944723618246,0
27,121,2024-03-13,0.5962839111679165,0.34448917679993696,0.0,0.8908771369228311,0.7891835756510625,0.8908771369228311,755,0.755,28,0.8908771369228311,0,779,596.2418517335041,0.3209328493647923,0.1931955681405067,0.0,0.5505142165759226,0.3926194797338173,0.5505142165759226,750,0.75,259,0.5505142165759226,0,779,320.91666666666623,0.22619597989949977,0.13460123612112226,0.0,0.3266331658291457,0.2864321608040201,0.3266331658291457,743,0.743,401,0.3266331658291457,0,777,226.07286432161035,1
27,122,2024-03-13,0.30395542418916727,0.28320274339163715,0.0,0.6046493050007988,0.47611439527081,0.6046493050007988,544,0.544,145,0.6046493050007988,0,549,303.94116472279956,0.2249776164549302,0.2131840921702977,0.0,0.5444646098003629,0.3629764065335753,0.5444646098003629,540,0.54,155,0.5444646098003629,0,549,224.9659709618872,0.15145728643216172,0.1419581891668412,0.0,0.3165829145728643,0.2663316582914573,0.3165829145728643,533,0.533,547,0.3165829145728643,0,547,151.3341708542722,0
27,123,2024-03-13,0.27035812430100614,0.2721132093248501,0.0,0.6000958619587794,0.13884007029876974,0.6000958619587794,504,0.504,141,0.6000958619587794,0,509,270.3428662725673,0.1957059891107079,0.2007529030194202,0.0,0.4969751966122202,0.0068058076225045,0.4969751966122202,500,0.5,181,0.4969751966122202,0,509,195.69434361766452,0.1411557788944724,0.14306965096464563,0.0,0.3165829145728643,0.0,0.3165829145728643,494,0.494,507,0.3165829145728643,0,509,141.0326633165828,0
27,124,2024-03-13,0.3297325451350056,0.295801106383827,0.0,0.6275762901421953,0.4842626617670554,0.6275762901421953,564,0.564,261,0.6275762901421953,0,569,329.71896469084436,0.27586509376890456,0.25065505420980644,0.0,0.5989110707803993,0.4131881427707199,0.5989110707803993,560,0.56,15,0.5989110707803993,0,569,275.8534482758626,0.17581407035176022,0.1587913325110172,0.0,0.3266331658291457,0.2763819095477386,0.3266331658291457,553,0.553,93,0.3266331658291457,0,567,175.69095477387077,0
27,126,2024-03-13,0.27595055120626366,0.277889956561761,0.0,0.607764818661128,0.14295414602971715,0.607764818661128,504,0.504,133,0.607764818661128,0,509,275.93509346540975,0.1877244404113726,0.19002146642360068,0.0,0.4367816091954023,0.0068058076225045,0.4367816091954023,500,0.5,142,0.4367816091954023,0,509,187.71415607985494,0.14030150753768922,0.14214548268951152,0.0,0.3165829145728643,0.0,0.3165829145728643,494,0.494,507,0.3165829145728643,0,509,140.17839195979968,0
27,128,2024-03-13,0.2846299728391114,0.306721914951934,0.0,0.6748681898066784,0.0,0.6748681898066784,474,0.474,236,0.6748681898066784,0,479,284.61411567343015,0.17662946158499748,0.19288367364263476,0.0,0.4667271627344223,0.0,0.4667271627344223,470,0.47,229,0.4667271627344223,0,479,176.619479733817,0.14040201005025216,0.15189570848082595,0.0,0.3266331658291457,0.0,0.3266331658291457,464,0.464,242,0.3266331658291457,0,479,140.27889447236268,0
27,157,2024-03-13,0.22772767215210013,0.2816507238789717,0.0,0.6162326250199712,0.0,0.6162326250199712,404,0.404,189,0.6162326250199712,0,409,227.71800607125695,0.1423366606170596,0.17782557789497774,0.0,0.4186327888687235,0.0,0.4186327888687235,400,0.4,179,0.4186327888687235,0,409,142.32924984875962,0.0,0.0,0.0,0.0,0.0,0.0,0,0.0,0,0.0,-1,-1,0.0,0
