"Car Body","Welding Spot","Date","current_mean","current_std","current_min","current_max","current_median","current_range","current_non_zero_count","current_non_zero_ratio","current_peak_position","current_peak_value","current_first_non_zero","current_last_non_zero","current_area","voltage_mean","voltage_std","voltage_min","voltage_max","voltage_median","voltage_range","voltage_non_zero_count","voltage_non_zero_ratio","voltage_peak_position","voltage_peak_value","voltage_first_non_zero","voltage_last_non_zero","voltage_area","force_mean","force_std","force_min","force_max","force_median","force_range","force_non_zero_count","force_non_zero_ratio","force_peak_position","force_peak_value","force_first_non_zero","force_last_non_zero","force_area","Fault"
"0","9","2023-06-13","0.3064456782233591","0.3100438089372303","0.0","0.6753474996005752","0.14299408851254192","0.6753474996005752","504","0.504","500","0.6753474996005752","0","509","306.431139159611","0.2128091349062313","0.21621971203826937","0.0","0.5381125226860254","0.0083182093163944","0.5381125226860254","500","0.5","130","0.5381125226860254","0","509","212.7986993345431","0.14040201005025219","0.14232131670255707","0.0","0.3266331658291457","0.0","0.3266331658291457","494","0.494","507","0.3266331658291457","0","509","140.2788944723627","1"
"0","10","2023-06-13","0.5005714171592907","0.3289709933007044","0.0","0.889998402300687","0.7014698833679501","0.889998402300687","705","0.705","16","0.889998402300687","0","719","500.52955743728967","0.3095710828796131","0.20682560894697966","0.0","0.5471869328493648","0.4228675136116152","0.5471869328493648","700","0.7","49","0.5471869328493648","0","719","309.55399274047096","0.1966130653266352","0.13106276414469792","0.0","0.3165829145728643","0.2864321608040201","0.3165829145728643","694","0.694","717","0.3165829145728643","0","719","196.48994974874532","1"
"0","93","2023-06-13","0.3196259785908266","0.3248136252083091","0.0","0.7144911327688129","0.1512621824572615","0.7144911327688129","504","0.504","359","0.7144911327688129","0","509","319.6119987218392","0.1953956442831221","0.20179678805452025","0.0","0.4939503932244404","0.0096793708408953","0.4939503932244404","500","0.5","170","0.4939503932244404","0","509","195.3859649122807","0.14550251256281524","0.14805294024204807","0.0","0.3266331658291457","0.0","0.3266331658291457","494","0.494","364","0.3266331658291457","0","509","145.37939698492576","1"
"1","1","2023-06-14","0.4700586355647842","0.3092997120478306","0.0","0.7107365393832881","0.6688768173829686","0.7107365393832881","704","0.704","692","0.7107365393832881","0","709","470.0307956542598","0.32081730187537755","0.21319195917236744","0.0","0.4969751966122202","0.455837870538415","0.4969751966122202","700","0.7","43","0.4969751966122202","0","709","320.80081669691464","0.19846733668341757","0.13218239071273835","0.0","0.3165829145728643","0.2864321608040201","0.3165829145728643","694","0.694","707","0.3165829145728643","0","709","198.34422110552785","1"
"1","10","2023-06-14","0.5034930500079877","0.33105636121612486","0.0","0.8876018533312031","0.7066624061351654","0.8876018533312031","705","0.705","37","0.8876018533312031","0","719","503.4530276401984","0.3036427707199042","0.20299066745745825","0.0","0.5774349667271628","0.4098608590441621","0.5774349667271628","700","0.7","37","0.5774349667271628","0","719","303.62477313974654","0.1997286432160802","0.1333225098929305","0.0","0.3165829145728643","0.2864321608040201","0.3165829145728643","694","0.694","717","0.3165829145728643","0","719","199.60552763819052","1"
"1","66","2023-06-14","0.3640892315066303","0.3020366996359849","0.0","0.6516216648026841","0.482984502316664","0.6516216648026841","603","0.603","353","0.6516216648026841","0","609","364.07648985460935","0.26664882032667836","0.22401403503601766","0.0","0.5653357531760436","0.3923169993950393","0.5653357531760436","600","0.6","133","0.5653357531760436","0","609","266.64337568058073","0.0","0.0","0.0","0.0","0.0","0.0","0","0.0","0","0.0","-1","-1","0.0","1"
"1","84","2023-06-14","0.42011567343026024","0.3379581135430744","0.0","0.8937529956862118","0.6694360121425148","0.8937529956862118","615","0.615","45","0.8937529956862118","0","629","420.0753714650899","0.2854428312159689","0.2326954166588716","0.0","0.6957047791893527","0.4419237749546279","0.6957047791893527","610","0.61","45","0.6957047791893527","0","629","285.42513611615124","0.17233165829145833","0.13982059339891945","0.0","0.3165829145728643","0.271356783919598","0.3165829145728643","604","0.604","627","0.3165829145728643","0","629","172.20854271356885","1"
"2","84","2023-06-14","0.4180071896469078","0.33634388007742155","0.0","0.8915961016136763","0.6678383128295254","0.8915961016136763","615","0.615","43","0.8915961016136763","0","629","417.96700750918666","0.2865163339382939","0.23348448479845715","0.0","0.6833030852994555","0.4422262552934059","0.6833030852994555","610","0.61","40","0.6833030852994555","0","629","286.4989413188138","0.17262311557789023","0.14007127298673225","0.0","0.3165829145728643","0.271356783919598","0.3165829145728643","604","0.604","627","0.3165829145728643","0","629","172.50000000000045","1"
"2","130","2023-06-14","0.2930438568461415","0.29673652091360075","0.0","0.6290142195238856","0.13496564946477072","0.6290142195238856","504","0.504","295","0.6290142195238856","0","509","293.0289982425305","0.21723351482153633","0.22154677901217415","0.0","0.5444646098003629","0.0084694494857834","0.5444646098003629","500","0.5","128","0.5444646098003629","0","509","217.22186932849354","0.1396984924623128","0.14154593471753124","0.0","0.3165829145728643","0.0","0.3165829145728643","494","0.494","507","0.3165829145728643","0","509","139.57537688442335","1"
"3","84","2023-06-21","0.4175864355328317","0.3359875988855791","0.0","0.8935133407892635","0.6656814187569899","0.8935133407892635","615","0.615","49","0.8935133407892635","0","629","417.5479309793894","0.28694252873563103","0.233866111272403","0.0","0.6957047791893527","0.4473684210526316","0.6957047791893527","610","0.61","43","0.6957047791893527","0","629","286.9248336358129","0.17254271356783987","0.13999580668089653","0.0","0.3165829145728643","0.271356783919598","0.3165829145728643","604","0.604","627","0.3165829145728643","0","629","172.41959798995032","1"
"4","84","2023-06-21","0.4144399265058304","0.3335318797477144","0.0","0.8890397827128934","0.6588911966767854","0.8890397827128934","615","0.615","48","0.8890397827128934","0","629","414.3998641955596","0.28874440411373364","0.23499034694849505","0.0","0.6987295825771325","0.4491833030852994","0.6987295825771325","610","0.61","48","0.6987295825771325","0","629","288.7267090139143","0.17344723618090463","0.14075032817884542","0.0","0.3165829145728643","0.271356783919598","0.3165829145728643","604","0.604","627","0.3165829145728643","0","629","173.32412060301507","1"
"5","62","2023-06-22","0.3185894711615263","0.3108172525619196","0.0","0.6619268253714651","0.47164083719444","0.6619268253714651","523","0.523","256","0.6619268253714651","0","529","318.57125738935855","0.2041445856019357","0.2007361775358488","0.0","0.5353901996370236","0.32410768300060494","0.5353901996370236","520","0.52","136","0.5353901996370236","0","529","204.13309134906208","0.14546733668341844","0.14154961828634102","0.0","0.3165829145728643","0.271356783919598","0.3165829145728643","514","0.514","527","0.3165829145728643","0","529","145.34422110552896","1"
"5","73","2023-06-22","0.5109035788464612","0.3370692916406545","0.0","0.7696117590669436","0.7394152420514459","0.7696117590669436","704","0.704","379","0.7696117590669436","0","709","510.87641795813903","0.34855505142165655","0.23263952198270538","0.0","0.5955837870538415","0.4673321234119782","0.5955837870538415","700","0.7","129","0.5955837870538415","0","709","348.5411373260725","0.19697487437186165","0.13091400307108392","0.0","0.3165829145728643","0.2864321608040201","0.3165829145728643","694","0.694","707","0.3165829145728643","0","709","196.85175879397218","1"
"5","84","2023-06-22","0.41940301965169996","0.33736205801395713","0.0","0.8948713852053044","0.6703147467646589","0.8948713852053044","615","0.615","30","0.8948713852053044","0","629","419.3626777440478","0.28542316999394834","0.23276044698742943","0.0","0.6712038717483364","0.4395039322444041","0.6712038717483364","610","0.61","23","0.6712038717483364","0","629","285.4060798548092","0.17311557788944731","0.14049189936982318","0.0","0.3165829145728643","0.271356783919598","0.3165829145728643","604","0.604","627","0.3165829145728643","0","629","172.99246231155746","1"
"5","120","2023-06-22","0.27337458060393116","0.2949919443139992","0.0","0.6522607445278799","0.0","0.6522607445278799","474","0.474","221","0.6522607445278799","0","479","273.3605208499761","0.21640078644888114","0.23339676671895487","0.0","0.5414398064125832","0.0","0.5414398064125832","470","0.47","131","0.5414398064125832","0","479","216.38808227465262","0.14051256281407135","0.15214355663885668","0.0","0.3266331658291457","0.0","0.3266331658291457","464","0.464","228","0.3266331658291457","0","479","140.38944723618187","1"
"7","73","2022-06-16","0.42277696117590613","0.34019220975205017","0.0","0.8964690845182937","0.6749480747723279","0.8964690845182937","614","0.614","26","0.8964690845182937","0","629","422.73829685253247","0.2917997580157295","0.24105950486954525","0.0","0.7713248638838476","0.4385964912280701","0.7713248638838476","610","0.61","23","0.7713248638838476","0","629","291.77707199032056","0.0","0.0","0.0","0.0","0.0","0.0","0","0.0","0","0.0","-1","-1","0.0","1"
"7","84","2022-06-16","0.42374420833998955","0.3407819284503077","0.0","0.8925547212014698","0.6719923310432977","0.8925547212014698","615","0.615","34","0.8925547212014698","0","629","423.70398625978703","0.2836176648517837","0.23232277545161584","0.0","0.7138535995160314","0.4395039322444041","0.7138535995160314","610","0.61","24","0.7138535995160314","0","629","283.60087719298247","0.0","0.0","0.0","0.0","0.0","0.0","0","0.0","0","0.0","-1","-1","0.0","1"
"7","138","2022-06-16","0.46658723438249045","0.28469462346549074","0.0","0.729110081482665","0.6318900782872663","0.729110081482665","735","0.735","72","0.729110081482665","0","759","466.5658252116934","0.3255093768905025","0.20321730405427016","0.0","0.5716878402903811","0.41802782819116757","0.5716878402903811","730","0.73","32","0.5716878402903811","0","759","325.4915305505145","0.0","0.0","0.0","0.0","0.0","0.0","0","0.0","0","0.0","-1","-1","0.0","1"
"8","73","2022-06-30","0.432368429461574","0.3474505744263165","0.0","0.8926346061671193","0.6896469084518294","0.8926346061671193","615","0.615","40","0.8926346061671193","0","629","432.3264499121261","0.2920060496067734","0.23910575166986728","0.0","0.6957047791893527","0.4419237749546279","0.6957047791893527","610","0.61","20","0.6957047791893527","0","629","291.9842710223824","0.0","0.0","0.0","0.0","0.0","0.0","0","0.0","0","0.0","-1","-1","0.0","1"
"8","84","2022-06-30","0.4259702029078115","0.34251318166748285","0.0","0.886723118709059","0.6737498002875859","0.886723118709059","615","0.615","34","0.886723118709059","0","629","425.9300607125736","0.28210163339382954","0.23023921473328934","0.0","0.6896551724137931","0.440713853599516","0.6896551724137931","610","0.61","31","0.6896551724137931","0","629","282.08408953418143","0.0","0.0","0.0","0.0","0.0","0.0","0","0.0","0","0.0","-1","-1","0.0","1"
"9","73","2022-08-26","0.4253811311711126","0.34215738717371835","0.0","0.891196676785429","0.681498641955584","0.891196676785429","615","0.615","30","0.891196676785429","0","629","425.34094903339144","0.28869388989715666","0.2383286672705522","0.0","0.7652752571082879","0.4349667271627344","0.7652752571082879","610","0.61","26","0.7652752571082879","0","629","288.6715063520876","0.0","0.0","0.0","0.0","0.0","0.0","0","0.0","0","0.0","-1","-1","0.0","1"
"12","73","2022-10-14","0.4640397827128948","0.37229082425377774","0.0","0.8996644831442723","0.7444479948873622","0.8996644831442723","615","0.615","11","0.8996644831442723","0","629","463.9974436810993","0.2888324258923167","0.23528412952130753","0.0","0.6712038717483364","0.4422262552934059","0.6712038717483364","610","0.61","44","0.6712038717483364","0","629","288.81019358741634","0.0","0.0","0.0","0.0","0.0","0.0","0","0.0","0","0.0","-1","-1","0.0","1"
"17","34","2024-01-31","0.36832489215529624","0.30627381069295284","0.0","0.6805400223677904","0.4843824892155296","0.6805400223677904","603","0.603","580","0.6805400223677904","0","609","368.3075571177501","0.24569298245613982","0.20694260119429353","0.0","0.4909255898366606","0.3402903811252268","0.4909255898366606","600","0.6","147","0.4909255898366606","0","609","245.68148820326635","0.17043216080402035","0.14136571953600685","0.0","0.3266331658291457","0.2663316582914573","0.3266331658291457","594","0.594","586","0.3266331658291457","0","609","170.30904522613085","1"
"17","63","2024-01-31","0.364423949512702","0.30300502239953525","0.0","0.6556159130851573","0.4808276082441284","0.6556159130851573","603","0.603","607","0.6556159130851573","0","609","364.40597539543086","0.2783082274652156","0.2328137209028758","0.0","0.5807622504537205","0.425892316999395","0.5807622504537205","600","0.6","140","0.5807622504537205","0","609","278.2968844525108","0.16827135678392138","0.1395758657050572","0.0","0.3165829145728643","0.271356783919598","0.3165829145728643","594","0.594","607","0.3165829145728643","0","609","168.14824120603194","1"
"17","64","2024-01-31","0.28906790222080153","0.31313015719886356","0.0","0.7037865473717846","0.0","0.7037865473717846","474","0.474","449","0.7037865473717846","0","479","289.0527240773292","0.16296430732002448","0.17491513066621955","0.0","0.4277071990320629","0.0","0.4277071990320629","470","0.47","129","0.4277071990320629","0","479","162.95432546884544","0.1383366834170861","0.15369058663198185","0.0","0.5025125628140703","0.0","0.5025125628140703","464","0.464","445","0.5025125628140703","0","479","138.21356783919663","1"
"17","73","2024-01-31","0.49309554241891623","0.3256583690562173","0.0","0.7408531714331363","0.7145710177344624","0.7408531714331363","704","0.704","514","0.7408531714331363","0","709","493.0707780795646","0.3447208106473074","0.23117752426953073","0.0","0.6382335148215366","0.4579552329098608","0.6382335148215366","700","0.7","28","0.6382335148215366","0","709","344.70462794918285","0.20050251256281423","0.13344353332571024","0.0","0.3165829145728643","0.2864321608040201","0.3165829145728643","694","0.694","707","0.3165829145728643","0","709","200.37939698492423","1"
"17","75","2024-01-31","0.5085643872823141","0.3360000495810522","0.0","0.7784789902540342","0.7387761623262502","0.7784789902540342","704","0.704","642","0.7784789902540342","0","709","508.53694679661226","0.30612008469449536","0.20591391927407113","0.0","0.5","0.4192377495462795","0.5","700","0.7","223","0.5","0","709","306.10541439806417","0.1990703517587963","0.13272637976893872","0.0","0.3266331658291457","0.2864321608040201","0.3266331658291457","694","0.694","648","0.3266331658291457","0","709","198.9472361809068","1"
"17","103","2024-01-31","0.5638393513340801","0.34458043887625583","0.0","0.8915961016136763","0.7692123342386963","0.8915961016136763","734","0.734","45","0.8915961016136763","0","749","563.7991691963568","0.35640532365396377","0.23195548683347028","0.0","0.8499697519661222","0.4364791288566243","0.8499697519661222","730","0.73","48","0.8499697519661222","0","749","356.3886872353293","0.20564824120603267","0.12709239376777226","0.0","0.3165829145728643","0.2864321608040201","0.3165829145728643","724","0.724","747","0.3165829145728643","0","749","205.5251256281432","1"
"20","84","2024-02-06","0.414201230228468","0.33346958807251276","0.0","0.902380571976354","0.6546572934973638","0.902380571976354","615","0.615","36","0.902380571976354","0","629","414.1623262501999","0.2927214156079838","0.24304716728891054","0.0","0.8194192377495463","0.4434361766485178","0.8194192377495463","610","0.61","29","0.8194192377495463","0","629","292.7038717483349","0.17328140703517617","0.14060977772968752","0.0","0.3165829145728643","0.271356783919598","0.3165829145728643","604","0.604","627","0.3165829145728643","0","629","173.1582914572866","1"
"20","108","2024-02-06","0.4392531554561433","0.29112078971194943","0.0","0.6752676146349257","0.6355647867071417","0.6752676146349257","703","0.703","606","0.6752676146349257","0","709","439.22934973637945","0.3743832425892312","0.2560468927423097","0.0","0.7286751361161524","0.4830611010284331","0.7286751361161524","700","0.7","164","0.7286751361161524","0","709","374.37038717483347","0.19794472361809087","0.1338020375513682","0.0","1.0","0.271356783919598","1.0","694","0.694","241","1.0","0","709","197.82160804020126","1"
"20","114","2024-02-06","0.4270111040102233","0.34298179028826536","0.0","0.9072535548809714","0.6830963412685732","0.9072535548809714","615","0.615","38","0.9072535548809714","0","619","426.97020290781256","0.25750423472474243","0.21471146627519827","0.0","0.6742286751361162","0.3306110102843315","0.6742286751361162","610","0.61","22","0.6742286751361162","0","619","257.4871445856019","0.17627638190954928","0.14362111103441344","0.0","0.3266331658291457","0.2763819095477386","0.3266331658291457","604","0.604","484","0.3266331658291457","0","619","176.1532663316598","1"
"21","10","2024-02-06","0.4887721680779638","0.3216982511079271","0.0","0.8904777120945838","0.6843745007189647","0.8904777120945838","705","0.705","26","0.8904777120945838","0","719","488.73202588272966","0.31438445251058655","0.21010948483864042","0.0","0.5774349667271628","0.425892316999395","0.5774349667271628","700","0.7","49","0.5774349667271628","0","719","314.3664549304297","0.19880402010050285","0.13268502905920151","0.0","0.3165829145728643","0.2864321608040201","0.3165829145728643","694","0.694","717","0.3165829145728643","0","719","198.6809045226131","1"
"21","60","2024-02-06","0.49316879693241616","0.32560523609893943","0.0","0.7513979868988656","0.6895670234861799","0.7513979868988656","704","0.704","627","0.7513979868988656","0","709","493.1422751238204","0.2936606170598894","0.19626505974966027","0.0","0.469751966122202","0.4125831820931639","0.469751966122202","700","0.7","94","0.469751966122202","0","709","293.6450393224437","0.19948743718593165","0.13322145382292283","0.0","0.3266331658291457","0.2864321608040201","0.3266331658291457","694","0.694","633","0.3266331658291457","0","709","199.36432160804216","1"
"21","77","2024-02-06","0.48849744368109704","0.32158127529664043","0.0","0.7456462693721042","0.7047451669595782","0.7456462693721042","704","0.704","684","0.7456462693721042","0","709","488.46968365553596","0.29295462794918353","0.1950837197820684","0.0","0.4667271627344223","0.4098608590441621","0.4667271627344223","700","0.7","183","0.4667271627344223","0","709","292.9381427707196","0.19813065326633347","0.13191512943443065","0.0","0.3266331658291457","0.2864321608040201","0.3266331658291457","694","0.694","691","0.3266331658291457","0","709","198.007537688444","1"
"21","103","2024-02-06","0.5408473398306443","0.33055503955911814","0.0","0.899105288384726","0.7298290461735102","0.899105288384726","734","0.734","49","0.899105288384726","0","749","540.8067982105763","0.3515051421657603","0.2307411952566009","0.0","0.8796128251663642","0.4292196007259528","0.8796128251663642","730","0.73","49","0.8796128251663642","0","749","351.48790078644925","0.20569849246231406","0.12714636815249766","0.0","0.3165829145728643","0.2864321608040201","0.3165829145728643","724","0.724","747","0.3165829145728643","0","749","205.5753768844246","1"
"21","105","2024-02-06","0.499603131490653","0.33037467290999273","0.0","0.7605048729829046","0.7217606646429142","0.7605048729829046","704","0.704","657","0.7605048729829046","0","709","499.5762901421939","0.30026315789473534","0.20142408257602668","0.0","0.4818511796733212","0.4098608590441621","0.4818511796733212","700","0.7","297","0.4818511796733212","0","709","300.24894131881314","0.19795979899497723","0.13193560537075036","0.0","0.3266331658291457","0.2864321608040201","0.3266331658291457","694","0.694","665","0.3266331658291457","0","709","197.83668341708773","1"
"22","7","2024-02-14","0.5000211695158973","0.32907437265252437","0.0","0.886723118709059","0.6954785109442403","0.886723118709059","705","0.705","30","0.886723118709059","0","719","499.9846620865951","0.2900278281911689","0.1951691951139871","0.0","0.5716878402903811","0.3832425892316999","0.5716878402903811","700","0.7","44","0.5716878402903811","0","719","290.00998185118004","0.20090452261306438","0.1337889658629672","0.0","0.3165829145728643","0.2864321608040201","0.3165829145728643","694","0.694","717","0.3165829145728643","0","719","200.7814070351748","1"
"22","9","2024-02-14","0.31270514459178705","0.3167868050802702","0.0","0.6834957660968206","0.1433935133407892","0.6834957660968206","504","0.504","456","0.6834957660968206","0","509","312.69040581562564","0.2083614640048401","0.21208208388591904","0.0","0.5232909860859044","0.0081669691470054","0.5232909860859044","500","0.5","130","0.5232909860859044","0","509","208.35133091349087","0.14128140703517705","0.14372226292886012","0.0","0.3266331658291457","0.0","0.3266331658291457","493","0.493","462","0.3266331658291457","0","507","141.15829145728762","1"
"22","47","2024-02-14","0.4898878415082262","0.32303936029035907","0.0","0.7454864994408053","0.6957181658411887","0.7454864994408053","704","0.704","656","0.7454864994408053","0","709","489.8615593545287","0.2902301875378102","0.19400981971400644","0.0","0.4667271627344223","0.4044162129461585","0.4667271627344223","700","0.7","276","0.4667271627344223","0","709","290.21370235934717","0.19912060301507709","0.13278226498937856","0.0","0.3266331658291457","0.2864321608040201","0.3266331658291457","694","0.694","661","0.3266331658291457","0","709","198.9974874371876","1"
"22","52","2024-02-14","0.324449273046813","0.31577382947060684","0.0","0.6799808276082441","0.4960057517175267","0.6799808276082441","524","0.524","370","0.6799808276082441","0","529","324.43597220003215","0.20647519661222","0.205530449082958","0.0","0.5290381125226861","0.3049001814882032","0.5290381125226861","520","0.52","133","0.5290381125226861","0","529","206.46385359951566","0.15128140703517706","0.1482141168503422","0.0","0.3266331658291457","0.271356783919598","0.3266331658291457","513","0.513","377","0.3266331658291457","0","527","151.15829145728762","1"
"22","60","2024-02-14","0.4918658731426752","0.32450261156550264","0.0","0.7492410928263301","0.6963572455663845","0.7492410928263301","704","0.704","708","0.7492410928263301","0","709","491.8394312190441","0.293317604355715","0.19465330304501882","0.0","0.4637023593466424","0.4107683000604961","0.4637023593466424","700","0.7","235","0.4637023593466424","0","709","293.3012704174227","0.1971457286432179","0.1311956442234487","0.0","0.3165829145728643","0.2864321608040201","0.3165829145728643","694","0.694","707","0.3165829145728643","0","709","197.0226130653284","1"
"22","73","2024-02-14","0.49389598977472476","0.32573973867858746","0.0","0.7415721361239814","0.7154497523566065","0.7415721361239814","704","0.704","700","0.7415721361239814","0","709","493.86982744847415","0.3472205081669712","0.23269698065106828","0.0","0.6137326073805203","0.4621899576527525","0.6137326073805203","700","0.7","40","0.6137326073805203","0","709","347.2049304295214","0.19874371859296566","0.13224136299362582","0.0","0.3165829145728643","0.2864321608040201","0.3165829145728643","694","0.694","707","0.3165829145728643","0","709","198.62060301507597","1"
"22","84","2024-02-14","0.41884070937849405","0.33708765166101784","0.0","0.8974277041060872","0.6652021089630932","0.8974277041060872","615","0.615","21","0.8974277041060872","0","629","418.8002476433924","0.28692770719903377","0.23424090776107584","0.0","0.677555958862674","0.441016333938294","0.677555958862674","610","0.61","18","0.677555958862674","0","629","286.91046581972273","0.17334673366834188","0.14068485016153337","0.0","0.3165829145728643","0.271356783919598","0.3165829145728643","604","0.604","627","0.3165829145728643","0","629","173.22361809045236","1"
"22","103","2024-02-14","0.4976649624540617","0.30547451561172473","0.0","0.8948713852053044","0.6658411886882889","0.8948713852053044","734","0.734","32","0.8948713852053044","0","749","497.62446077648167","0.349409860859044","0.23595373928175833","0.0","0.9458560193587416","0.4171203871748336","0.9458560193587416","730","0.73","29","0.9458560193587416","0","749","349.3932244404105","0.20657788944723793","0.12783025937839196","0.0","0.3165829145728643","0.2864321608040201","0.3165829145728643","724","0.724","747","0.3165829145728643","0","749","206.45477386934832","1"
"22","105","2024-02-14","0.5002446077648165","0.33115332524572466","0.0","0.7674548649944081","0.7298290461735102","0.7674548649944081","704","0.704","323","0.7674548649944081","0","709","500.2160488895982","0.2949455535390206","0.20105180185875837","0.0","0.5030248033877798","0.382032667876588","0.5030248033877798","700","0.7","270","0.5030248033877798","0","709","294.92982456140385","0.20252261306532893","0.13555762315422262","0.0","0.3266331658291457","0.2864321608040201","0.3266331658291457","694","0.694","551","0.3266331658291457","0","709","202.39949748743942","1"
"22","118","2024-02-14","0.5357799169196341","0.30351471073361436","0.0","0.7652979709218725","0.696277360600735","0.7652979709218725","764","0.764","523","0.7652979709218725","0","769","535.7514379293805","0.28765124016939","0.16880430494617385","0.0","0.4519056261343013","0.3342407743496672","0.4519056261343013","760","0.76","340","0.4519056261343013","0","769","287.63611615245003","0.22306030150753928","0.1292967537841833","0.0","0.3266331658291457","0.2864321608040201","0.3266331658291457","753","0.753","528","0.3266331658291457","0","767","222.93718592964976","1"
"23","60","2024-02-14","0.48723853650742965","0.32147295847355756","0.0","0.7464451190285988","0.6878894392075411","0.7464451190285988","704","0.704","637","0.7464451190285988","0","709","487.212214411248","0.2952622504537195","0.19724164182138368","0.0","0.469751966122202","0.4198427102238354","0.469751966122202","700","0.7","237","0.469751966122202","0","709","295.2475801572897","0.19931658291457482","0.13303958213967262","0.0","0.3266331658291457","0.2864321608040201","0.3266331658291457","694","0.694","643","0.3266331658291457","0","709","199.19346733668536","1"
"23","67","2024-02-14","0.3016525802843909","0.3058370877366554","0.0","0.6616871704745168","0.13488576449912126","0.6616871704745168","504","0.504","158","0.6616871704745168","0","509","301.638320818022","0.20828191167574042","0.2120594477216186","0.0","0.5290381125226861","0.0081669691470054","0.5290381125226861","500","0.5","131","0.5290381125226861","0","509","208.2705686630363","0.15361809045226238","0.1564152265215911","0.0","0.3266331658291457","0.0","0.3266331658291457","494","0.494","163","0.3266331658291457","0","509","153.4949748743729","1"
"23","73","2024-02-14","0.4938258507748834","0.32583972813822154","0.0","0.7404537466048889","0.7172072216008947","0.7404537466048889","704","0.704","668","0.7404537466048889","0","709","493.79972839111497","0.34655898366606197","0.23217455205390164","0.0","0.6019358741681791","0.4624924379915305","0.6019358741681791","700","0.7","42","0.6019358741681791","0","709","346.5424984875983","0.19842211055276476","0.13203213294190344","0.0","0.3165829145728643","0.2864321608040201","0.3165829145728643","694","0.694","707","0.3165829145728643","0","709","198.29899497487486","1"
"23","75","2024-02-14","0.4958801725515262","0.3271493413202571","0.0","0.7590669436012143","0.7174468764978431","0.7590669436012143","704","0.704","675","0.7590669436012143","0","709","495.85341108803385","0.3039885057471264","0.20308753578930286","0.0","0.4939503932244404","0.4219600725952813","0.4939503932244404","700","0.7","218","0.4939503932244404","0","709","303.97398669086624","0.19737688442211287","0.13144951761962587","0.0","0.3266331658291457","0.2864321608040201","0.3266331658291457","694","0.694","681","0.3266331658291457","0","709","197.25376884422337","1"
"23","81","2024-02-14","0.3193329605368275","0.31154678242416056","0.0","0.6838951909250679","0.4746764658891196","0.6838951909250679","524","0.524","181","0.6838951909250679","0","529","319.31957980508093","0.2006875378100424","0.1980221130264254","0.0","0.5090744101633394","0.294615849969752","0.5090744101633394","520","0.52","142","0.5090744101633394","0","529","200.67558983666117","0.15933668341708662","0.15590615129595872","0.0","0.3266331658291457","0.271356783919598","0.3266331658291457","514","0.514","187","0.3266331658291457","0","529","159.21356783919717","1"
"23","84","2024-02-14","0.4394051765457755","0.35307846787967606","0.0","0.9007029876977153","0.7099376897267934","0.9007029876977153","615","0.615","34","0.9007029876977153","0","629","439.3663524524676","0.28386902601330866","0.232343578044756","0.0","0.7078039927404719","0.441318814277072","0.7078039927404719","610","0.61","21","0.7078039927404719","0","629","283.85102843315207","0.1712361809045245","0.1387963190119179","0.0","0.3165829145728643","0.2763819095477386","0.3165829145728643","604","0.604","627","0.3165829145728643","0","629","171.11306532663502","1"
"23","104","2024-02-14","0.3708921552963734","0.3091663443565708","0.0","0.6841348458220163","0.4801885285189327","0.6841348458220163","603","0.603","603","0.6841348458220163","0","609","370.8733823294463","0.2386563823351499","0.20107161047252037","0.0","0.4488808227465214","0.2949183303085299","0.4488808227465214","600","0.6","267","0.4488808227465214","0","609","238.64503932244466","0.1676180904522629","0.1387975052220759","0.0","0.3165829145728643","0.271356783919598","0.3165829145728643","594","0.594","607","0.3165829145728643","0","609","167.49497487437338","1"
"23","118","2024-02-14","0.5460758907173673","0.30976418586828114","0.0","0.7849496724716408","0.714171592906215","0.7849496724716408","764","0.764","567","0.7849496724716408","0","769","546.0482105767717","0.2888091349062314","0.169088317807612","0.0","0.4519056261343013","0.3342407743496672","0.4519056261343013","760","0.76","420","0.4519056261343013","0","769","288.79401088929166","0.22112562814070544","0.12799321337529795","0.0","0.3266331658291457","0.2864321608040201","0.3266331658291457","753","0.753","573","0.3266331658291457","0","767","221.00251256281598","1"
"23","121","2024-02-14","0.6184618948713824","0.357384186628837","0.0","0.8918357565106247","0.82537146509027","0.8918357565106247","755","0.755","44","0.8918357565106247","0","779","618.4199552644195","0.31357441016333953","0.18877336066605924","0.0","0.5263157894736842","0.3774954627949183","0.5263157894736842","750","0.75","204","0.5263157894736842","0","779","313.55792498487506","0.22391457286432404","0.13321422454251705","0.0","0.3266331658291457","0.2864321608040201","0.3266331658291457","743","0.743","452","0.3266331658291457","0","777","223.7914572864346","1"
"24","4","2024-02-21","0.2955355488097139","0.28763968913684856","0.0","0.6360440965010385","0.4514299408851254","0.6360440965010385","523","0.523","520","0.6360440965010385","0","529","295.51685572775193","0.20456533575317565","0.2033903513897346","0.0","0.5414398064125832","0.3203266787658802","0.5414398064125832","520","0.52","136","0.5414398064125832","0","529","204.55580762250426","0.1467638190954773","0.14297904778622647","0.0","0.3165829145728643","0.2663316582914573","0.3165829145728643","514","0.514","527","0.3165829145728643","0","529","146.6407035175878","1"
"24","73","2024-02-21","0.4904866592107363","0.3235063782892238","0.0","0.7450071896469085","0.7069819459977632","0.7450071896469085","704","0.704","707","0.7450071896469085","0","709","490.4603770570381","0.34720477918935083","0.23296802707015749","0.0","0.6228070175438597","0.4615849969751966","0.6228070175438597","700","0.7","33","0.6228070175438597","0","709","347.1902601330909","0.20051256281406993","0.13345814091648478","0.0","0.3165829145728643","0.2864321608040201","0.3165829145728643","694","0.694","707","0.3165829145728643","0","709","200.38944723618025","1"
"24","84","2024-02-21","0.4186429940885143","0.33687362638319535","0.0","0.8951110401022527","0.6652021089630932","0.8951110401022527","615","0.615","24","0.8951110401022527","0","629","418.60440965010343","0.2860166364186326","0.2327746975754913","0.0","0.6742286751361162","0.4443436176648518","0.6742286751361162","610","0.61","48","0.6742286751361162","0","629","285.9995462794912","0.1730653266331662","0.14044955544359078","0.0","0.3165829145728643","0.271356783919598","0.3165829145728643","604","0.604","627","0.3165829145728643","0","629","172.9422110552767","1"
"25","73","2024-02-28","0.4938919955264415","0.32596580421110716","0.0","0.7482824732385365","0.713133088352772","0.7482824732385365","704","0.704","697","0.7482824732385365","0","709","493.86559354529345","0.34437840290381116","0.2310116648751535","0.0","0.6200846944948578","0.4594676346037507","0.6200846944948578","700","0.7","31","0.6200846944948578","0","709","344.36267392619436","0.20087437185929619","0.1337022781569719","0.0","0.3165829145728643","0.2864321608040201","0.3165829145728643","694","0.694","707","0.3165829145728643","0","709","200.75125628140637","1"
"25","75","2024-02-28","0.5090225275603139","0.3366340973664049","0.0","0.7787186451509825","0.7390158172231986","0.7787186451509825","704","0.704","233","0.7787186451509825","0","709","508.99504713213105","0.3025686630369026","0.20248899112499236","0.0","0.5060496067755595","0.4162129461584997","0.5060496067755595","700","0.7","213","0.5060496067755595","0","709","302.55384150030227","0.1981055276381933","0.13197419530942361","0.0","0.3266331658291457","0.2864321608040201","0.3266331658291457","694","0.694","668","0.3266331658291457","0","709","197.98241206030383","1"
"25","77","2024-02-28","0.4872581882089791","0.32121843299037883","0.0","0.7482824732385365","0.6984342546732705","0.7482824732385365","704","0.704","617","0.7482824732385365","0","709","487.2303083559656","0.2894800362976406","0.19426661670575987","0.0","0.4667271627344223","0.4098608590441621","0.4667271627344223","700","0.7","144","0.4667271627344223","0","709","289.46536600121","0.2002613065326654","0.13372520194643686","0.0","0.3266331658291457","0.2864321608040201","0.3266331658291457","694","0.694","624","0.3266331658291457","0","709","200.13819095477592","1"
"25","78","2024-02-28","0.47399376897267803","0.31240469281100297","0.0","0.7318261703147467","0.6743888800127816","0.7318261703147467","704","0.704","630","0.7318261703147467","0","709","473.96509027001144","0.2882565033272844","0.19308620589553993","0.0","0.4519056261343013","0.4125831820931639","0.4519056261343013","700","0.7","224","0.4519056261343013","0","709","288.240623109497","0.20219095477386928","0.13503890839358718","0.0","0.3266331658291457","0.2864321608040201","0.3266331658291457","694","0.694","635","0.3266331658291457","0","709","202.0678391959797","1"
"25","125","2024-02-28","0.2769155615913087","0.29810656748346676","0.0","0.6582521169515897","0.0","0.6582521169515897","474","0.474","170","0.6582521169515897","0","479","276.8987857485222","0.16895735027223177","0.1830316069871081","0.0","0.469751966122202","0.0","0.469751966122202","470","0.47","130","0.469751966122202","0","479","168.94721718088365","0.14261306532663418","0.15439616511960685","0.0","0.3266331658291457","0.0","0.3266331658291457","464","0.464","175","0.3266331658291457","0","479","142.48994974874472","1"
"26","30","2024-03-13","0.4774165202108906","0.30009264844623523","0.0","0.7124141236619268","0.6676785428982266","0.7124141236619268","724","0.724","634","0.7124141236619268","0","729","477.3913963891983","0.29620780399274144","0.19210994957683622","0.0","0.4788263762855414","0.4071385359951603","0.4788263762855414","720","0.72","367","0.4788263762855414","0","729","296.191923774955","0.20508040201005265","0.13058456630222187","0.0","0.3266331658291457","0.2864321608040201","0.3266331658291457","714","0.714","641","0.3266331658291457","0","729","204.95728643216316","1"
"26","60","2024-03-13","0.48915409809873617","0.3232695753463087","0.0","0.7423709857804761","0.7073813708260105","0.7423709857804761","704","0.704","369","0.7423709857804761","0","709","489.1279357724879","0.2932199032062916","0.19717242002760757","0.0","0.5090744101633394","0.4128856624319419","0.5090744101633394","700","0.7","26","0.5090744101633394","0","709","293.20493042952137","0.20001005025125848","0.1335633391939079","0.0","0.3266331658291457","0.2864321608040201","0.3266331658291457","694","0.694","623","0.3266331658291457","0","709","199.88693467336898","1"
"26","73","2024-03-13","0.49579964850615","0.32725000393777554","0.0","0.751637641795814","0.7192043457421313","0.751637641795814","704","0.704","677","0.751637641795814","0","709","495.77312669755474","0.34483000604960873","0.23157437059654307","0.0","0.617059891107078","0.4597701149425287","0.617059891107078","700","0.7","38","0.617059891107078","0","709","344.8142770719911","0.20017085427135664","0.1332229368398319","0.0","0.3165829145728643","0.2864321608040201","0.3165829145728643","694","0.694","707","0.3165829145728643","0","709","200.04773869346693","1"
"26","84","2024-03-13","0.4195869947275913","0.3376250562412629","0.0","0.8930340309953667","0.6688768173829686","0.8930340309953667","615","0.615","19","0.8930340309953667","0","629","419.54849017414904","0.2851999395039323","0.23220243410133123","0.0","0.6742286751361162","0.4388989715668481","0.6742286751361162","610","0.61","49","0.6742286751361162","0","629","285.18284936479097","0.17315075376884428","0.14052035377123925","0.0","0.3165829145728643","0.271356783919598","0.3165829145728643","604","0.604","627","0.3165829145728643","0","629","173.02763819095478","1"
"26","92","2024-03-13","0.30467774404857073","0.3090162052881092","0.0","0.6682377376577728","0.14539063748202585","0.6682377376577728","504","0.504","341","0.6682377376577728","0","509","304.6633647547532","0.19397217180883217","0.20040326014797957","0.0","0.5060496067755595","0.00892316999395035","0.5060496067755595","500","0.5","139","0.5060496067755595","0","509","193.96022383545144","0.15398492462311666","0.1567680985929412","0.0","0.3266331658291457","0.0","0.3266331658291457","494","0.494","155","0.3266331658291457","0","509","153.86180904522718","1"
"26","103","2024-03-13","0.49976473877616134","0.3066870920054873","0.0","0.893273685892315","0.6690365873142674","0.893273685892315","734","0.734","40","0.893273685892315","0","749","499.72447675347223","0.3453753781004236","0.2307484913867232","0.0","0.867513611615245","0.4098608590441621","0.867513611615245","730","0.73","47","0.867513611615245","0","749","345.3584392014517","0.23009045226130875","0.14319201561019917","0.0","0.3266331658291457","0.3266331658291457","0.3266331658291457","724","0.724","134","0.3266331658291457","0","749","229.96733668341926","1"
"26","104","2024-03-13","0.3658812909410464","0.3043391727559477","0.0","0.6666400383447835","0.4809873781754273","0.6666400383447835","603","0.603","376","0.6666400383447835","0","609","365.86171912446054","0.23551905626134298","0.1985800098723329","0.0","0.4488808227465214","0.2985480943738657","0.4488808227465214","600","0.6","286","0.4488808227465214","0","609","235.50771324863894","0.1677889447236192","0.1389844645884365","0.0","0.3165829145728643","0.2663316582914573","0.3165829145728643","594","0.594","607","0.3165829145728643","0","609","167.66582914572956","1"
"27","7","2024-03-13","0.48660041540181936","0.32037910608346953","0.0","0.8872024285029557","0.6818980667838312","0.8872024285029557","705","0.705","22","0.8872024285029557","0","719","486.56390797252004","0.30146763460375153","0.20262777271107585","0.0","0.5716878402903811","0.4010889292196007","0.5716878402903811","700","0.7","48","0.5716878402903811","0","719","301.4497882637634","0.19964824120603059","0.1329201393330494","0.0","0.3266331658291457","0.2864321608040201","0.3266331658291457","694","0.694","706","0.3266331658291457","0","719","199.52512562814084","1"
"27","60","2024-03-13","0.4876695158971074","0.3220350926967746","0.0","0.7510784470362678","0.680140597539543","0.7510784470362678","704","0.704","671","0.7510784470362678","0","709","487.64291420354675","0.3007803992740471","0.20065095129937044","0.0","0.514216575922565","0.4234724742891712","0.514216575922565","700","0.7","81","0.514216575922565","0","709","300.765275257109","0.19761809045226336","0.13170448037080393","0.0","0.3266331658291457","0.2864321608040201","0.3266331658291457","694","0.694","678","0.3266331658291457","0","709","197.4949748743739","1"
"27","63","2024-03-13","0.36039391276561794","0.29943982443030615","0.0","0.6459498322415721","0.4805879533471801","0.6459498322415721","603","0.603","438","0.6459498322415721","0","609","360.37486020131064","0.27991409558378677","0.23431160497033957","0.0","0.5865093768905021","0.425589836660617","0.5865093768905021","600","0.6","148","0.5865093768905021","0","609","279.90260133091294","0.1688643216080416","0.1398342841710156","0.0","0.3165829145728643","0.271356783919598","0.3165829145728643","594","0.594","607","0.3165829145728643","0","609","168.7412060301521","1"
"27","73","2024-03-13","0.49270778079565314","0.3252217916038322","0.0","0.7451669595782073","0.7130532033871225","0.7451669595782073","704","0.704","707","0.7451669595782073","0","709","492.6829765138195","0.3496270417422892","0.2350693259898467","0.0","0.6137326073805203","0.4621899576527525","0.6137326073805203","700","0.7","33","0.6137326073805203","0","709","349.6126739261945","0.19978894472361816","0.13296044045235625","0.0","0.3165829145728643","0.2864321608040201","0.3165829145728643","694","0.694","707","0.3165829145728643","0","709","199.66582914572842","1"
"27","77","2024-03-13","0.48387665761303456","0.31870648356537606","0.0","0.7379773126697555","0.6974756350854769","0.7379773126697555","704","0.704","658","0.7379773126697555","0","709","483.84917718485406","0.29408590441621396","0.19671765391578125","0.0","0.4758015728977616","0.41500302480338774","0.4758015728977616","700","0.7","175","0.4758015728977616","0","709","294.0709316394439","0.19978894472361927","0.13322151447833464","0.0","0.3266331658291457","0.2864321608040201","0.3266331658291457","694","0.694","664","0.3266331658291457","0","709","199.6658291457298","1"
"27","84","2024-03-13","0.41821944400064015","0.33647727061307287","0.0","0.8951110401022527","0.6669595782073814","0.8951110401022527","615","0.615","22","0.8951110401022527","0","629","418.1791020929864","0.28629068360556686","0.23280206402898387","0.0","0.6684815486993345","0.4428312159709618","0.6684815486993345","610","0.61","49","0.6684815486993345","0","629","286.2710223835451","0.1731356783919601","0.14048294663946861","0.0","0.3165829145728643","0.271356783919598","0.3165829145728643","604","0.604","627","0.3165829145728643","0","629","173.01256281407038","1"
"27","114","2024-03-13","0.43721417159290676","0.35086052613924096","0.0","0.9030995366671992","0.7012302284710018","0.9030995366671992","615","0.615","31","0.9030995366671992","0","619","437.17347020290833","0.25677283726557765","0.21197210592402352","0.0","0.6228070175438597","0.3505747126436781","0.6228070175438597","610","0.61","24","0.6228070175438597","0","619","256.75574712643675","0.17481407035176053","0.1422294371698651","0.0","0.3266331658291457","0.2763819095477386","0.3266331658291457","604","0.604","526","0.3266331658291457","0","619","174.69095477387106","1"
"27","118","2024-03-13","0.5400917878255319","0.3060661746191886","0.0","0.7588272887042659","0.7082601054481547","0.7588272887042659","764","0.764","423","0.7588272887042659","0","769","540.0635484901737","0.316603448275862","0.18430580124192986","0.0","0.484875983061101","0.4122807017543859","0.484875983061101","760","0.76","423","0.484875983061101","0","769","316.58923169993983","0.2127738693467361","0.12207922298006843","0.0","0.3165829145728643","0.2864321608040201","0.3165829145728643","753","0.753","767","0.3165829145728643","0","767","212.6507537688466","1"
"27","121","2024-03-13","0.5962839111679165","0.34448917679993696","0.0","0.8908771369228311","0.7891835756510625","0.8908771369228311","755","0.755","28","0.8908771369228311","0","779","596.2418517335041","0.3209328493647923","0.1931955681405067","0.0","0.5505142165759226","0.3926194797338173","0.5505142165759226","750","0.75","259","0.5505142165759226","0","779","320.91666666666623","0.22619597989949977","0.13460123612112226","0.0","0.3266331658291457","0.2864321608040201","0.3266331658291457","743","0.743","401","0.3266331658291457","0","777","226.07286432161035","1"
"0","0","2023-06-13","0.5141071257389382","0.3387317413476039","0.0","0.7670554401661607","0.7429301805400224","0.7670554401661607","704","0.704","210","0.7670554401661607","0","709","514.0814826649629","0.3018965517241379","0.20256995170296616","0.0","0.5090744101633394","0.3986690865093769","0.5090744101633394","700","0.7","194","0.5090744101633394","0","709","301.8805202661823","0.19868341708542822","0.13213754462195645","0.0","0.3165829145728643","0.2864321608040201","0.3165829145728643","694","0.694","707","0.3165829145728643","0","709","198.5603015075386","0"
"0","1","2023-06-13","0.4832287106566531","0.3179407441167665","0.0","0.728950311551366","0.6917239175587154","0.728950311551366","704","0.704","678","0.728950311551366","0","709","483.20015178143393","0.30792891712038584","0.20485427846724563","0.0","0.4758015728977616","0.4346642468239564","0.4758015728977616","700","0.7","371","0.4758015728977616","0","709","307.91303690260133","0.1998090452261305","0.13304947566857384","0.0","0.3165829145728643","0.2864321608040201","0.3165829145728643","694","0.694","707","0.3165829145728643","0","709","199.68592964824097","0"
"0","2","2023-06-13","0.5160621505032752","0.340744420940953","0.0","0.7752037066624061","0.7507589071736699","0.7752037066624061","704","0.704","323","0.7752037066624061","0","709","516.0347100175752","0.30571536600120847","0.20340723854627157","0.0","0.4818511796733212","0.4192377495462795","0.4818511796733212","700","0.7","219","0.4818511796733212","0","709","305.6993345432536","0.19723618090452505","0.1311048920324123","0.0","0.3165829145728643","0.2864321608040201","0.3165829145728643","694","0.694","707","0.3165829145728643","0","709","197.1130653266356","0"
"0","3","2023-06-13","0.31613931938009365","0.308400699219332","0.0","0.6596900463332801","0.4682856686371625","0.6596900463332801","523","0.523","209","0.6596900463332801","0","529","316.119947275923","0.19910375075620015","0.19853567239123615","0.0","0.5381125226860254","0.3124621899576527","0.5381125226860254","520","0.52","133","0.5381125226860254","0","529","199.0933151845122","0.14761809045226112","0.14373323044551825","0.0","0.3165829145728643","0.271356783919598","0.3165829145728643","514","0.514","527","0.3165829145728643","0","529","147.4949748743716","0"
"0","4","2023-06-13","0.3111222239974446","0.30327145014133566","0.0","0.6459498322415721","0.4678862438089151","0.6459498322415721","523","0.523","251","0.6459498322415721","0","529","311.1031714331367","0.19139080459770055","0.18883776311028008","0.0","0.4939503932244404","0.30323653962492436","0.4939503932244404","520","0.52","134","0.4939503932244404","0","529","191.3811252268596","0.14693467336683425","0.14314486459983963","0.0","0.3165829145728643","0.2663316582914573","0.3165829145728643","514","0.514","527","0.3165829145728643","0","529","146.81155778894467","0"
"0","5","2023-06-13","0.2922915002396541","0.2950066329238933","0.0","0.6332481227033072","0.12665761303722634","0.6332481227033072","504","0.504","138","0.6332481227033072","0","509","292.27660169356113","0.21369116757410747","0.21755024744023577","0.0","0.5626134301270418","0.01088929219600725","0.5626134301270418","500","0.5","131","0.5626134301270418","0","509","213.67800967937075","0.14102010050251276","0.14326870504547679","0.0","0.3165829145728643","0.0","0.3165829145728643","493","0.493","507","0.3165829145728643","0","507","140.89698492462333","0"
"0","6","2023-06-13","0.3053169835436969","0.30983740183245234","0.0","0.6696756670394631","0.1312909410448953","0.6696756670394631","504","0.504","306","0.6696756670394631","0","509","305.30256430739763","0.20421506352087193","0.21139632182576237","0.0","0.5414398064125832","0.0084694494857834","0.5414398064125832","500","0.5","135","0.5414398064125832","0","509","204.2055353902004","0.1476080402010061","0.15030822973195096","0.0","0.3266331658291457","0.0","0.3266331658291457","494","0.494","314","0.3266331658291457","0","509","147.48492462311663","0"
"0","7","2023-06-13","0.48621616871704515","0.3201367254168174","0.0","0.8890397827128934","0.6798210576769452","0.8890397827128934","705","0.705","39","0.8890397827128934","0","719","486.1795814027796","0.3004534180278286","0.20104225538162157","0.0","0.5595886267392619","0.4013914095583787","0.5595886267392619","700","0.7","49","0.5595886267392619","0","719","300.4358741681801","0.19976884422110558","0.13329239117031524","0.0","0.3165829145728643","0.2864321608040201","0.3165829145728643","694","0.694","717","0.3165829145728643","0","719","199.64572864321585","0"
"0","8","2023-06-13","0.3017093784949685","0.2813624763314133","0.0","0.6171113596421154","0.467007509186771","0.6171113596421154","544","0.544","211","0.6171113596421154","0","549","301.69487937370144","0.2148236539624925","0.2034036369353237","0.0","0.5353901996370236","0.3569267997580157","0.5353901996370236","540","0.54","155","0.5353901996370236","0","549","214.8121597096191","0.16416080402010175","0.15449901981096145","0.0","0.3266331658291457","0.2663316582914573","0.3266331658291457","534","0.534","217","0.3266331658291457","0","549","164.0376884422123","0"
"0","11","2023-06-13","0.3060138200990566","0.28528408119018467","0.0","0.6099217127336636","0.4735580763700271","0.6099217127336636","544","0.544","185","0.6099217127336636","0","549","305.99828247323796","0.21244888082274724","0.19986732515012837","0.0","0.5290381125226861","0.3402903811252268","0.5290381125226861","540","0.54","152","0.5290381125226861","0","549","212.43753781004278","0.1659698492462324","0.1561964913352935","0.0","0.3266331658291457","0.2663316582914573","0.3266331658291457","534","0.534","164","0.3266331658291457","0","549","165.84673366834298","0"
"0","12","2023-06-13","0.3166834957660966","0.29567831815566203","0.0","0.6281354849017415","0.4778718645150983","0.6281354849017415","544","0.544","467","0.6281354849017415","0","549","316.6675187729667","0.21394494857834223","0.2016994075012713","0.0","0.5060496067755595","0.3445251058681186","0.5060496067755595","540","0.54","137","0.5060496067755595","0","549","213.935117967332","0.15243216080402117","0.14255710547002498","0.0","0.3165829145728643","0.271356783919598","0.3165829145728643","534","0.534","547","0.3165829145728643","0","549","152.30904522613162","0"
"0","13","2023-06-13","0.4761352452468446","0.3141391707389309","0.0","0.8953506949992012","0.6671193481386803","0.8953506949992012","705","0.705","28","0.8953506949992012","0","709","476.09490333919075","0.30320629159104745","0.2073542209861739","0.0","0.7226255293405929","0.396854204476709","0.7226255293405929","700","0.7","18","0.7226255293405929","0","709","303.1893526920762","0.1983618090452275","0.13192838573312182","0.0","0.3165829145728643","0.2864321608040201","0.3165829145728643","694","0.694","707","0.3165829145728643","0","709","198.2386934673378","0"
"0","14","2023-06-13","0.2314638121105597","0.28716680187707255","0.0","0.6575331522607445","0.0","0.6575331522607445","404","0.404","233","0.6575331522607445","0","409","231.44963252915784","0.1394516031457951","0.1761027144288942","0.0","0.4667271627344223","0.0","0.4667271627344223","400","0.4","163","0.4667271627344223","0","409","139.43965517241384","0.1174974874371865","0.14663778756308182","0.0","0.3266331658291457","0.0","0.3266331658291457","394","0.394","239","0.3266331658291457","0","409","117.37437185929706","0"
"0","15","2023-06-13","0.3132189646908445","0.30543428037128784","0.0","0.6511423550087874","0.464770730148586","0.6511423550087874","523","0.523","154","0.6511423550087874","0","529","313.2062230388245","0.2023542044767094","0.19939774673963612","0.0","0.5030248033877798","0.322746521476104","0.5030248033877798","520","0.52","131","0.5030248033877798","0","529","202.34830611010295","0.0","0.0","0.0","0.0","0.0","0.0","0","0.0","0","0.0","-1","-1","0.0","0"
"0","16","2023-06-13","0.3178296053682687","0.2968549387999879","0.0","0.6334078926346062","0.4769132449273047","0.6334078926346062","544","0.544","268","0.6334078926346062","0","549","317.8147068221757","0.22089413188142748","0.20856917651692128","0.0","0.5232909860859044","0.3487598306110103","0.5232909860859044","540","0.54","131","0.5232909860859044","0","549","220.88399879007835","0.15119597989949896","0.1413424345193746","0.0","0.3165829145728643","0.271356783919598","0.3165829145728643","534","0.534","547","0.3165829145728643","0","549","151.07286432160947","0"
"0","17","2023-06-13","0.3132803962294305","0.3053919058039245","0.0","0.6493050007988497","0.4685253235341108","0.6493050007988497","524","0.524","175","0.6493050007988497","0","529","313.267694519892","0.19737628554143966","0.19302645948209765","0.0","0.4667271627344223","0.32153660012099217","0.4667271627344223","520","0.52","132","0.4667271627344223","0","529","197.3708408953419","0.0","0.0","0.0","0.0","0.0","0.0","0","0.0","0","0.0","-1","-1","0.0","0"
"0","18","2023-06-13","0.25008867231187076","0.29705538418498256","0.0","0.6529797092187251","0.0","0.6529797092187251","424","0.424","269","0.6529797092187251","0","429","250.0746125579168","0.17000665456745273","0.2021226822425186","0.0","0.4637023593466424","0.0","0.4637023593466424","420","0.42","132","0.4637023593466424","0","429","169.99667271627334","0.11680402010050331","0.1391257976655357","0.0","0.3165829145728643","0.0","0.3165829145728643","414","0.414","427","0.3165829145728643","0","429","116.68090452261387","0"
"0","19","2023-06-13","0.2491127176865324","0.29607637425060224","0.0","0.6484262661767055","0.0","0.6484262661767055","424","0.424","209","0.6484262661767055","0","429","249.09745965809253","0.17271203871748336","0.2064742583712078","0.0","0.5030248033877798","0.0","0.5030248033877798","420","0.42","132","0.5030248033877798","0","429","172.70220810647302","0.1166432160804028","0.13888442320147076","0.0","0.3165829145728643","0.0","0.3165829145728643","414","0.414","427","0.3165829145728643","0","429","116.52010050251334","0"
"0","20","2023-06-13","0.27496844543856913","0.3022682387622091","0.0","0.6500239654896949","0.0","0.6500239654896949","463","0.463","147","0.6500239654896949","0","469","274.95442562709707","0.17985722928009695","0.1983959600744526","0.0","0.4939503932244404","0.0","0.4939503932244404","460","0.46","131","0.4939503932244404","0","469","179.85148215365996","0.0","0.0","0.0","0.0","0.0","0.0","0","0.0","0","0.0","-1","-1","0.0","0"
"0","21","2023-06-13","0.27912573893593245","0.3070384464893379","0.0","0.6769451989135644","0.0","0.6769451989135644","463","0.463","450","0.6769451989135644","0","469","279.1058475794856","0.16077707199032085","0.17657561362790813","0.0","0.4277071990320629","0.0","0.4277071990320629","460","0.46","139","0.4277071990320629","0","469","160.76542649727787","0.13052261306532634","0.1433652862899442","0.0","0.3165829145728643","0.0","0.3165829145728643","454","0.454","467","0.3165829145728643","0","469","130.39949748743692","0"
"0","22","2023-06-13","0.23387034670075071","0.2901258809381915","0.0","0.6455504074133248","0.0","0.6455504074133248","404","0.404","228","0.6455504074133248","0","409","233.85640677424558","0.14896854204476742","0.18646545563072822","0.0","0.469751966122202","0.0","0.469751966122202","400","0.4","168","0.469751966122202","0","409","148.95659407138555","0.1108542713567846","0.1378693745736968","0.0","0.3165829145728643","0.0","0.3165829145728643","394","0.394","407","0.3165829145728643","0","409","110.73115577889517","0"
"0","23","2023-06-13","0.32026633647547487","0.3130947045856013","0.0","0.6774245087074613","0.4675667039463173","0.6774245087074613","523","0.523","487","0.6774245087074613","0","529","320.2477632209618","0.18809770114942578","0.18316207092779646","0.0","0.4065335753176043","0.2968844525105868","0.4065335753176043","520","0.52","227","0.4065335753176043","0","529","188.08575317604345","0.14654773869346768","0.14277516815858005","0.0","0.3165829145728643","0.2663316582914573","0.3165829145728643","514","0.514","527","0.3165829145728643","0","529","146.4246231155782","0"
"0","24","2023-06-13","0.242543217766416","0.3014832308521895","0.0","0.6822974916120786","0.0","0.6822974916120786","404","0.404","203","0.6822974916120786","0","409","242.528518932737","0.15666757410768264","0.19684322037643354","0.0","0.5199637023593466","0.0","0.5199637023593466","400","0.4","139","0.5199637023593466","0","409","156.6563823351479","0.11082412060301576","0.13781759375806812","0.0","0.3165829145728643","0.0","0.3165829145728643","394","0.394","407","0.3165829145728643","0","409","110.70100502512632","0"
"0","25","2023-06-13","0.31332105767694496","0.30537745993549237","0.0","0.6497843105927464","0.47012302284710017","0.6497843105927464","524","0.524","433","0.6497843105927464","0","529","313.3083559674073","0.19474198427102238","0.19283371776629357","0.0","0.4939503932244404","0.293557168784029","0.4939503932244404","520","0.52","153","0.4939503932244404","0","529","194.7362371445855","0.0","0.0","0.0","0.0","0.0","0.0","0","0.0","0","0.0","-1","-1","0.0","0"
"0","26","2023-06-13","0.2286687969324166","0.28318955366415194","0.0","0.6217446876497843","0.0","0.6217446876497843","404","0.404","197","0.6217446876497843","0","409","228.65417798370328","0.15286206896551713","0.19184291318628285","0.0","0.5","0.0","0.5","400","0.4","144","0.5","0","409","152.85027223230495","0.11048241206030218","0.1374126831804522","0.0","0.3165829145728643","0.0","0.3165829145728643","394","0.394","407","0.3165829145728643","0","409","110.35929648241274","0"
"0","27","2023-06-13","0.3132222399744369","0.30540220016037617","0.0","0.6516216648026841","0.46892474836235815","0.6516216648026841","523","0.523","171","0.6516216648026841","0","529","313.2082201629654","0.20017513611615215","0.19946229226609954","0.0","0.5263157894736842","0.30626134301270413","0.5263157894736842","520","0.52","141","0.5263157894736842","0","529","200.1699939503928","0.0","0.0","0.0","0.0","0.0","0.0","0","0.0","0","0.0","-1","-1","0.0","0"
"0","28","2023-06-13","0.23698370346700756","0.28142337736975404","0.0","0.6164722799169197","0.0","0.6164722799169197","424","0.424","138","0.6164722799169197","0","429","236.96920434574224","0.17050483968542057","0.20315942656110095","0.0","0.4969751966122202","0.0","0.4969751966122202","420","0.42","131","0.4969751966122202","0","429","170.4951603145795","0.1271356783919605","0.15235116840106314","0.0","0.3266331658291457","0.0","0.3266331658291457","414","0.414","149","0.3266331658291457","0","429","127.01256281407103","0"
"0","29","2023-06-13","0.3242069020610318","0.3167946479105824","0.0","0.6822176066464292","0.4708419875379454","0.6822176066464292","523","0.523","519","0.6822176066464292","0","529","324.1868509346537","0.19157985480943693","0.18750998594185614","0.0","0.4186327888687235","0.28342407743496667","0.4186327888687235","520","0.52","202","0.4186327888687235","0","529","191.57002419842658","0.1453668341708557","0.14146302691923296","0.0","0.3165829145728643","0.271356783919598","0.3165829145728643","514","0.514","527","0.3165829145728643","0","529","145.2437185929662","0"
"0","30","2023-06-13","0.4879655695798011","0.3063746939324822","0.0","0.719843425467327","0.6789023805719764","0.719843425467327","724","0.724","658","0.719843425467327","0","729","487.9401661607307","0.2951194797338187","0.18831853103975213","0.0","0.4667271627344223","0.3989715668481549","0.4667271627344223","720","0.72","258","0.4667271627344223","0","729","295.1048094373867","0.20124623115578133","0.12787811265683569","0.0","0.3165829145728643","0.2814070351758794","0.3165829145728643","714","0.714","727","0.3165829145728643","0","729","201.12311557789187","0"
"0","31","2023-06-13","0.29683751397986835","0.29983820478681794","0.0","0.6658411886882889","0.14491132768812903","0.6658411886882889","504","0.504","393","0.6658411886882889","0","509","296.82317462853496","0.2197068965517235","0.22648201980086122","0.0","0.5381125226860254","0.0083182093163944","0.5381125226860254","500","0.5","216","0.5381125226860254","0","509","219.69540229885038","0.14409547738693576","0.1465676226297386","0.0","0.3266331658291457","0.0","0.3266331658291457","494","0.494","398","0.3266331658291457","0","509","143.97236180904628","0"
"0","32","2023-06-13","0.440446556957979","0.35388939394308067","0.0","0.8839271449113277","0.6862917398945518","0.8839271449113277","615","0.615","25","0.8839271449113277","0","629","440.40845182936573","0.2655284331518453","0.21808095687783302","0.0","0.6228070175438597","0.3835450695704779","0.6228070175438597","610","0.61","39","0.6228070175438597","0","629","265.50892316999403","0.17250251256281435","0.1400148631935303","0.0","0.3165829145728643","0.2663316582914573","0.3165829145728643","604","0.604","627","0.3165829145728643","0","629","172.37939698492485","0"
"0","33","2023-06-13","0.3080401821377205","0.28741092520685285","0.0","0.6188688288864036","0.4708419875379454","0.6188688288864036","544","0.544","453","0.6188688288864036","0","549","308.0244447994892","0.22719086509376857","0.21313499658895588","0.0","0.469751966122202","0.3532970356926799","0.469751966122202","540","0.54","323","0.469751966122202","0","549","227.1807320024196","0.15083417085427284","0.14106680881546999","0.0","0.3165829145728643","0.2663316582914573","0.3165829145728643","534","0.534","547","0.3165829145728643","0","549","150.71105527638335","0"
"0","34","2023-06-13","0.37207149704425596","0.30916860332941143","0.0","0.672391755871545","0.4798689886563348","0.672391755871545","603","0.603","505","0.672391755871545","0","609","372.0530436171919","0.2443454325468839","0.2053279479004985","0.0","0.4818511796733212","0.337568058076225","0.4818511796733212","600","0.6","179","0.4818511796733212","0","609","244.33408953417992","0.16947738693467385","0.1403924166605581","0.0","0.3165829145728643","0.271356783919598","0.3165829145728643","594","0.594","607","0.3165829145728643","0","609","169.35427135678415","0"
"0","35","2023-06-13","0.36429269851413953","0.3019306350014814","0.0","0.6477073014858603","0.48322415721361234","0.6477073014858603","604","0.604","198","0.6477073014858603","0","609","364.2799568621194","0.24492861464004737","0.2062790060711067","0.0","0.4818511796733212","0.3321234119782214","0.4818511796733212","600","0.6","188","0.4818511796733212","0","609","244.9230187537808","0.0","0.0","0.0","0.0","0.0","0.0","0","0.0","0","0.0","-1","-1","0.0","0"
"0","36","2023-06-13","0.32411878894392193","0.2906840504400296","0.0","0.6171113596421154","0.4791500239654896","0.6171113596421154","564","0.564","224","0.6171113596421154","0","569","324.1115593545292","0.260513006654568","0.23530756751151516","0.0","0.5595886267392619","0.4122807017543859","0.5595886267392619","560","0.56","164","0.5595886267392619","0","569","260.5042347247428","0.0","0.0","0.0","0.0","0.0","0.0","0","0.0","0","0.0","-1","-1","0.0","0"
"0","37","2023-06-13","0.4679805080683797","0.2925963404371555","0.0","0.6774245087074613","0.6481866112797572","0.6774245087074613","724","0.724","670","0.6774245087074613","0","729","467.9513101134371","0.28754083484573467","0.18359170481311746","0.0","0.469751966122202","0.3793103448275862","0.469751966122202","720","0.72","260","0.469751966122202","0","729","287.52616454930416","0.2018040201005045","0.12829508081732988","0.0","0.3165829145728643","0.2864321608040201","0.3165829145728643","714","0.714","727","0.3165829145728643","0","729","201.680904522615","0"
"0","38","2023-06-13","0.43598418277679957","0.35008252321671496","0.0","0.8874420833999042","0.6855727752037066","0.8874420833999042","615","0.615","32","0.8874420833999042","0","629","435.9424428822499","0.268420145190562","0.2192975212018419","0.0","0.5747126436781609","0.3909558378705384","0.5747126436781609","610","0.61","49","0.5747126436781609","0","629","268.4021476104052","0.17275376884422133","0.14022307745778162","0.0","0.3165829145728643","0.26884422110552764","0.3165829145728643","604","0.604","627","0.3165829145728643","0","629","172.6306532663318","0"
"0","39","2023-06-13","0.239008228151462","0.28383242820762444","0.0","0.6205464131650423","0.0","0.6205464131650423","424","0.424","295","0.6205464131650423","0","429","238.9948474197151","0.15574016938898927","0.1869488057137104","0.0","0.4367816091954023","0.0","0.4367816091954023","420","0.42","142","0.4367816091954023","0","429","155.72988505747128","0.11652261306532735","0.13882419154337808","0.0","0.3165829145728643","0.0","0.3165829145728643","414","0.414","427","0.3165829145728643","0","429","116.39949748743791","0"
"0","40","2023-06-13","0.28389047771209436","0.2866338557549072","0.0","0.6111998721840549","0.14914523086755072","0.6111998721840549","504","0.504","165","0.6111998721840549","0","509","283.8772567502793","0.20767695099818517","0.21613991359759827","0.0","0.4939503932244404","0.0068058076225045","0.4939503932244404","500","0.5","305","0.4939503932244404","0","509","207.66530550514227","0.1390201005025138","0.14087129040938332","0.0","0.3165829145728643","0.0","0.3165829145728643","494","0.494","507","0.3165829145728643","0","509","138.89698492462432","0"
"0","41","2023-06-13","0.22613876018533302","0.27966966523846826","0.0","0.6164722799169197","0.0","0.6164722799169197","404","0.404","289","0.6164722799169197","0","409","226.1254992810353","0.14975287356321834","0.1871750189247271","0.0","0.4579552329098608","0.0","0.4579552329098608","400","0.4","143","0.4579552329098608","0","409","149.74122807017548","0.11113065326633237","0.1379897827629494","0.0","0.3165829145728643","0.0","0.3165829145728643","394","0.394","407","0.3165829145728643","0","409","111.00753768844294","0"
"0","42","2023-06-13","0.22831418756989885","0.2824236752774462","0.0","0.6222239974436811","0.0","0.6222239974436811","404","0.404","144","0.6222239974436811","0","409","228.29956862118516","0.14829128856624327","0.18586460669921118","0.0","0.4637023593466424","0.0","0.4637023593466424","400","0.4","144","0.4637023593466424","0","409","148.2813067150634","0.11095477386934745","0.1377043603020278","0.0","0.3165829145728643","0.0","0.3165829145728643","394","0.394","407","0.3165829145728643","0","409","110.831658291458","0"
"0","43","2023-06-13","0.45039527081003344","0.2959610201699528","0.0","0.6798210576769452","0.6291739894551845","0.6798210576769452","704","0.704","679","0.6798210576769452","0","709","450.36595302764","0.28844071385359965","0.19234974678193614","0.0","0.454930429522081","0.397459165154265","0.454930429522081","700","0.7","269","0.454930429522081","0","709","288.4264972776763","0.19706532663316673","0.13123501563051754","0.0","0.3165829145728643","0.2864321608040201","0.3165829145728643","694","0.694","707","0.3165829145728643","0","709","196.94221105527717","0"
"0","44","2023-06-13","0.4643633967087403","0.3048095373458465","0.0","0.6906055280396229","0.6662406135165362","0.6906055280396229","704","0.704","649","0.6906055280396229","0","709","464.3349976034509","0.2893986690865099","0.19315117885742214","0.0","0.4758015728977616","0.4007864488808227","0.4758015728977616","700","0.7","226","0.4758015728977616","0","709","289.3836963097407","0.19684422110553002","0.1308632267350619","0.0","0.3165829145728643","0.2864321608040201","0.3165829145728643","694","0.694","707","0.3165829145728643","0","709","196.72110552764053","0"
"0","45","2023-06-13","0.3045359482345424","0.3091689418501004","0.0","0.6664003834478351","0.13456622463652335","0.6664003834478351","503","0.503","418","0.6664003834478351","0","509","304.51637641795793","0.19988203266787616","0.20747765254044734","0.0","0.4758015728977616","0.0102843315184513","0.4758015728977616","500","0.5","258","0.4758015728977616","0","509","199.87174833635805","0.13943718592964902","0.14131172352989518","0.0","0.3165829145728643","0.0","0.3165829145728643","494","0.494","507","0.3165829145728643","0","509","139.31407035175954","0"
"0","46","2023-06-13","0.30481914043776975","0.30991124317994073","0.0","0.672391755871545","0.1370826010544815","0.672391755871545","504","0.504","325","0.672391755871545","0","509","304.79936890877184","0.19493224440411341","0.20250446055123267","0.0","0.4637023593466424","0.0081669691470054","0.4637023593466424","500","0.5","295","0.4637023593466424","0","509","194.92226255293394","0.13910050251256367","0.14098188893525443","0.0","0.3165829145728643","0.0","0.3165829145728643","494","0.494","507","0.3165829145728643","0","509","138.9773869346742","0"
"0","47","2023-06-13","0.49250191723917497","0.32421956015424874","0.0","0.7420514459178783","0.7071417159290622","0.7420514459178783","704","0.704","706","0.7420514459178783","0","709","492.47575491292577","0.291820024198426","0.19478266120619514","0.0","0.469751966122202","0.3977616454930429","0.469751966122202","700","0.7","216","0.469751966122202","0","709","291.80535390199645","0.19710552763819228","0.13116461819690867","0.0","0.3165829145728643","0.2864321608040201","0.3165829145728643","694","0.694","707","0.3165829145728643","0","709","196.9824120603028","0"
"0","48","2023-06-13","0.2563191404377689","0.27457602516481494","0.0","0.6089630931458699","0.0","0.6089630931458699","474","0.474","135","0.6089630931458699","0","479","256.3060393034026","0.2017011494252895","0.2248872959708616","0.0","0.6530550514216575","0.0","0.6530550514216575","470","0.47","28","0.6530550514216575","0","479","201.68844525105985","0.13981407035175974","0.15161759804844321","0.0","0.3266331658291457","0.0","0.3266331658291457","463","0.463","252","0.3266331658291457","0","477","139.6909547738703","0"
"0","49","2023-06-13","0.2980798849656503","0.3164121028809071","0.0","0.907013899984023","0.0","0.907013899984023","485","0.485","14","0.907013899984023","0","499","298.0585556798199","0.2007123411978226","0.2218581417948757","0.0","0.8194192377495463","0.0","0.8194192377495463","480","0.48","10","0.8194192377495463","0","499","200.69630973986682","0.0","0.0","0.0","0.0","0.0","0.0","0","0.0","0","0.0","-1","-1","0.0","0"
"0","50","2023-06-13","0.28401070458539646","0.3120227966429354","0.0","0.8806518613196996","0.0","0.8806518613196996","466","0.466","59","0.8806518613196996","0","479","283.9882569100488","0.18327102238354503","0.20973670483631962","0.0","0.7316999395039322","0.0","0.7316999395039322","460","0.46","12","0.7316999395039322","0","479","183.25529340592863","0.0","0.0","0.0","0.0","0.0","0.0","0","0.0","0","0.0","-1","-1","0.0","0"
"0","51","2023-06-13","0.2840016775842773","0.31211962452019226","0.0","0.8563668317622624","0.0","0.8563668317622624","465","0.465","19","0.8563668317622624","0","479","283.9798689886535","0.18865456745311562","0.2132555359514151","0.0","0.7105263157894737","0.0","0.7105263157894737","460","0.46","16","0.7105263157894737","0","479","188.64065335753165","0.0","0.0","0.0","0.0","0.0","0.0","0","0.0","0","0.0","-1","-1","0.0","0"
"0","52","2023-06-13","0.3250329924908138","0.31687756119823923","0.0","0.6791020929861","0.4873781754273845","0.6791020929861","524","0.524","188","0.6791020929861","0","529","325.01969164403283","0.22602177858439224","0.22117679742196458","0.0","0.5444646098003629","0.382032667876588","0.5444646098003629","520","0.52","132","0.5444646098003629","0","529","226.01013309134927","0.14518090452261442","0.14155388393833898","0.0","0.3165829145728643","0.271356783919598","0.3165829145728643","513","0.513","527","0.3165829145728643","0","527","145.05778894472496","0"
"0","53","2023-06-13","0.4346465889119658","0.3493731353860493","0.0","0.8848058795334718","0.6696756670394631","0.8848058795334718","615","0.615","32","0.8848058795334718","0","629","434.60496884486287","0.2659395039322441","0.2165802344688992","0.0","0.5955837870538415","0.397156684815487","0.5955837870538415","610","0.61","45","0.5955837870538415","0","629","265.92211131276486","0.17056281407035306","0.1383801934981182","0.0","0.3165829145728643","0.2663316582914573","0.3165829145728643","604","0.604","627","0.3165829145728643","0","629","170.43969849246358","0"
"0","54","2023-06-13","0.40957637002716096","0.329960514876978","0.0","0.8876018533312031","0.647467646588912","0.8876018533312031","615","0.615","21","0.8876018533312031","0","629","409.53463013261006","0.25389110707804","0.20695515860831848","0.0","0.5683605565638233","0.3765880217785844","0.5683605565638233","610","0.61","48","0.5683605565638233","0","629","253.87341197822104","0.1708241206030169","0.1384417973709952","0.0","0.3165829145728643","0.2763819095477386","0.3165829145728643","604","0.604","627","0.3165829145728643","0","629","170.70100502512742","0"
"0","55","2023-06-13","0.4235599936092018","0.3405022801565831","0.0","0.8860041540182138","0.6636044096501038","0.8860041540182138","615","0.615","20","0.8860041540182138","0","629","423.51833359961677","0.2594122807017542","0.21163177837931463","0.0","0.5683605565638233","0.3835450695704779","0.5683605565638233","610","0.61","44","0.5683605565638233","0","629","259.3945856019353","0.17198994974874451","0.1395721676773396","0.0","0.3165829145728643","0.2663316582914573","0.3165829145728643","604","0.604","627","0.3165829145728643","0","629","171.86683417085501","0"
"0","56","2023-06-13","0.42183551685572773","0.3391643023793343","0.0","0.8824892155296373","0.664483144272248","0.8824892155296373","615","0.615","35","0.8824892155296373","0","629","421.7957341428324","0.25924198427102246","0.21131139624845047","0.0","0.5865093768905021","0.3911070780399274","0.5865093768905021","610","0.61","42","0.5865093768905021","0","629","259.2247428917121","0.17172361809045336","0.13933877542163794","0.0","0.3165829145728643","0.2663316582914573","0.3165829145728643","604","0.604","627","0.3165829145728643","0","629","171.60050251256388","0"
"0","57","2023-06-13","0.42929381690365925","0.3446875112982461","0.0","0.8935133407892635","0.6867710496884486","0.8935133407892635","615","0.615","49","0.8935133407892635","0","629","429.2535548809714","0.25504688445251095","0.20763961194564037","0.0","0.5955837870538415","0.3923169993950393","0.5955837870538415","610","0.61","46","0.5955837870538415","0","629","255.02949183303065","0.17227135678392064","0.13967521551494388","0.0","0.3165829145728643","0.2763819095477386","0.3165829145728643","604","0.604","627","0.3165829145728643","0","629","172.14824120603114","0"
"0","58","2023-06-13","0.30493553283272007","0.29695381155077466","0.0","0.6328486978750599","0.4652899824253075","0.6328486978750599","524","0.524","330","0.6328486978750599","0","529","304.92191244607744","0.2246158499697521","0.220736242343198","0.0","0.5505142165759226","0.366908650937689","0.5505142165759226","520","0.52","130","0.5505142165759226","0","529","224.60405323654007","0.1458743718592972","0.14236351709877199","0.0","0.3165829145728643","0.2663316582914573","0.3165829145728643","513","0.513","527","0.3165829145728643","0","527","145.75125628140773","0"
"0","59","2023-06-13","0.4364864994408051","0.3503104623929745","0.0","0.8965489694839431","0.6996325291580124","0.8965489694839431","615","0.615","22","0.8965489694839431","0","629","436.44607764818664","0.25963762855414485","0.21329100053258654","0.0","0.6654567453115547","0.3914095583787054","0.6654567453115547","610","0.61","19","0.6654567453115547","0","629","259.62068965517284","0.17112562814070525","0.1387112256492161","0.0","0.3165829145728643","0.2763819095477386","0.3165829145728643","604","0.604","627","0.3165829145728643","0","629","171.00251256281578","0"
"0","60","2023-06-13","0.4886185492890236","0.3220152521138598","0.0","0.7389359322575492","0.6853331203067583","0.7389359322575492","704","0.704","602","0.7389359322575492","0","709","488.59102891835744","0.2964888082274658","0.1967823302295435","0.0","0.4667271627344223","0.4134906231094978","0.4667271627344223","700","0.7","252","0.4667271627344223","0","709","296.4723230490017","0.1965628140703538","0.130809584107054","0.0","0.3165829145728643","0.2864321608040201","0.3165829145728643","694","0.694","707","0.3165829145728643","0","709","196.4396984924643","0"
"0","61","2023-06-13","0.3162813548490167","0.2955661369495031","0.0","0.6314107684933695","0.4753954305799648","0.6314107684933695","544","0.544","289","0.6314107684933695","0","549","316.2677744048568","0.2269437386569873","0.21322373699367062","0.0","0.5172413793103449","0.3711433756805807","0.5172413793103449","540","0.54","136","0.5172413793103449","0","549","226.93269812462154","0.15072864321608187","0.1412054020086528","0.0","0.3165829145728643","0.271356783919598","0.3165829145728643","533","0.533","547","0.3165829145728643","0","547","150.6055276381924","0"
"0","62","2023-06-13","0.3167486818980673","0.30954847361153515","0.0","0.6656814187569899","0.4672471640837194","0.6656814187569899","523","0.523","334","0.6656814187569899","0","529","316.7304281834164","0.20612734422262557","0.20206215107121459","0.0","0.5199637023593466","0.33953418027828186","0.5199637023593466","520","0.52","134","0.5199637023593466","0","529","206.11615245009068","0.14531658291457422","0.14148109584785878","0.0","0.3165829145728643","0.2663316582914573","0.3165829145728643","514","0.514","527","0.3165829145728643","0","529","145.19346733668473","0"
"0","63","2023-06-13","0.36803946317303093","0.30554620807785","0.0","0.6556957980508068","0.4853011663204984","0.6556957980508068","603","0.603","149","0.6556957980508068","0","609","368.0201310113432","0.27353478523895836","0.2293681855238292","0.0","0.5928614640048396","0.4137931034482758","0.5928614640048396","600","0.6","139","0.5928614640048396","0","609","273.5232909860856","0.16919597989949917","0.14003927019604462","0.0","0.3165829145728643","0.2763819095477386","0.3165829145728643","594","0.594","607","0.3165829145728643","0","609","169.0728643216097","0"
"0","64","2023-06-13","0.2641732704904935","0.28260882959571765","0.0","0.6121584917718486","0.0","0.6121584917718486","474","0.474","135","0.6121584917718486","0","479","264.15889119667656","0.17142468239564426","0.18592650716174366","0.0","0.484875983061101","0.0","0.484875983061101","470","0.47","152","0.484875983061101","0","479","171.41424682395663","0.1322311557788943","0.14240902852618662","0.0","0.3165829145728643","0.0","0.3165829145728643","464","0.464","477","0.3165829145728643","0","479","132.1080402010048","0"
"0","65","2023-06-13","0.31328111519411983","0.3053967921008907","0.0","0.6488256910049529","0.4694440006390797","0.6488256910049529","524","0.524","149","0.6488256910049529","0","529","313.2696916440336","0.19868784029038125","0.19451481509250093","0.0","0.4609800362976406","0.323049001814882","0.4609800362976406","520","0.52","132","0.4609800362976406","0","529","198.68239564428313","0.0","0.0","0.0","0.0","0.0","0.0","0","0.0","0","0.0","-1","-1","0.0","0"
"0","66","2023-06-13","0.36405368269691657","0.3020075757368675","0.0","0.6509027001118389","0.4849816264579006","0.6509027001118389","603","0.603","137","0.6509027001118389","0","609","364.04221920434634","0.269852087114338","0.22634760828154143","0.0","0.5807622504537205","0.3983666061705989","0.5807622504537205","600","0.6","131","0.5807622504537205","0","609","269.8464912280703","0.0","0.0","0.0","0.0","0.0","0.0","0","0.0","0","0.0","-1","-1","0.0","0"
"0","67","2023-06-13","0.2964512701709544","0.3007937215690148","0.0","0.6473877616232625","0.12182457261543375","0.6473877616232625","504","0.504","195","0.6473877616232625","0","509","296.43733024444776","0.20950181488203237","0.2135705325692992","0.0","0.5747126436781609","0.0101330913490623","0.5747126436781609","500","0.5","132","0.5747126436781609","0","509","209.49062310949768","0.15345728643216192","0.15634510133789148","0.0","0.3266331658291457","0.0","0.3266331658291457","494","0.494","157","0.3266331658291457","0","509","153.33417085427243","0"
"0","68","2023-06-13","0.26585365074293005","0.2847268682992021","0.0","0.6227033072375779","0.0","0.6227033072375779","474","0.474","144","0.6227033072375779","0","479","265.8377935772487","0.17995069570477923","0.19502179114516224","0.0","0.484875983061101","0.0","0.484875983061101","470","0.47","151","0.484875983061101","0","479","179.94026013309116","0.13303517587939662","0.14321637344587954","0.0","0.3165829145728643","0.0","0.3165829145728643","464","0.464","477","0.3165829145728643","0","479","132.9120603015071","0"
"0","69","2023-06-13","0.30604233903179373","0.29810790916836116","0.0","0.6365234062949353","0.4642115353890398","0.6365234062949353","523","0.523","474","0.6365234062949353","0","529","306.02240773286417","0.20325287356321825","0.1990832949938815","0.0","0.5172413793103449","0.3365093768905021","0.5172413793103449","520","0.52","133","0.5172413793103449","0","529","203.2427404718689","0.14696482412060324","0.14317688646445695","0.0","0.3165829145728643","0.2663316582914573","0.3165829145728643","514","0.514","527","0.3165829145728643","0","529","146.84170854271375","0"
"0","70","2023-06-13","0.2883612398146657","0.3149035533749862","0.0","0.8260904297811152","0.0","0.8260904297811152","466","0.466","59","0.8260904297811152","0","479","288.3401901262187","0.1863124621899584","0.21208925510530496","0.0","0.7531760435571688","0.0","0.7531760435571688","460","0.46","12","0.7531760435571688","0","479","186.29930429522105","0.0","0.0","0.0","0.0","0.0","0.0","0","0.0","0","0.0","-1","-1","0.0","0"
"0","71","2023-06-13","0.36015258028438973","0.2988884724713622","0.0","0.6513021249400863","0.4801885285189327","0.6513021249400863","603","0.603","608","0.6513021249400863","0","609","360.13472599456776","0.2548614640048393","0.21427132607123192","0.0","0.4879007864488808","0.3399879007864488","0.4879007864488808","600","0.6","198","0.4879007864488808","0","609","254.84996975196603","0.16856281407035256","0.13966053350743077","0.0","0.3165829145728643","0.2663316582914573","0.3165829145728643","594","0.594","607","0.3165829145728643","0","609","168.43969849246307","0"
"0","72","2023-06-13","0.2881714331362836","0.31474853549577647","0.0","0.8228151461894871","0.0","0.8228151461894871","465","0.465","15","0.8228151461894871","0","479","288.1504633328","0.19207229280096808","0.21716140375558943","0.0","0.7286751361161524","0.0","0.7286751361161524","460","0.46","12","0.7286751361161524","0","479","192.05807622504517","0.0","0.0","0.0","0.0","0.0","0.0","0","0.0","0","0.0","-1","-1","0.0","0"
"0","73","2023-06-13","0.49281690365873","0.3248440107475711","0.0","0.7382968525323534","0.7121744687649785","0.7382968525323534","704","0.704","677","0.7382968525323534","0","709","492.7894232305476","0.34743617664851845","0.23276549815839573","0.0","0.617059891107078","0.4646098003629764","0.617059891107078","700","0.7","40","0.617059891107078","0","709","347.4204476709014","0.19901507537688515","0.1324296693830186","0.0","0.3165829145728643","0.2864321608040201","0.3165829145728643","694","0.694","707","0.3165829145728643","0","709","198.8919597989954","0"
"0","74","2023-06-13","0.2881905256430737","0.31479779218657133","0.0","0.8213772168077967","0.0","0.8213772168077967","465","0.465","17","0.8213772168077967","0","479","288.1695957820732","0.19412885662431947","0.21869787102165394","0.0","0.7316999395039322","0.0","0.7316999395039322","460","0.46","14","0.7316999395039322","0","479","194.1146400483968","0.0","0.0","0.0","0.0","0.0","0.0","0","0.0","0","0.0","-1","-1","0.0","0"
"0","75","2023-06-13","0.49628942323054887","0.3267753082867812","0.0","0.7480428183415881","0.7187250359482346","0.7480428183415881","704","0.704","209","0.7480428183415881","0","709","496.26158332001813","0.30011131276466957","0.20033992323270403","0.0","0.5030248033877798","0.4098608590441621","0.5030248033877798","700","0.7","199","0.5030248033877798","0","709","300.0964912280699","0.19667839195980136","0.13075987909585302","0.0","0.3165829145728643","0.2864321608040201","0.3165829145728643","694","0.694","707","0.3165829145728643","0","709","196.55527638191188","0"
"0","76","2023-06-13","0.31001166320498424","0.31384886144045776","0.0","0.6756670394631731","0.14171592906215047","0.6756670394631731","504","0.504","144","0.6756670394631731","0","509","309.99712414123763","0.208522081064731","0.21215845944161268","0.0","0.5414398064125832","0.0084694494857834","0.5414398064125832","500","0.5","137","0.5414398064125832","0","509","208.5104355716879","0.15407035175879502","0.15685512492068618","0.0","0.3266331658291457","0.0","0.3266331658291457","494","0.494","152","0.3266331658291457","0","509","153.94723618090558","0"
"0","77","2023-06-13","0.4863358363955882","0.3198354532092961","0.0","0.7260744527879853","0.7004313788145071","0.7260744527879853","704","0.704","708","0.7260744527879853","0","709","486.30739734781815","0.29448124621899646","0.19626262860471","0.0","0.484875983061101","0.4065335753176043","0.484875983061101","700","0.7","181","0.484875983061101","0","709","294.46702964307354","0.19692462311557996","0.13095101904781728","0.0","0.3165829145728643","0.2864321608040201","0.3165829145728643","694","0.694","707","0.3165829145728643","0","709","196.80150753769047","0"
"0","78","2023-06-13","0.4822826330084626","0.31683329081272715","0.0","0.7157692922192044","0.696117590669436","0.7157692922192044","704","0.704","224","0.7157692922192044","0","709","482.2615833200189","0.29515577737447024","0.19740948984907733","0.0","0.4939503932244404","0.4004839685420447","0.4939503932244404","700","0.7","178","0.4939503932244404","0","709","295.1441318814279","0.0","0.0","0.0","0.0","0.0","0.0","0","0.0","0","0.0","-1","-1","0.0","0"
"0","79","2023-06-13","0.30552100974596536","0.2971534292918557","0.0","0.6344463971880492","0.472679341747883","0.6344463971880492","524","0.524","134","0.6344463971880492","0","529","305.50734941683885","0.2191969147005443","0.21454292084909343","0.0","0.5444646098003629","0.367211131276467","0.5444646098003629","520","0.52","130","0.5444646098003629","0","529","219.18526920750165","0.14573366834170978","0.14183456022308136","0.0","0.3165829145728643","0.2663316582914573","0.3165829145728643","514","0.514","527","0.3165829145728643","0","529","145.6105527638202","0"
"0","80","2023-06-13","0.3132141715929063","0.3053840875205513","0.0","0.6513820099057357","0.4700431378814507","0.6513820099057357","524","0.524","152","0.6513820099057357","0","529","313.2014299408856","0.20231276467029624","0.19955699744463543","0.0","0.4939503932244404","0.3130671506352087","0.4939503932244404","520","0.52","132","0.4939503932244404","0","529","202.30701754385956","0.0","0.0","0.0","0.0","0.0","0.0","0","0.0","0","0.0","-1","-1","0.0","0"
"0","81","2023-06-13","0.31141947595462627","0.3035024536586436","0.0","0.6592107365393833","0.4730787665761303","0.6592107365393833","524","0.524","375","0.6592107365393833","0","529","311.4052963732233","0.20582698124621857","0.20543610875686455","0.0","0.5444646098003629","0.3009679370840895","0.5444646098003629","520","0.52","142","0.5444646098003629","0","529","205.81533575317644","0.15200000000000122","0.14861858922593846","0.0","0.3266331658291457","0.2663316582914573","0.3266331658291457","514","0.514","381","0.3266331658291457","0","529","151.87688442211174","0"
"0","82","2023-06-13","0.36426729509506267","0.301958712100721","0.0","0.6477073014858603","0.4845023166640038","0.6477073014858603","604","0.604","179","0.6477073014858603","0","609","364.25583160249295","0.2459606775559587","0.20575230942324443","0.0","0.4969751966122202","0.3774954627949183","0.4969751966122202","600","0.6","159","0.4969751966122202","0","609","245.9549304295217","0.0","0.0","0.0","0.0","0.0","0.0","0","0.0","0","0.0","-1","-1","0.0","0"
"0","83","2023-06-13","0.32098554082121783","0.2999320545349819","0.0","0.6367630611918836","0.4769132449273047","0.6367630611918836","544","0.544","460","0.6367630611918836","0","549","320.9718405496087","0.2185725952813068","0.20492571430140455","0.0","0.4969751966122202","0.3656987295825771","0.4969751966122202","540","0.54","133","0.4969751966122202","0","549","218.5609497882638","0.15091959798995122","0.14136687766644276","0.0","0.3165829145728643","0.271356783919598","0.3165829145728643","533","0.533","547","0.3165829145728643","0","547","150.79648241206175","0"
"0","84","2023-06-13","0.4174080524045376","0.3359047995794418","0.0","0.8951110401022527","0.663444639718805","0.8951110401022527","615","0.615","26","0.8951110401022527","0","629","417.367710496884","0.28702692075015235","0.23423570725683596","0.0","0.6802782819116757","0.4428312159709618","0.6802782819116757","610","0.61","49","0.6802782819116757","0","629","287.00831820931705","0.1736683417085427","0.14095566065343365","0.0","0.3165829145728643","0.271356783919598","0.3165829145728643","604","0.604","627","0.3165829145728643","0","629","173.54522613065285","0"
"0","85","2023-06-13","0.2903326409969639","0.2946218970780685","0.0","0.6538584438408691","0.121784630132609","0.6538584438408691","504","0.504","212","0.6538584438408691","0","509","290.3198194599773","0.19588263762855448","0.20534520037984164","0.0","0.5595886267392619","0.0087719298245614","0.5595886267392619","500","0.5","32","0.5595886267392619","0","509","195.87068965517273","0.15145728643216186","0.15435730014050003","0.0","0.3266331658291457","0.0","0.3266331658291457","494","0.494","218","0.3266331658291457","0","509","151.3341708542724","0"
"0","86","2023-06-13","0.44018501358044165","0.3533033127608185","0.0","0.8918357565106247","0.6994727592267135","0.8918357565106247","615","0.615","25","0.8918357565106247","0","629","440.1447915002393","0.26251754385964976","0.2146939291098015","0.0","0.5955837870538415","0.3808227465214761","0.5955837870538415","610","0.61","49","0.5955837870538415","0","629","262.50015124016926","0.17375376884422114","0.14097569430647366","0.0","0.3165829145728643","0.271356783919598","0.3165829145728643","604","0.604","627","0.3165829145728643","0","629","173.63065326633154","0"
"0","87","2023-06-13","0.3226543377536349","0.2889323196962068","0.0","0.6127975714970443","0.4825051925227672","0.6127975714970443","564","0.564","144","0.6127975714970443","0","569","322.64107684933657","0.260002722323049","0.23469868666985336","0.0","0.5683605565638233","0.4080459770114942","0.5683605565638233","560","0.56","141","0.5683605565638233","0","569","259.99168179068323","0.15920603015075327","0.1434309307934833","0.0","0.3165829145728643","0.2663316582914573","0.3165829145728643","553","0.553","567","0.3165829145728643","0","567","159.08291457286367","0"
"0","88","2023-06-13","0.4370573574053362","0.35078796288880404","0.0","0.8857644991212654","0.6946796612877456","0.8857644991212654","615","0.615","49","0.8857644991212654","0","629","437.01569739574825","0.26374500907441056","0.21583604433870965","0.0","0.5898366606170599","0.3838475499092559","0.5898366606170599","610","0.61","46","0.5898366606170599","0","629","263.72776769510006","0.17319095477386956","0.14052005043274673","0.0","0.3165829145728643","0.271356783919598","0.3165829145728643","604","0.604","627","0.3165829145728643","0","629","173.0678391959801","0"
"0","89","2023-06-13","0.43734134845822037","0.35091836052081515","0.0","0.8951110401022527","0.7020290781274964","0.8951110401022527","615","0.615","49","0.8951110401022527","0","629","437.29924908132347","0.2636627344222626","0.21492883653912165","0.0","0.5747126436781609","0.3829401088929219","0.5747126436781609","610","0.61","49","0.5747126436781609","0","629","263.644736842105","0.1727939698492467","0.1402124420327433","0.0","0.3165829145728643","0.271356783919598","0.3165829145728643","604","0.604","627","0.3165829145728643","0","629","172.670854271357","0"
"0","90","2023-06-13","0.3057948554082121","0.30982914265896905","0.0","0.6868509346540981","0.14407253554880967","0.6868509346540981","504","0.504","190","0.6868509346540981","0","509","305.78007668956707","0.20118088324258881","0.2045102491813292","0.0","0.5199637023593466","0.00801572897761645","0.5199637023593466","500","0.5","170","0.5199637023593466","0","509","201.1707501512407","0.1519497487437197","0.15489955707163947","0.0","0.3266331658291457","0.0","0.3266331658291457","494","0.494","194","0.3266331658291457","0","509","151.8266331658302","0"
"0","91","2023-06-13","0.3109435213292858","0.3152975149172011","0.0","0.6791819779517495","0.14782712893433456","0.6791819779517495","504","0.504","347","0.6791819779517495","0","509","310.92890238057146","0.21077525710828796","0.21453269211058382","0.0","0.5323653962492438","0.0083182093163944","0.5323653962492438","500","0.5","137","0.5323653962492438","0","509","210.76391409558394","0.13984924623115702","0.14164322775761837","0.0","0.3165829145728643","0.0","0.3165829145728643","494","0.494","507","0.3165829145728643","0","509","139.72613065326755","0"
"0","92","2023-06-13","0.3163591628055589","0.3214758266505957","0.0","0.7102572295893913","0.14958459817862274","0.7102572295893913","504","0.504","370","0.7102572295893913","0","509","316.34378494967257","0.19919782214156095","0.20556466787643476","0.0","0.5030248033877798","0.0087719298245614","0.5030248033877798","500","0.5","157","0.5030248033877798","0","509","199.1860254083484","0.14502010050251374","0.14752498122470986","0.0","0.3266331658291457","0.0","0.3266331658291457","494","0.494","376","0.3266331658291457","0","509","144.89698492462426","0"
"0","94","2023-06-13","0.3117977312669758","0.31568727390401","0.0","0.6858923150663045","0.15461735101453905","0.6858923150663045","504","0.504","151","0.6858923150663045","0","509","311.7829525483298","0.20312794918330354","0.20709751119902567","0.0","0.4788263762855414","0.0102843315184513","0.4788263762855414","500","0.5","138","0.4788263762855414","0","509","203.1167574107684","0.15401507537688552","0.15681192564902988","0.0","0.3266331658291457","0.0","0.3266331658291457","494","0.494","151","0.3266331658291457","0","509","153.89195979899606","0"
"0","95","2023-06-13","0.36432569100495366","0.3018875667468957","0.0","0.6532992490813229","0.484182776801406","0.6532992490813229","604","0.604","391","0.6532992490813229","0","609","364.31290941044836","0.2355093768905014","0.19929013225759443","0.0","0.4428312159709618","0.2891712038717483","0.4428312159709618","600","0.6","248","0.4428312159709618","0","609","235.50423472474276","0.0","0.0","0.0","0.0","0.0","0.0","0","0.0","0","0.0","-1","-1","0.0","0"
"0","96","2023-06-13","0.3238903978271295","0.2902848287720915","0.0","0.6191883687490014","0.480747723278479","0.6191883687490014","564","0.564","496","0.6191883687490014","0","569","323.8770570378654","0.25914428312159665","0.23395206139674207","0.0","0.5562613430127041","0.4035087719298245","0.5562613430127041","560","0.56","156","0.5562613430127041","0","569","259.1312764670295","0.15902010050251217","0.14326288356277808","0.0","0.3165829145728643","0.2663316582914573","0.3165829145728643","553","0.553","567","0.3165829145728643","0","567","158.89698492462261","0"
"0","97","2023-06-13","0.4598415082281514","0.36866226139901853","0.0","0.9042179261862916","0.7375778878415082","0.9042179261862916","615","0.615","45","0.9042179261862916","0","629","459.79896948394236","0.2675048396854207","0.21770204901349882","0.0","0.5414398064125832","0.3989715668481549","0.5414398064125832","610","0.61","32","0.5414398064125832","0","629","267.48684210526307","0.17168341708542897","0.13912736866446274","0.0","0.3165829145728643","0.2814070351758794","0.3165829145728643","604","0.604","627","0.3165829145728643","0","629","171.5603015075395","0"
"0","98","2023-06-13","0.2613944719603766","0.2801686583082335","0.0","0.6024924109282633","0.0","0.6024924109282633","474","0.474","143","0.6024924109282633","0","479","261.3791340469722","0.18682395644283128","0.20231722116981404","0.0","0.5090744101633394","0.0","0.5090744101633394","470","0.47","136","0.5090744101633394","0","479","186.81200846944955","0.13231155778894438","0.14248097508759755","0.0","0.3165829145728643","0.0","0.3165829145728643","464","0.464","477","0.3165829145728643","0","479","132.18844221105493","0"
"0","99","2023-06-13","0.44952300687010766","0.3317001088095164","0.0","0.8951110401022527","0.6775043936731108","0.8951110401022527","655","0.655","49","0.8951110401022527","0","659","449.48090749320835","0.24157501512401597","0.1906127812066631","0.0","0.6046581972171808","0.2891712038717483","0.6046581972171808","650","0.65","49","0.6046581972171808","0","659","241.5573200241983","0.19611055276381992","0.14681171979327762","0.0","0.3266331658291457","0.2964824120603015","0.3266331658291457","644","0.644","384","0.3266331658291457","0","659","195.98743718593047","0"
"0","100","2023-06-13","0.3058610001597701","0.2980455663530668","0.0","0.6310113436651222","0.4683256111199872","0.6310113436651222","524","0.524","155","0.6310113436651222","0","529","305.84610161367556","0.22539171203871755","0.22238321427774008","0.0","0.5626134301270418","0.3617664851784634","0.5626134301270418","520","0.52","132","0.5626134301270418","0","529","225.38082274652152","0.14665326633165862","0.1428135172686006","0.0","0.3165829145728643","0.2663316582914573","0.3165829145728643","514","0.514","527","0.3165829145728643","0","529","146.5301507537692","0"
"0","101","2023-06-13","0.5553579645310748","0.32208649597614236","0.0","0.9079725195718166","0.7299089311391596","0.9079725195718166","755","0.755","45","0.9079725195718166","0","769","555.3152660169355","0.3695523290986082","0.22834295917142072","0.0","0.7770719903206291","0.4358741681790684","0.7770719903206291","750","0.75","19","0.7770719903206291","0","769","369.53569267997483","0.21576381909547682","0.12895641747168413","0.0","1.0","0.2864321608040201","1.0","744","0.744","192","1.0","0","769","215.640703517587","0"
"0","102","2023-06-13","0.2962499600575171","0.2761038494190355","0.0","0.582840709378495","0.4634925706981946","0.582840709378495","544","0.544","237","0.582840709378495","0","549","296.23506151142254","0.23120114942528705","0.21962387151997573","0.0","0.5774349667271628","0.3554143980641258","0.5774349667271628","540","0.54","20","0.5774349667271628","0","549","231.18995765275275","0.15193969849246333","0.14214057098752156","0.0","0.3165829145728643","0.2663316582914573","0.3165829145728643","534","0.534","547","0.3165829145728643","0","549","151.81658291457367","0"
"0","103","2023-06-13","0.5352257549129256","0.3274381329169089","0.0","0.9021409170794056","0.7216807796772647","0.9021409170794056","734","0.734","18","0.9021409170794056","0","749","535.1850934654102","0.3502785843920135","0.2310246962072877","0.0","0.8738656987295825","0.4249848759830611","0.8738656987295825","730","0.73","49","0.8738656987295825","0","749","350.2614942528739","0.20523618090452514","0.1268954207880426","0.0","0.3165829145728643","0.2864321608040201","0.3165829145728643","724","0.724","747","0.3165829145728643","0","749","205.11306532663565","0"
"0","104","2023-06-13","0.3709001437929389","0.30812157429756754","0.0","0.6704745166959578","0.4811471481067263","0.6704745166959578","603","0.603","475","0.6704745166959578","0","609","370.88045214890565","0.2357667876588027","0.19943721301428358","0.0","0.454930429522081","0.2900786448880822","0.454930429522081","600","0.6","245","0.454930429522081","0","609","235.75695704779162","0.16711055276382075","0.13863336901616627","0.0","0.3165829145728643","0.271356783919598","0.3165829145728643","593","0.593","607","0.3165829145728643","0","607","166.9874371859313","0"
"0","105","2023-06-13","0.49116775842786403","0.32337761071172694","0.0","0.7420514459178783","0.7071417159290622","0.7420514459178783","704","0.704","301","0.7420514459178783","0","709","491.14011822975016","0.2989721718088319","0.20086793899253103","0.0","0.4969751966122202","0.3953418027828191","0.4969751966122202","700","0.7","228","0.4969751966122202","0","709","298.9575015124023","0.19673869346733894","0.13083445100337385","0.0","0.3165829145728643","0.2864321608040201","0.3165829145728643","694","0.694","707","0.3165829145728643","0","709","196.61557788944938","0"
"0","106","2023-06-13","0.454990493689087","0.32835117758344806","0.0","0.7258347978910369","0.6802204825051925","0.7258347978910369","664","0.664","503","0.7258347978910369","0","679","454.9620546413152","0.2653986690865093","0.19583053169640843","0.0","0.4909255898366606","0.3614640048396854","0.4909255898366606","660","0.66","170","0.4909255898366606","0","679","265.3843012704173","0.18541708542713764","0.13511380727236474","0.0","0.3165829145728643","0.2864321608040201","0.3165829145728643","654","0.654","677","0.3165829145728643","0","679","185.29396984924816","0"
"0","107","2023-06-13","0.49421712733663536","0.3251845968367289","0.0","0.7406135165361879","0.7114555040741333","0.7406135165361879","704","0.704","278","0.7406135165361879","0","709","494.1879693241728","0.3305208711433757","0.22310316711143743","0.0","0.5653357531760436","0.4346642468239564","0.5653357531760436","700","0.7","255","0.5653357531760436","0","709","330.5065033272837","0.19827135678392074","0.13191735454285433","0.0","0.3165829145728643","0.2864321608040201","0.3165829145728643","694","0.694","707","0.3165829145728643","0","709","198.14824120603103","0"
"0","108","2023-06-13","0.45798298450231617","0.3030065446358179","0.0","0.6963572455663845","0.6663204984821857","0.6963572455663845","704","0.704","685","0.6963572455663845","0","709","457.9584198753794","0.33328705384150137","0.22244107916115116","0.0","0.5471869328493648","0.454930429522081","0.5471869328493648","700","0.7","325","0.5471869328493648","0","709","333.27419842710304","0.19848241206030162","0.13218315686926707","0.0","0.3165829145728643","0.2763819095477386","0.3165829145728643","694","0.694","707","0.3165829145728643","0","709","198.35929648241196","0"
"0","109","2023-06-13","0.48802061032113764","0.32095432055101625","0.0","0.736858923150663","0.6934813868030036","0.736858923150663","704","0.704","667","0.736858923150663","0","709","487.994607764818","0.29366122202056716","0.195442381265802","0.0","0.469751966122202","0.4050211736237145","0.469751966122202","700","0.7","310","0.469751966122202","0","709","293.64564428312116","0.19711557788944792","0.13127499193289707","0.0","0.3165829145728643","0.2763819095477386","0.3165829145728643","694","0.694","707","0.3165829145728643","0","709","196.99246231155817","0"
"0","110","2023-06-13","0.5003073174628533","0.3293473148028633","0.0","0.7581083240134207","0.7194440006390798","0.7581083240134207","704","0.704","705","0.7581083240134207","0","709","500.27907812749754","0.291466727162733","0.19563091892641932","0.0","0.4818511796733212","0.3947368421052631","0.4818511796733212","700","0.7","329","0.4818511796733212","0","709","291.45069570477784","0.19950753768844193","0.13281618989975327","0.0","0.3165829145728643","0.2763819095477386","0.3165829145728643","694","0.694","707","0.3165829145728643","0","709","199.38442211055238","0"
"0","111","2023-06-13","0.3214707621025714","0.32651794436923226","0.0","0.7066624061351654","0.15238057197635402","0.7066624061351654","504","0.504","288","0.7066624061351654","0","509","321.45694200351704","0.2069373865698733","0.2115190124109425","0.0","0.5090744101633394","0.00892316999395035","0.5090744101633394","500","0.5","188","0.5090744101633394","0","509","206.92740471869328","0.13987939698492588","0.14167460158769382","0.0","0.3165829145728643","0.0","0.3165829145728643","494","0.494","507","0.3165829145728643","0","509","139.7562814070364","0"
"0","112","2023-06-13","0.4459289822655373","0.3577084607049577","0.0","0.886723118709059","0.7121744687649785","0.886723118709059","615","0.615","19","0.886723118709059","0","619","445.890597539543","0.26014882032667885","0.21266001820428748","0.0","0.5353901996370236","0.382032667876588","0.5353901996370236","610","0.61","29","0.5353901996370236","0","619","260.13097398669095","0.17284422110552844","0.140164724327159","0.0","0.3165829145728643","0.2763819095477386","0.3165829145728643","604","0.604","617","0.3165829145728643","0","619","172.72110552763885","0"
"0","113","2023-06-13","0.29563564467167286","0.29925210506564476","0.0","0.639399265058316","0.14291420354689244","0.639399265058316","504","0.504","154","0.639399265058316","0","509","295.621864515098","0.20144071385359927","0.205605765844927","0.0","0.4909255898366606","0.0086206896551724","0.4909255898366606","500","0.5","215","0.4909255898366606","0","509","201.4292196007257","0.15272361809045332","0.15572801373634051","0.0","0.3266331658291457","0.0","0.3266331658291457","494","0.494","162","0.3266331658291457","0","509","152.60050251256385","0"
"0","114","2023-06-13","0.4332221600894698","0.3477106135721841","0.0","0.8888001278159451","0.6928423070778079","0.8888001278159451","615","0.615","20","0.8888001278159451","0","619","433.1819380092664","0.25232395644283084","0.20767633049160808","0.0","0.5505142165759226","0.3647912885662432","0.5505142165759226","610","0.61","20","0.5505142165759226","0","619","252.30671506352144","0.17543216080402046","0.1427881359970791","0.0","0.3266331658291457","0.271356783919598","0.3266331658291457","604","0.604","532","0.3266331658291457","0","619","175.309045226131","0"
"0","115","2023-06-13","0.25685029557437233","0.27505715537404646","0.0","0.5865154177983704","0.0","0.5865154177983704","474","0.474","137","0.5865154177983704","0","479","256.83651541779847","0.18028554143980643","0.19332344644279328","0.0","0.4337568058076225","0.0","0.4337568058076225","470","0.47","20","0.4337568058076225","0","479","180.2728372655771","0.13233165829145757","0.14249332251349553","0.0","0.3165829145728643","0.0","0.3165829145728643","464","0.464","477","0.3165829145728643","0","479","132.20854271356808","0"
"0","116","2023-06-13","0.2669445598338383","0.2867084271671562","0.0","0.6189487138520531","0.0","0.6189487138520531","474","0.474","206","0.6189487138520531","0","479","266.9300207700903","0.18292558983666016","0.19603928866792372","0.0","0.4246823956442831","0.0","0.4246823956442831","470","0.47","149","0.4246823956442831","0","479","182.91394434361763","0.1415075376884431","0.15317258851596327","0.0","0.3266331658291457","0.0","0.3266331658291457","464","0.464","213","0.3266331658291457","0","479","141.38442211055366","0"
"0","117","2023-06-13","0.34102420514459203","0.30569608264380055","0.0","0.6513021249400863","0.5031155136603291","0.6513021249400863","564","0.564","170","0.6513021249400863","0","569","341.01146349257084","0.26838384754990885","0.24623069714183468","0.0","0.6200846944948578","0.3620689655172414","0.6200846944948578","560","0.56","157","0.6200846944948578","0","569","268.3729582577139","0.16012562814070497","0.14459660595978518","0.0","0.3266331658291457","0.271356783919598","0.3266331658291457","553","0.553","476","0.3266331658291457","0","567","160.00251256281553","0"
"0","118","2023-06-13","0.51620618309634","0.29087778324878005","0.0","0.7263141076849337","0.6806997922990893","0.7263141076849337","764","0.764","561","0.7263141076849337","0","769","516.1763061191886","0.3008357531760429","0.1787108059897115","0.0","0.484875983061101","0.337870538415003","0.484875983061101","760","0.76","365","0.484875983061101","0","769","300.8215366001207","0.22194472361809178","0.1285166532531089","0.0","0.3266331658291457","0.2864321608040201","0.3266331658291457","753","0.753","566","0.3266331658291457","0","767","221.82160804020236","0"
"0","119","2023-06-13","0.348455424189168","0.3128595753909594","0.0","0.6699153219364116","0.5017574692442882","0.6699153219364116","564","0.564","311","0.6699153219364116","0","569","348.44100495286705","0.27244101633393847","0.24715737149413805","0.0","0.6046581972171808","0.4150030248033878","0.6046581972171808","560","0.56","161","0.6046581972171808","0","569","272.42921960072636","0.15648241206030308","0.14079559083661153","0.0","0.3165829145728643","0.271356783919598","0.3165829145728643","553","0.553","567","0.3165829145728643","0","567","156.35929648241364","0"
"0","120","2023-06-13","0.27536675187729714","0.29763414142295175","0.0","0.6575331522607445","0.0","0.6575331522607445","474","0.474","377","0.6575331522607445","0","479","275.3525722958942","0.22656957047791854","0.24382353368006815","0.0","0.5505142165759226","0.0","0.5505142165759226","470","0.47","134","0.5505142165759226","0","479","226.55777374470668","0.13048241206030267","0.14041596999695682","0.0","0.3165829145728643","0.0","0.3165829145728643","464","0.464","477","0.3165829145728643","0","479","130.3592964824132","0"
"0","121","2023-06-13","0.5738201789423244","0.33171863176443106","0.0","0.8965489694839431","0.7558715449752357","0.8965489694839431","755","0.755","48","0.8965489694839431","0","779","573.777999680461","0.30641228070175724","0.19016220500587583","0.0","0.5716878402903811","0.3584392014519056","0.5716878402903811","750","0.75","238","0.5716878402903811","0","779","306.3944343617686","0.22855778894472575","0.13603022602853307","0.0","0.3266331658291457","0.2864321608040201","0.3266331658291457","743","0.743","337","0.3266331658291457","0","777","228.4346733668363","0"
"1","0","2023-06-14","0.47903666719923466","0.3149780742059175","0.0","0.7160089471161527","0.6878894392075411","0.7160089471161527","704","0.704","434","0.7160089471161527","0","709","479.01142355008574","0.3287885662431964","0.21997760977079636","0.0","0.5444646098003629","0.4398064125831821","0.5444646098003629","700","0.7","147","0.5444646098003629","0","709","328.7737447065953","0.197738693467338","0.131554055557393","0.0","0.3165829145728643","0.2864321608040201","0.3165829145728643","694","0.694","707","0.3165829145728643","0","709","197.61557788944842","0"
"1","2","2023-06-14","0.48617646588911784","0.32059111352805925","0.0","0.7287106566544176","0.7057836715130212","0.7287106566544176","704","0.704","523","0.7287106566544176","0","709","486.1493449432821","0.32504416212946186","0.21654587877268042","0.0","0.5414398064125832","0.4437386569872958","0.5414398064125832","700","0.7","22","0.5414398064125832","0","709","325.02934059286144","0.1969296482412084","0.1309516576180431","0.0","0.3165829145728643","0.2864321608040201","0.3165829145728643","694","0.694","707","0.3165829145728643","0","709","196.8065326633189","0"
"1","3","2023-06-14","0.2995876338073165","0.2918193017529185","0.0","0.6270969803482984","0.4517494807477232","0.6270969803482984","523","0.523","402","0.6270969803482984","0","529","299.56790222080224","0.21172958257713276","0.2114496209616968","0.0","0.5653357531760436","0.3257713248638838","0.5653357531760436","520","0.52","132","0.5653357531760436","0","529","211.71854204476742","0.147834170854271","0.14405041630034285","0.0","0.3165829145728643","0.2663316582914573","0.3165829145728643","514","0.514","527","0.3165829145728643","0","529","147.71105527638147","0"
"1","4","2023-06-14","0.2997785588752199","0.29194348657574815","0.0","0.6275762901421953","0.4516296532992491","0.6275762901421953","523","0.523","519","0.6275762901421953","0","529","299.76010544815375","0.201827888687235","0.20017304160005753","0.0","0.5414398064125832","0.3129159104658197","0.5414398064125832","520","0.52","132","0.5414398064125832","0","529","201.81624319419203","0.147683417085427","0.14390188254222622","0.0","0.3165829145728643","0.2663316582914573","0.3165829145728643","514","0.514","527","0.3165829145728643","0","529","147.56030150753736","0"
"1","5","2023-06-14","0.29457205623901456","0.2972314665269305","0.0","0.661048090749321","0.1399584598178622","0.661048090749321","504","0.504","135","0.661048090749321","0","509","294.5565186131971","0.21052873563218386","0.21459852152249037","0.0","0.5747126436781609","0.0101330913490623","0.5747126436781609","500","0.5","135","0.5747126436781609","0","509","210.51754385964864","0.14131155778894477","0.143526451927754","0.0","0.3165829145728643","0.0","0.3165829145728643","493","0.493","507","0.3165829145728643","0","507","141.1884422110553","0"
"1","6","2023-06-14","0.3026949193161846","0.307551832087996","0.0","0.6739894551845342","0.12685732545135","0.6739894551845342","504","0.504","280","0.6739894551845342","0","509","302.6804201949198","0.21961705989110714","0.2241280251118886","0.0","0.5263157894736842","0.0071082879612825","0.5263157894736842","500","0.5","130","0.5263157894736842","0","509","219.6067755595887","0.13929145728643344","0.14112875789466525","0.0","0.3165829145728643","0.0","0.3165829145728643","494","0.494","507","0.3165829145728643","0","509","139.16834170854392","0"
"1","7","2023-06-14","0.5037144112478009","0.33160715055110784","0.0","0.886723118709059","0.6946796612877456","0.886723118709059","705","0.705","35","0.886723118709059","0","719","503.6760265218081","0.28851330913490564","0.19457941549041208","0.0","0.6046581972171808","0.38173018753781","0.6046581972171808","700","0.7","38","0.6046581972171808","0","719","288.49440411373314","0.19953768844221093","0.13316191669610478","0.0","0.3165829145728643","0.2864321608040201","0.3165829145728643","694","0.694","717","0.3165829145728643","0","719","199.41457286432134","0"
"1","8","2023-06-14","0.3041929221920427","0.2835239978882091","0.0","0.6119987218405496","0.4703626777440485","0.6119987218405496","544","0.544","284","0.6119987218405496","0","549","304.1773446237419","0.20551209921355093","0.19731081947999127","0.0","0.5290381125226861","0.3278886872353297","0.5290381125226861","540","0.54","163","0.5290381125226861","0","549","205.50075620084758","0.16116582914572983","0.15168646284533607","0.0","0.3266331658291457","0.2663316582914573","0.3266331658291457","534","0.534","291","0.3266331658291457","0","549","161.04271356784037","0"
"1","9","2023-06-14","0.3090369068541303","0.31273370832997605","0.0","0.668956702348618","0.141636044096501","0.668956702348618","504","0.504","145","0.668956702348618","0","509","309.02116951589755","0.21603236539624943","0.21954667860427982","0.0","0.5444646098003629","0.0084694494857834","0.5444646098003629","500","0.5","132","0.5444646098003629","0","509","216.02283726557792","0.13943216080402135","0.14123866206756164","0.0","0.3165829145728643","0.0","0.3165829145728643","494","0.494","507","0.3165829145728643","0","509","139.30904522613184","0"
"1","11","2023-06-14","0.31333935133407875","0.29257158193679594","0.0","0.6314107684933695","0.4729189966448314","0.6314107684933695","544","0.544","279","0.6314107684933695","0","549","313.3245326729501","0.20484513006654695","0.19514287300418076","0.0","0.5030248033877798","0.338475499092559","0.5030248033877798","540","0.54","176","0.5030248033877798","0","549","204.8333333333345","0.16140703517588065","0.15190827607571122","0.0","0.3266331658291457","0.2663316582914573","0.3266331658291457","534","0.534","284","0.3266331658291457","0","549","161.28391959799117","0"
"1","12","2023-06-14","0.312433455823613","0.2908012639560022","0.0","0.6329285828407094","0.4889758747403738","0.6329285828407094","544","0.544","140","0.6329285828407094","0","549","312.41735900303513","0.2169404113732608","0.20511725109117823","0.0","0.5323653962492438","0.338173018753781","0.5323653962492438","540","0.54","140","0.5323653962492438","0","549","216.92997580157308","0.15260804020100582","0.14273593488465514","0.0","0.3165829145728643","0.271356783919598","0.3165829145728643","534","0.534","547","0.3165829145728643","0","549","152.48492462311617","0"
"1","13","2023-06-14","0.4836417159290601","0.31900196181728413","0.0","0.8876018533312031","0.6683176226234223","0.8876018533312031","705","0.705","42","0.8876018533312031","0","709","483.5999760345109","0.29339806412583197","0.20220138241203311","0.0","0.6833030852994555","0.3805202661826981","0.6833030852994555","700","0.7","28","0.6833030852994555","0","709","293.38067150635146","0.20162814070351706","0.13417110119865078","0.0","0.3165829145728643","0.2864321608040201","0.3165829145728643","694","0.694","707","0.3165829145728643","0","709","201.50502512562753","0"
"1","14","2023-06-14","0.2268643553283271","0.281024451282273","0.0","0.6353251318101933","0.0","0.6353251318101933","404","0.404","208","0.6353251318101933","0","409","226.85065505671753","0.14095523290986112","0.1775420133004833","0.0","0.484875983061101","0.0","0.484875983061101","400","0.4","155","0.484875983061101","0","409","140.94388989715674","0.11831155778894531","0.1477417755122418","0.0","0.3266331658291457","0.0","0.3266331658291457","394","0.394","212","0.3266331658291457","0","409","118.18844221105586","0"
"1","15","2023-06-14","0.3132561111998729","0.3054153469755371","0.0","0.6500239654896949","0.4664483144272248","0.6500239654896949","523","0.523","466","0.6500239654896949","0","529","313.2433695478512","0.19563853599516037","0.1932565360423357","0.0","0.5030248033877798","0.3070175438596491","0.5030248033877798","520","0.52","133","0.5030248033877798","0","529","195.63263762855408","0.0","0.0","0.0","0.0","0.0","0.0","0","0.0","0","0.0","-1","-1","0.0","0"
"1","16","2023-06-14","0.32508443840869183","0.3039779998557514","0.0","0.6532193641156734","0.4789902540341907","0.6532193641156734","544","0.544","299","0.6532193641156734","0","549","325.0691004952868","0.2290738052026618","0.21570218211414585","0.0","0.5263157894736842","0.3714458560193587","0.5263157894736842","540","0.54","136","0.5263157894736842","0","549","229.06246218995744","0.15119597989949896","0.1413424345193746","0.0","0.3165829145728643","0.271356783919598","0.3165829145728643","534","0.534","547","0.3165829145728643","0","549","151.07286432160947","0"
"1","17","2023-06-14","0.3133780955424196","0.3054116657500564","0.0","0.6516216648026841","0.4702029078127496","0.6516216648026841","524","0.524","161","0.6516216648026841","0","529","313.36535389039796","0.19222958257713207","0.1895472295141909","0.0","0.484875983061101","0.2864488808227465","0.484875983061101","520","0.52","151","0.484875983061101","0","529","192.22398669086488","0.0","0.0","0.0","0.0","0.0","0.0","0","0.0","0","0.0","-1","-1","0.0","0"
"1","18","2023-06-14","0.23984733983064352","0.2839739191622272","0.0","0.6269372104169996","0.0","0.6269372104169996","424","0.424","138","0.6269372104169996","0","429","239.83260105448105","0.17224561403508765","0.20551178711238535","0.0","0.4939503932244404","0.0","0.4939503932244404","420","0.42","138","0.4939503932244404","0","429","172.23593466424694","0.11723115577889463","0.13966891330320771","0.0","0.3165829145728643","0.0","0.3165829145728643","414","0.414","427","0.3165829145728643","0","429","117.1080402010052","0"
"1","19","2023-06-14","0.24567598657932496","0.2914165170718656","0.0","0.6580124620546414","0.0","0.6580124620546414","424","0.424","224","0.6580124620546414","0","429","245.66052883847217","0.16116454930429583","0.19596886641510733","0.0","0.5381125226860254","0.0","0.5381125226860254","420","0.42","137","0.5381125226860254","0","429","161.1541137326078","0.12454271356783997","0.14908958701715572","0.0","0.3266331658291457","0.0","0.3266331658291457","414","0.414","230","0.3266331658291457","0","429","124.41959798995052","0"
"1","20","2023-06-14","0.2748622783192207","0.3021667290616638","0.0","0.6535389039782713","0.0","0.6535389039782713","463","0.463","135","0.6535389039782713","0","469","274.848218565266","0.17588656987295848","0.19523701934907442","0.0","0.5090744101633394","0.0","0.5090744101633394","460","0.46","128","0.5090744101633394","0","469","175.8806715063521","0.0","0.0","0.0","0.0","0.0","0.0","0","0.0","0","0.0","-1","-1","0.0","0"
"1","21","2023-06-14","0.2577724077328643","0.2826849250546204","0.0","0.6149544655695798","0.0","0.6149544655695798","463","0.463","441","0.6149544655695798","0","469","257.75311551365985","0.1824095583787055","0.20069087184742834","0.0","0.484875983061101","0.0","0.484875983061101","460","0.46","138","0.484875983061101","0","469","182.39821536600093","0.16502512562814026","0.23471276825887896","0.0","1.0","0.0","1.0","454","0.454","154","1.0","0","469","164.90201005025077","0"
"1","22","2023-06-14","0.22837146509026807","0.2830001359152224","0.0","0.6425147787186452","0.0","0.6425147787186452","404","0.404","206","0.6425147787186452","0","409","228.35636683176142","0.13909618874773175","0.175979682755224","0.0","0.4939503932244404","0.0","0.4939503932244404","400","0.4","175","0.4939503932244404","0","409","139.08454325468847","0.11853266331658349","0.14798071449116992","0.0","0.3266331658291457","0.0","0.3266331658291457","394","0.394","212","0.3266331658291457","0","409","118.40954773869406","0"
"1","23","2023-06-14","0.2998200990573571","0.2919466971552591","0.0","0.6269372104169996","0.4523086755072695","0.6269372104169996","523","0.523","496","0.6269372104169996","0","529","299.8004473558073","0.20801935874168231","0.20307924053529652","0.0","0.469751966122202","0.32093163944343617","0.469751966122202","520","0.52","136","0.469751966122202","0","529","208.0074107682999","0.14667336683417062","0.14295317983860678","0.0","0.3165829145728643","0.2663316582914573","0.3165829145728643","514","0.514","527","0.3165829145728643","0","529","146.55025125628094","0"
"1","24","2023-06-14","0.2418622783192206","0.30065105088147087","0.0","0.7061830963412685","0.0","0.7061830963412685","404","0.404","174","0.7061830963412685","0","409","241.84845822016348","0.15173260738052002","0.1901715587375594","0.0","0.5290381125226861","0.0","0.5290381125226861","400","0.4","151","0.5290381125226861","0","409","151.7212643678157","0.12037185929648299","0.1501665181797977","0.0","0.3266331658291457","0.0","0.3266331658291457","394","0.394","178","0.3266331658291457","0","409","120.24874371859356","0"
"1","25","2023-06-14","0.31326577728071603","0.3053645357110067","0.0","0.6509027001118389","0.46716727911807","0.6509027001118389","523","0.523","159","0.6509027001118389","0","529","313.25303562869516","0.1958384754990926","0.19341551952881908","0.0","0.5060496067755595","0.29083484573502716","0.5060496067755595","520","0.52","132","0.5060496067755595","0","529","195.8325771324863","0.0","0.0","0.0","0.0","0.0","0.0","0","0.0","0","0.0","-1","-1","0.0","0"
"1","26","2023-06-14","0.2298239335357079","0.28484633537373755","0.0","0.641636044096501","0.0","0.641636044096501","404","0.404","209","0.641636044096501","0","409","229.80887521968302","0.14196460980036293","0.17972607410037622","0.0","0.5060496067755595","0.0","0.5060496067755595","400","0.4","166","0.5060496067755595","0","409","141.95266182698103","0.11861306532663375","0.14805278750562192","0.0","0.3266331658291457","0.0","0.3266331658291457","394","0.394","213","0.3266331658291457","0","409","118.48994974874431","0"
"1","27","2023-06-14","0.31322200031953984","0.30534349169775654","0.0","0.65074293018054","0.4694839431219044","0.65074293018054","523","0.523","163","0.65074293018054","0","529","313.2079805080683","0.1918245614035085","0.19069230657489283","0.0","0.4939503932244404","0.26920750151240164","0.4939503932244404","520","0.52","133","0.4939503932244404","0","529","191.8188142770717","0.0","0.0","0.0","0.0","0.0","0.0","0","0.0","0","0.0","-1","-1","0.0","0"
"1","28","2023-06-14","0.2415039942482818","0.28653040829233417","0.0","0.6273366352452469","0.0","0.6273366352452469","424","0.424","137","0.6273366352452469","0","429","241.48917558715448","0.17002692075015124","0.20315165433321475","0.0","0.4788263762855414","0.0","0.4788263762855414","420","0.42","213","0.4788263762855414","0","429","170.01663641863297","0.11706532663316607","0.13946913531698843","0.0","0.3165829145728643","0.0","0.3165829145728643","414","0.414","427","0.3165829145728643","0","429","116.94221105527663","0"
"1","29","2023-06-14","0.3035873142674555","0.2959212236914818","0.0","0.641636044096501","0.4495925866751877","0.641636044096501","523","0.523","453","0.641636044096501","0","529","303.5658651541781","0.20733726557773705","0.20243690965425007","0.0","0.4667271627344223","0.30611010284331513","0.4667271627344223","520","0.52","137","0.4667271627344223","0","529","207.32531760435603","0.14572864321608117","0.14196384571988208","0.0","0.3165829145728643","0.2663316582914573","0.3165829145728643","514","0.514","527","0.3165829145728643","0","529","145.6055276381917","0"
"1","30","2023-06-14","0.4772232784789872","0.29907880386792274","0.0","0.7001917239175587","0.664483144272248","0.7001917239175587","724","0.724","646","0.7001917239175587","0","729","477.19859402460486","0.3063109497882644","0.19548159607962431","0.0","0.484875983061101","0.4104658197217181","0.484875983061101","720","0.72","270","0.484875983061101","0","729","306.2947670901396","0.2015577889447261","0.12776967666664163","0.0","0.3165829145728643","0.2864321608040201","0.3165829145728643","714","0.714","727","0.3165829145728643","0","729","201.43467336683665","0"
"1","31","2023-06-14","0.3063895989774726","0.31144857060129255","0.0","0.6851733503754593","0.13700271608883205","0.6851733503754593","504","0.504","226","0.6851733503754593","0","509","306.37482025882775","0.22105474894131918","0.22951868904854753","0.0","0.5837870538415003","0.00786448880822745","0.5837870538415003","500","0.5","206","0.5837870538415003","0","509","221.04446460980023","0.1456633165829157","0.148254903634264","0.0","0.3266331658291457","0.0","0.3266331658291457","494","0.494","358","0.3266331658291457","0","509","145.54020100502626","0"
"1","32","2023-06-14","0.4404189966448319","0.35371422628939697","0.0","0.8860041540182138","0.6879693241731906","0.8860041540182138","615","0.615","36","0.8860041540182138","0","629","440.38081163125054","0.25322020568663056","0.2127903328518118","0.0","0.6258318209316395","0.3042952208106473","0.6258318209316395","610","0.61","29","0.6258318209316395","0","629","253.20311554749026","0.177567839195981","0.1448043033041411","0.0","0.3266331658291457","0.2663316582914573","0.3266331658291457","604","0.604","475","0.3266331658291457","0","629","177.44472361809153","0"
"1","33","2023-06-14","0.3086874101294136","0.2880022107858748","0.0","0.61791020929861","0.4737178463013261","0.61791020929861","544","0.544","485","0.61791020929861","0","549","308.6716727911809","0.2273154869933453","0.21350139135548393","0.0","0.4727767695099819","0.3405928614640048","0.4727767695099819","540","0.54","325","0.4727767695099819","0","549","227.3053539019968","0.15082412060301656","0.14104193007664878","0.0","0.3165829145728643","0.2663316582914573","0.3165829145728643","534","0.534","547","0.3165829145728643","0","549","150.70100502512707","0"
"1","34","2023-06-14","0.3747037066624055","0.3107943368568049","0.0","0.6714331362837515","0.4924109282633008","0.6714331362837515","604","0.604","409","0.6714331362837515","0","609","374.6839750758902","0.2504497882637626","0.21179093339664273","0.0","0.4969751966122202","0.322746521476104","0.4969751966122202","600","0.6","196","0.4969751966122202","0","609","250.43814277071937","0.16829145728643397","0.13925600541653307","0.0","0.3165829145728643","0.2763819095477386","0.3165829145728643","594","0.594","607","0.3165829145728643","0","609","168.1683417085445","0"
"1","35","2023-06-14","0.3642320658252121","0.30196713753934695","0.0","0.6509027001118389","0.4824253075571177","0.6509027001118389","603","0.603","392","0.6509027001118389","0","609","364.21804601374055","0.23701209921355063","0.1981941040325158","0.0","0.484875983061101","0.3684210526315789","0.484875983061101","600","0.6","142","0.484875983061101","0","609","237.00650332728327","0.0","0.0","0.0","0.0","0.0","0.0","0","0.0","0","0.0","-1","-1","0.0","0"
"1","36","2023-06-14","0.324108563668318","0.2906728149614384","0.0","0.6171113596421154","0.4791500239654896","0.6171113596421154","564","0.564","251","0.6171113596421154","0","569","324.10133407892585","0.25841560798548097","0.2346536251326851","0.0","0.5837870538415003","0.395946763460375","0.5837870538415003","560","0.56","181","0.5837870538415003","0","569","258.4077434966721","0.0","0.0","0.0","0.0","0.0","0.0","0","0.0","0","0.0","-1","-1","0.0","0"
"1","37","2023-06-14","0.46887585876338095","0.2928293845687392","0.0","0.6716727911806998","0.6505831602492411","0.6716727911806998","724","0.724","234","0.6716727911806998","0","729","468.8469004633342","0.2924449485783412","0.18732835904194572","0.0","0.4637023593466424","0.3889897156684815","0.4637023593466424","720","0.72","308","0.4637023593466424","0","729","292.4304295220804","0.20211055276382156","0.1280620115059086","0.0","0.3165829145728643","0.2864321608040201","0.3165829145728643","714","0.714","727","0.3165829145728643","0","729","201.98743718593212","0"
"1","38","2023-06-14","0.4411062470043128","0.354293480775091","0.0","0.8785748522128135","0.6848538105128614","0.8785748522128135","615","0.615","25","0.8785748522128135","0","629","441.06474676465774","0.26596188747731414","0.21782922055344123","0.0","0.5928614640048396","0.3835450695704779","0.5928614640048396","610","0.61","35","0.5928614640048396","0","629","265.9444948578346","0.17399999999999927","0.14127862759413917","0.0","0.3165829145728643","0.2663316582914573","0.3165829145728643","604","0.604","627","0.3165829145728643","0","629","173.87688442210967","0"
"1","39","2023-06-14","0.2339279437609843","0.27723625540324603","0.0","0.6084038983863237","0.0","0.6084038983863237","424","0.424","141","0.6084038983863237","0","429","233.91364435213242","0.15682425892316987","0.18870713079523466","0.0","0.454930429522081","0.0","0.454930429522081","420","0.42","154","0.454930429522081","0","429","156.81276467029642","0.11747738693467327","0.1400288126855013","0.0","0.3165829145728643","0.0","0.3165829145728643","414","0.414","427","0.3165829145728643","0","429","117.35427135678385","0"
"1","40","2023-06-14","0.2977339830643878","0.30144696789580816","0.0","0.6515417798370347","0.15202108963093142","0.6515417798370347","504","0.504","352","0.6515417798370347","0","509","297.71996325291605","0.2054286146400486","0.21453395656660865","0.0","0.5030248033877798","0.0087719298245614","0.5030248033877798","500","0.5","309","0.5030248033877798","0","509","205.4168179068358","0.13969849246231278","0.1415131051896986","0.0","0.3165829145728643","0.0","0.3165829145728643","494","0.494","507","0.3165829145728643","0","509","139.5753768844233","0"
"1","41","2023-06-14","0.22219555839590985","0.27463519384045504","0.0","0.6024125259626139","0.0","0.6024125259626139","404","0.404","137","0.6024125259626139","0","409","222.18141875698961","0.15122928009679354","0.1887946416995572","0.0","0.4667271627344223","0.0","0.4667271627344223","400","0.4","144","0.4667271627344223","0","409","151.21929824561366","0.11113065326633219","0.13803863464600385","0.0","0.3165829145728643","0.0","0.3165829145728643","394","0.394","407","0.3165829145728643","0","409","111.00753768844278","0"
"1","42","2023-06-14","0.22884550247643293","0.28346223721987635","0.0","0.6262981306918038","0.0","0.6262981306918038","404","0.404","270","0.6262981306918038","0","409","228.8308036427542","0.14993889897156676","0.18756205881031293","0.0","0.454930429522081","0.0","0.454930429522081","400","0.4","154","0.454930429522081","0","409","149.92906836055664","0.11075376884422179","0.13748383726810032","0.0","0.3165829145728643","0.0","0.3165829145728643","394","0.394","407","0.3165829145728643","0","409","110.63065326633235","0"
"1","43","2023-06-14","0.4503642754433599","0.29523823721159115","0.0","0.6618469404058156","0.6437130532033871","0.6618469404058156","704","0.704","536","0.6618469404058156","0","709","450.3357565106237","0.2884900181488192","0.19301914676424284","0.0","0.469751966122202","0.395946763460375","0.469751966122202","700","0.7","270","0.469751966122202","0","709","288.47534785238975","0.19756783919598125","0.131447541630116","0.0","0.3165829145728643","0.2864321608040201","0.3165829145728643","694","0.694","707","0.3165829145728643","0","709","197.44472361809167","0"
"1","44","2023-06-14","0.47299824253075123","0.3104858323638873","0.0","0.7042658571656815","0.6766256590509666","0.7042658571656815","704","0.704","359","0.7042658571656815","0","709","472.9706422751218","0.29416606170598814","0.19728158379488708","0.0","0.4818511796733212","0.4001814882032667","0.4818511796733212","700","0.7","265","0.4818511796733212","0","709","294.15184513006494","0.1967889447236205","0.13081021487386","0.0","0.3165829145728643","0.2864321608040201","0.3165829145728643","694","0.694","707","0.3165829145728643","0","709","196.66582914573098","0"
"1","45","2023-06-14","0.3128449432816745","0.3181092478801073","0.0","0.688208979070139","0.1416759865793257","0.688208979070139","504","0.504","418","0.688208979070139","0","509","312.8247323853653","0.20116333938294054","0.21061693388670027","0.0","0.484875983061101","0.0084694494857834","0.484875983061101","500","0.5","291","0.484875983061101","0","509","201.15199637023602","0.13931155778894597","0.141108021477912","0.0","0.3165829145728643","0.0","0.3165829145728643","494","0.494","507","0.3165829145728643","0","509","139.1884422110565","0"
"1","46","2023-06-14","0.31316975555200544","0.3188457489883507","0.0","0.6864515098258508","0.1432337434094903","0.6864515098258508","504","0.504","197","0.6864515098258508","0","509","313.1508627576292","0.1958554143980632","0.2056824965769068","0.0","0.4758015728977616","0.00741076830006045","0.4758015728977616","500","0.5","331","0.4758015728977616","0","509","195.8442226255289","0.13842211055276504","0.14023052984269277","0.0","0.3165829145728643","0.0","0.3165829145728643","494","0.494","507","0.3165829145728643","0","509","138.29899497487557","0"
"1","47","2023-06-14","0.5018545294775507","0.33020422698982943","0.0","0.7518772966927624","0.7223997443681099","0.7518772966927624","704","0.704","668","0.7518772966927624","0","709","501.8265297970928","0.2966088929219604","0.1988521612048792","0.0","0.4788263762855414","0.4071385359951603","0.4788263762855414","700","0.7","288","0.4788263762855414","0","709","296.5930127041739","0.19662814070351997","0.13073387144424087","0.0","0.3165829145728643","0.2864321608040201","0.3165829145728643","694","0.694","707","0.3165829145728643","0","709","196.50502512563048","0"
"1","48","2023-06-14","0.27679533471800516","0.29771537225338324","0.0","0.6386004154018213","0.0","0.6386004154018213","474","0.474","269","0.6386004154018213","0","479","276.7828327208825","0.20261010284331524","0.22184603066753225","0.0","0.5989110707803993","0.0","0.5989110707803993","470","0.47","32","0.5989110707803993","0","479","202.5972474289176","0.14364824120603112","0.15562308661392438","0.0","0.3266331658291457","0.0","0.3266331658291457","463","0.463","160","0.3266331658291457","0","477","143.52512562814167","0"
"1","49","2023-06-14","0.2983778558875208","0.3165290163378652","0.0","0.9114075730947436","0.0","0.9114075730947436","486","0.486","57","0.9114075730947436","0","499","298.3564467167285","0.18761070780399297","0.20984608218040762","0.0","0.8012704174228675","0.0","0.8012704174228675","480","0.48","10","0.8012704174228675","0","499","187.59346642468265","0.0","0.0","0.0","0.0","0.0","0.0","0","0.0","0","0.0","-1","-1","0.0","0"
"1","50","2023-06-14","0.2841510624700422","0.3121469070203862","0.0","0.8700271608883208","0.0","0.8700271608883208","466","0.466","57","0.8700271608883208","0","479","284.1288943920754","0.18150423472474303","0.20778377272728538","0.0","0.7078039927404719","0.0","0.7078039927404719","460","0.46","17","0.7078039927404719","0","479","181.48911070780417","0.0","0.0","0.0","0.0","0.0","0.0","0","0.0","0","0.0","-1","-1","0.0","0"
"1","51","2023-06-14","0.28412198434254904","0.31213802396871404","0.0","0.8590829205943441","0.0","0.8590829205943441","466","0.466","59","0.8590829205943441","0","479","284.10009586196117","0.18092831215970967","0.20544672604039632","0.0","0.7105263157894737","0.0","0.7105263157894737","460","0.46","15","0.7105263157894737","0","479","180.91303690260148","0.0","0.0","0.0","0.0","0.0","0.0","0","0.0","0","0.0","-1","-1","0.0","0"
"1","52","2023-06-14","0.3261853331203071","0.31770729565130923","0.0","0.7049848218565266","0.497603451030516","0.7049848218565266","524","0.524","221","0.7049848218565266","0","529","326.1715130212488","0.2049770114942536","0.2038420241740555","0.0","0.5444646098003629","0.3415003024803388","0.5444646098003629","520","0.52","135","0.5444646098003629","0","529","204.96536600121044","0.15729145728643332","0.15426615143526848","0.0","0.3266331658291457","0.271356783919598","0.3266331658291457","513","0.513","227","0.3266331658291457","0","527","157.16834170854386","0"
"1","53","2023-06-14","0.43383312030675664","0.3486754498536387","0.0","0.8788145071097619","0.671193481386803","0.8788145071097619","615","0.615","30","0.8788145071097619","0","629","433.7916200671029","0.2629277071990324","0.2142975234246262","0.0","0.5898366606170599","0.3883847549909255","0.5898366606170599","610","0.61","40","0.5898366606170599","0","629","262.91046581972205","0.17104522613065434","0.13880016979155108","0.0","0.3165829145728643","0.2663316582914573","0.3165829145728643","604","0.604","627","0.3165829145728643","0","629","170.9221105527649","0"
"1","54","2023-06-14","0.4040370666240614","0.3259569182559331","0.0","0.8876018533312031","0.6300527240773286","0.8876018533312031","615","0.615","40","0.8876018533312031","0","629","403.9953267295095","0.2514068360556564","0.20486647412701425","0.0","0.5683605565638233","0.3765880217785844","0.5683605565638233","610","0.61","47","0.5683605565638233","0","629","251.3891409558371","0.1710251256281422","0.1387186675088703","0.0","0.3165829145728643","0.271356783919598","0.3165829145728643","604","0.604","627","0.3165829145728643","0","629","170.90201005025276","0"
"1","55","2023-06-14","0.43015234062949204","0.3457686700838952","0.0","0.8806518613196996","0.6664802684134846","0.8806518613196996","615","0.615","40","0.8806518613196996","0","629","430.11092027480584","0.2567885662431942","0.20897716798579796","0.0","0.5653357531760436","0.3835450695704779","0.5653357531760436","610","0.61","47","0.5653357531760436","0","629","256.77087114337564","0.17138693467336788","0.13907408664347914","0.0","0.3165829145728643","0.2663316582914573","0.3165829145728643","604","0.604","627","0.3165829145728643","0","629","171.26381909547842","0"
"1","56","2023-06-14","0.4288266496245404","0.3447106176435036","0.0","0.8844064547052245","0.6675986579325771","0.8844064547052245","615","0.615","35","0.8844064547052245","0","629","428.7850694999209","0.2591330913490624","0.21055691066168378","0.0","0.5898366606170599","0.3977616454930429","0.5898366606170599","610","0.61","45","0.5898366606170599","0","629","259.1158499697516","0.17118592964824253","0.1388741125657724","0.0","0.3165829145728643","0.2663316582914573","0.3165829145728643","604","0.604","627","0.3165829145728643","0","629","171.06281407035308","0"
"1","57","2023-06-14","0.432329845023167","0.3471821382299116","0.0","0.900303562869468","0.6849336954785109","0.900303562869468","615","0.615","49","0.900303562869468","0","629","432.289263460617","0.2523596491228064","0.20508665796857942","0.0","0.5989110707803993","0.3850574712643678","0.5989110707803993","610","0.61","49","0.5989110707803993","0","629","252.34210526315746","0.1730452261306541","0.14034915031031833","0.0","0.3165829145728643","0.2763819095477386","0.3165829145728643","604","0.604","627","0.3165829145728643","0","629","172.92211055276468","0"
"1","58","2023-06-14","0.3168332001917239","0.30921393739139535","0.0","0.669995206902061","0.47343824892155295","0.669995206902061","524","0.524","199","0.669995206902061","0","529","316.82001917239194","0.22301240169389036","0.21903741777816355","0.0","0.5353901996370236","0.367211131276467","0.5353901996370236","520","0.52","129","0.5353901996370236","0","529","223.0009074410166","0.1451608040201019","0.14153328831129933","0.0","0.3165829145728643","0.271356783919598","0.3165829145728643","513","0.513","527","0.3165829145728643","0","527","145.0376884422124","0"
"1","59","2023-06-14","0.4376165521648806","0.3511592375527887","0.0","0.8999840230068701","0.7023486179900943","0.8999840230068701","615","0.615","33","0.8999840230068701","0","629","437.5759706023328","0.25662189957652753","0.2108529459418805","0.0","0.6594071385359952","0.3850574712643678","0.6594071385359952","610","0.61","23","0.6594071385359952","0","629","256.60390199637044","0.17222110552763928","0.1396487760852365","0.0","0.3165829145728643","0.2763819095477386","0.3165829145728643","604","0.604","627","0.3165829145728643","0","629","172.0979899497498","0"
"1","60","2023-06-14","0.5009249880172555","0.3299489745033452","0.0","0.7468445438568462","0.723278478990254","0.7468445438568462","704","0.704","350","0.7468445438568462","0","709","500.89706822176123","0.2982117362371448","0.19851256345403398","0.0","0.4788263762855414","0.4128856624319419","0.4788263762855414","700","0.7","223","0.4788263762855414","0","709","298.19676346037517","0.19696482412060543","0.13093085933813325","0.0","0.3165829145728643","0.2864321608040201","0.3165829145728643","694","0.694","707","0.3165829145728643","0","709","196.8417085427159","0"
"1","61","2023-06-14","0.31994416040901136","0.2990383361644838","0.0","0.6429940885125419","0.4790701389998402","0.6429940885125419","544","0.544","207","0.6429940885125419","0","549","319.9303003674704","0.22661373260738074","0.21347732709781844","0.0","0.5172413793103449","0.366908650937689","0.5172413793103449","540","0.54","157","0.5172413793103449","0","549","226.60269207501509","0.15091959798995122","0.14136830667218253","0.0","0.3165829145728643","0.271356783919598","0.3165829145728643","533","0.533","547","0.3165829145728643","0","547","150.79648241206175","0"
"1","62","2023-06-14","0.31004146029717167","0.30288151192146673","0.0","0.6505831602492411","0.4515897108164243","0.6505831602492411","523","0.523","314","0.6505831602492411","0","529","310.02360600734943","0.2077725347852389","0.20418268970033562","0.0","0.5199637023593466","0.3445251058681186","0.5199637023593466","520","0.52","134","0.5199637023593466","0","529","207.76134301270366","0.14548743718593102","0.14166734637653064","0.0","0.3165829145728643","0.2663316582914573","0.3165829145728643","514","0.514","527","0.3165829145728643","0","529","145.3643216080415","0"
"1","63","2023-06-14","0.3584858603610801","0.29808241874644864","0.0","0.645071097619428","0.4806678383128295","0.645071097619428","603","0.603","277","0.645071097619428","0","609","358.4668876817379","0.28025741076830096","0.23459054963717546","0.0","0.5807622504537205","0.4119782214156079","0.5807622504537205","600","0.6","147","0.5807622504537205","0","609","280.24606775559596","0.16944723618090574","0.14034462484140903","0.0","0.3165829145728643","0.271356783919598","0.3165829145728643","594","0.594","607","0.3165829145728643","0","609","169.324120603016","0"
"1","64","2023-06-14","0.22367295095063042","0.2907657602989859","0.0","0.6109602172871066","0.0","0.6109602172871066","470","0.47","231","0.6109602172871066","0","479","223.67175267614633","0.12871566848154894","0.16958391656844687","0.0","0.3808227465214761","0.0","0.3808227465214761","470","0.47","255","0.3808227465214761","0","479","128.71506352087118","0.0","0.0","0.0","0.0","0.0","0.0","0","0.0","0","0.0","-1","-1","0.0","0"
"1","64","2023-06-14","0.27019308196197545","0.2897656005580384","0.0","0.6147946956382809","0.0","0.6147946956382809","474","0.474","151","0.6147946956382809","0","479","270.1822575491295","0.15924410163339345","0.17118684448614443","0.0","0.4095583787053841","0.0","0.4095583787053841","470","0.47","141","0.4095583787053841","0","479","159.23684210526355","0.0","0.0","0.0","0.0","0.0","0.0","0","0.0","0","0.0","-1","-1","0.0","0"
"1","65","2023-06-14","0.31328263300846826","0.30539529664374254","0.0","0.6548969483943122","0.46868509346540976","0.6548969483943122","524","0.524","149","0.6548969483943122","0","529","313.27108963093195","0.1991911675741077","0.19603933646600366","0.0","0.4818511796733212","0.31775559588626734","0.4818511796733212","520","0.52","136","0.4818511796733212","0","529","199.1855716878409","0.0","0.0","0.0","0.0","0.0","0.0","0","0.0","0","0.0","-1","-1","0.0","0"
"1","67","2023-06-14","0.2973624380891523","0.3010316052521806","0.0","0.6621664802684135","0.13368749001437924","0.6621664802684135","504","0.504","189","0.6621664802684135","0","509","297.3494567822337","0.20368844525105917","0.20782023463157104","0.0","0.5595886267392619","0.0087719298245614","0.5595886267392619","500","0.5","129","0.5595886267392619","0","509","203.67649727767696","0.1523869346733679","0.1552109418787121","0.0","0.3266331658291457","0.0","0.3266331658291457","494","0.494","194","0.3266331658291457","0","509","152.26381909547845","0"
"1","68","2023-06-14","0.29672703307237563","0.3195408526402509","0.0","0.6915641476274165","0.0","0.6915641476274165","474","0.474","280","0.6915641476274165","0","479","296.7107764818661","0.17862159709618883","0.1936339292729447","0.0","0.4488808227465214","0.0","0.4488808227465214","470","0.47","201","0.4488808227465214","0","479","178.61191772534764","0.13073869346733782","0.14062872303150392","0.0","0.3165829145728643","0.0","0.3165829145728643","464","0.464","477","0.3165829145728643","0","479","130.61557788944833","0"
"1","69","2023-06-14","0.30445662246365196","0.2972098286346427","0.0","0.6354050167758428","0.4503115513660329","0.6354050167758428","523","0.523","218","0.6354050167758428","0","529","304.4366112797566","0.20874047186932804","0.20457823102144324","0.0","0.514216575922565","0.35178463399879006","0.514216575922565","520","0.52","131","0.514216575922565","0","529","208.72837265577712","0.1466582914572869","0.14286554783594854","0.0","0.3165829145728643","0.2663316582914573","0.3165829145728643","514","0.514","527","0.3165829145728643","0","529","146.53517587939734","0"
"1","70","2023-06-14","0.28834206742290974","0.314861051721033","0.0","0.8138680300367471","0.0","0.8138680300367471","465","0.465","30","0.8138680300367471","0","479","288.321257389358","0.19189473684210517","0.21535416990687603","0.0","0.6594071385359952","0.0","0.6594071385359952","460","0.46","24","0.6594071385359952","0","479","191.88188142770767","0.0","0.0","0.0","0.0","0.0","0.0","0","0.0","0","0.0","-1","-1","0.0","0"
"1","71","2023-06-14","0.3727298290461734","0.30983873432411807","0.0","0.6704745166959578","0.4811471481067263","0.6704745166959578","604","0.604","351","0.6704745166959578","0","609","372.7127736060072","0.25838082274652174","0.21916708849893426","0.0","0.5090744101633394","0.322746521476104","0.5090744101633394","600","0.6","201","0.5090744101633394","0","609","258.3688747731399","0.16740703517588118","0.1385751993744541","0.0","0.3165829145728643","0.271356783919598","0.3165829145728643","594","0.594","607","0.3165829145728643","0","609","167.2839195979917","0"
"1","72","2023-06-14","0.28824420833998976","0.3148570189695148","0.0","0.8199392874261064","0.0","0.8199392874261064","465","0.465","16","0.8199392874261064","0","479","288.22331842147196","0.19601905626134275","0.2214525189728421","0.0","0.7407743496672716","0.0","0.7407743496672716","460","0.46","12","0.7407743496672716","0","479","196.00604960677532","0.0","0.0","0.0","0.0","0.0","0.0","0","0.0","0","0.0","-1","-1","0.0","0"
"1","73","2023-06-14","0.5075722958939123","0.3345025250701592","0.0","0.7763220961814986","0.7337434094903339","0.7763220961814986","704","0.704","136","0.7763220961814986","0","709","507.5448953506938","0.34813793103448026","0.2323743800928632","0.0","0.6258318209316395","0.4664246823956443","0.6258318209316395","700","0.7","133","0.6258318209316395","0","709","348.1220508166969","0.196949748743721","0.1308924898259288","0.0","0.3165829145728643","0.2864321608040201","0.3165829145728643","694","0.694","707","0.3165829145728643","0","709","196.8266331658315","0"
"1","74","2023-06-14","0.28823941524205116","0.31481050430128255","0.0","0.8182617031474676","0.0","0.8182617031474676","465","0.465","19","0.8182617031474676","0","479","288.2169675667044","0.19406079854809458","0.21822727616446483","0.0","0.7138535995160314","0.0","0.7138535995160314","460","0.46","15","0.7138535995160314","0","479","194.04824561403504","0.0","0.0","0.0","0.0","0.0","0.0","0","0.0","0","0.0","-1","-1","0.0","0"
"1","75","2023-06-14","0.4818681898066731","0.3165622139812381","0.0","0.7157692922192044","0.6933216168717048","0.7157692922192044","704","0.704","494","0.7157692922192044","0","709","481.84015018373475","0.3004107683000589","0.20048609680851645","0.0","0.4818511796733212","0.4098608590441621","0.4818511796733212","700","0.7","184","0.4818511796733212","0","709","300.39655172413694","0.1972763819095497","0.13122732756445887","0.0","0.3165829145728643","0.2864321608040201","0.3165829145728643","694","0.694","707","0.3165829145728643","0","709","197.1532663316602","0"
"1","76","2023-06-14","0.31519555839590985","0.3195285878750255","0.0","0.6980348298450232","0.14507109761942794","0.6980348298450232","504","0.504","491","0.6980348298450232","0","509","315.1818980667837","0.21176043557168775","0.21585502606531332","0.0","0.5323653962492438","0.0083182093163944","0.5323653962492438","500","0.5","137","0.5323653962492438","0","509","211.74909255898382","0.14001005025125748","0.14190984632764475","0.0","0.3266331658291457","0.0","0.3266331658291457","494","0.494","497","0.3266331658291457","0","509","139.88693467336802","0"
"1","77","2023-06-14","0.5036752676146328","0.3313033658409483","0.0","0.7494807477232784","0.728950311551366","0.7494807477232784","704","0.704","376","0.7494807477232784","0","709","503.64734781913944","0.29951663641863197","0.20062098830167868","0.0","0.4818511796733212","0.4134906231094978","0.4818511796733212","700","0.7","243","0.4818511796733212","0","709","299.5024198427094","0.19670351758794205","0.13074322994696658","0.0","0.3165829145728643","0.2864321608040201","0.3165829145728643","694","0.694","707","0.3165829145728643","0","709","196.58040201005258","0"
"1","78","2023-06-14","0.4822524364914472","0.3168225389414535","0.0","0.7124940086275763","0.6956382808755392","0.7124940086275763","704","0.704","188","0.7124940086275763","0","709","482.23142674548484","0.29532274652147494","0.19817395086320136","0.0","0.469751966122202","0.4050211736237145","0.469751966122202","700","0.7","252","0.469751966122202","0","709","295.3107985480942","0.0","0.0","0.0","0.0","0.0","0.0","0","0.0","0","0.0","-1","-1","0.0","0"
"1","79","2023-06-14","0.3084324173190616","0.29996152121482617","0.0","0.6390797251957182","0.4761942802364595","0.6390797251957182","524","0.524","139","0.6390797251957182","0","529","308.4186371624862","0.21627676950998193","0.21166788000347989","0.0","0.5414398064125832","0.3650937689050211","0.5414398064125832","520","0.52","132","0.5414398064125832","0","529","216.26406533575303","0.14634170854271483","0.1424490715533599","0.0","0.3165829145728643","0.271356783919598","0.3165829145728643","514","0.514","527","0.3165829145728643","0","529","146.21859296482526","0"
"1","80","2023-06-14","0.3131985940246048","0.3053968266109211","0.0","0.6479469563828087","0.4693241731906055","0.6479469563828087","523","0.523","142","0.6479469563828087","0","529","313.18585237258344","0.20333091349062316","0.20055499846324146","0.0","0.514216575922565","0.3266787658802177","0.514216575922565","520","0.52","132","0.514216575922565","0","529","203.32486388384763","0.0","0.0","0.0","0.0","0.0","0.0","0","0.0","0","0.0","-1","-1","0.0","0"
"1","81","2023-06-14","0.3100360281195084","0.3018062921517331","0.0","0.6393193800926665","0.4731586515417798","0.6393193800926665","524","0.524","255","0.6393193800926665","0","529","310.02220802045","0.21520871143375692","0.21113354540406196","0.0","0.5505142165759226","0.3647912885662432","0.5505142165759226","520","0.52","141","0.5505142165759226","0","529","215.1969147005446","0.14610050251256415","0.14224377023068532","0.0","0.3165829145728643","0.2663316582914573","0.3165829145728643","514","0.514","527","0.3165829145728643","0","529","145.97738693467468","0"
"1","82","2023-06-14","0.3643216168717043","0.3019521655949317","0.0","0.6516216648026841","0.482984502316664","0.6516216648026841","604","0.604","323","0.6516216648026841","0","609","364.3101533791338","0.23874349667271633","0.20044170450887208","0.0","0.4818511796733212","0.3472474289171204","0.4818511796733212","600","0.6","153","0.4818511796733212","0","609","238.73790078644907","0.0","0.0","0.0","0.0","0.0","0.0","0","0.0","0","0.0","-1","-1","0.0","0"
"1","83","2023-06-14","0.30880979389678886","0.28789742887048514","0.0","0.6191883687490014","0.4758747403738616","0.6191883687490014","544","0.544","134","0.6191883687490014","0","549","308.79645310752585","0.2194854809437385","0.2066017550045955","0.0","0.5381125226860254","0.352389594676346","0.5381125226860254","540","0.54","134","0.5381125226860254","0","549","219.47398669086488","0.1519497487437197","0.14240405923981808","0.0","0.3165829145728643","0.271356783919598","0.3165829145728643","533","0.533","547","0.3165829145728643","0","547","151.82663316583003","0"
"1","85","2023-06-14","0.2901632848697876","0.29414692208888255","0.0","0.6267774404857006","0.1253395111040102","0.6267774404857006","504","0.504","170","0.6267774404857006","0","509","290.14978431059194","0.21084422262552932","0.21496080286206135","0.0","0.5505142165759226","0.0086206896551724","0.5505142165759226","500","0.5","127","0.5505142165759226","0","509","210.8313672111314","0.15363819095477493","0.15658395668627223","0.0","0.3266331658291457","0.0","0.3266331658291457","494","0.494","146","0.3266331658291457","0","509","153.51507537688548","0"
"1","86","2023-06-14","0.44056838153059424","0.3535550900586134","0.0","0.8848058795334718","0.7009106886084039","0.8848058795334718","615","0.615","32","0.8848058795334718","0","629","440.52676146349205","0.26178554143980587","0.21425013755552813","0.0","0.6046581972171808","0.3793103448275862","0.6046581972171808","610","0.61","39","0.6046581972171808","0","629","261.7678463399876","0.17438693467336658","0.14150193347385426","0.0","0.3165829145728643","0.271356783919598","0.3165829145728643","604","0.604","627","0.3165829145728643","0","629","174.26381909547695","0"
"1","87","2023-06-14","0.32360265218085965","0.2899852671939802","0.0","0.6150343505352293","0.4799488736219843","0.6150343505352293","564","0.564","143","0.6150343505352293","0","569","323.58939127656095","0.2594497882637631","0.23414302083609595","0.0","0.5595886267392619","0.4101633393829401","0.5595886267392619","560","0.56","143","0.5595886267392619","0","569","259.43784029038096","0.1581155778894474","0.14238095352209448","0.0","0.3165829145728643","0.271356783919598","0.3165829145728643","553","0.553","567","0.3165829145728643","0","567","157.99246231155763","0"
"1","88","2023-06-14","0.44039071736698976","0.35324397611746927","0.0","0.8892794376098418","0.7044256270969803","0.8892794376098418","615","0.615","40","0.8892794376098418","0","629","440.3488975874737","0.2620432546884454","0.21423020627613398","0.0","0.5716878402903811","0.3811252268602541","0.5716878402903811","610","0.61","40","0.5716878402903811","0","629","262.0254083484576","0.17323618090452275","0.14052890493379258","0.0","0.3165829145728643","0.2763819095477386","0.3165829145728643","604","0.604","627","0.3165829145728643","0","629","173.1130653266331","0"
"1","89","2023-06-14","0.4414526282153711","0.35412193106350986","0.0","0.9021409170794056","0.7075411407573095","0.9021409170794056","615","0.615","48","0.9021409170794056","0","629","441.4102092986105","0.26126739261947984","0.21272481206921692","0.0","0.5595886267392619","0.3838475499092559","0.5595886267392619","610","0.61","48","0.5595886267392619","0","629","261.24984875983085","0.17195979899497588","0.13950219388755952","0.0","0.3165829145728643","0.271356783919598","0.3165829145728643","604","0.604","627","0.3165829145728643","0","629","171.83668341708625","0"
"1","90","2023-06-14","0.31284917718485256","0.3168209586590853","0.0","0.6919635724556639","0.15250039942482818","0.6919635724556639","504","0.504","156","0.6919635724556639","0","509","312.83419875379496","0.20714367816091953","0.210941404939819","0.0","0.4879007864488808","0.0086206896551724","0.4879007864488808","500","0.5","146","0.4879007864488808","0","509","207.1321839080458","0.15337185929648353","0.15628104824725822","0.0","0.3266331658291457","0.0","0.3266331658291457","494","0.494","156","0.3266331658291457","0","509","153.24874371859406","0"
"1","91","2023-06-14","0.316383847259946","0.3212757188549831","0.0","0.6920434574213133","0.14922511583320014","0.6920434574213133","504","0.504","446","0.6920434574213133","0","509","316.37030675826804","0.2128106473079251","0.21666853679533724","0.0","0.5172413793103449","0.00801572897761645","0.5172413793103449","500","0.5","143","0.5172413793103449","0","509","212.8005142165759","0.13982412060301633","0.1416151706890138","0.0","0.3165829145728643","0.0","0.3165829145728643","494","0.494","507","0.3165829145728643","0","509","139.70100502512685","0"
"1","92","2023-06-14","0.30654201949193133","0.31029232921944966","0.0","0.6618469404058156","0.14590988975874736","0.6618469404058156","504","0.504","346","0.6618469404058156","0","509","306.5277200830805","0.2091654567453114","0.21259396661212476","0.0","0.5199637023593466","0.00801572897761645","0.5199637023593466","500","0.5","136","0.5199637023593466","0","509","209.1553236539624","0.13940703517588066","0.14125568575588301","0.0","0.3165829145728643","0.0","0.3165829145728643","494","0.494","507","0.3165829145728643","0","509","139.2839195979912","0"
"1","93","2023-06-14","0.3002394152420521","0.3039152652801482","0.0","0.6527400543217766","0.1420354689247483","0.6527400543217766","504","0.504","446","0.6527400543217766","0","509","300.22535548809725","0.20862522686025442","0.21223130735915866","0.0","0.5353901996370236","0.0083182093163944","0.5353901996370236","500","0.5","136","0.5353901996370236","0","509","208.61373260738074","0.13992964824120727","0.14182470416306753","0.0","0.3165829145728643","0.0","0.3165829145728643","494","0.494","507","0.3165829145728643","0","509","139.8065326633178","0"
"1","94","2023-06-14","0.30265921073653973","0.306556473049895","0.0","0.6703946317303083","0.14718804920913886","0.6703946317303083","504","0.504","197","0.6703946317303083","0","509","302.64475155775676","0.20110980036297602","0.20532934607495845","0.0","0.5263157894736842","0.0102843315184513","0.5263157894736842","500","0.5","144","0.5263157894736842","0","509","201.0995160314573","0.15214070351758902","0.15494702706874988","0.0","0.3266331658291457","0.0","0.3266331658291457","494","0.494","202","0.3266331658291457","0","509","152.01758793969955","0"
"1","95","2023-06-14","0.3643749800287589","0.301902301808539","0.0","0.6513820099057357","0.482824732385365","0.6513820099057357","604","0.604","145","0.6513820099057357","0","609","364.3622383767378","0.23155172413793093","0.19649925087608278","0.0","0.4519056261343013","0.2897761645493042","0.4519056261343013","600","0.6","222","0.4519056261343013","0","609","231.54643073200222","0.0","0.0","0.0","0.0","0.0","0.0","0","0.0","0","0.0","-1","-1","0.0","0"
"1","96","2023-06-14","0.3231503435053511","0.289725099718042","0.0","0.6196676785428983","0.4786707141715929","0.6196676785428983","564","0.564","445","0.6196676785428983","0","569","323.13700271608894","0.2597347247428919","0.23489182457156318","0.0","0.5716878402903811","0.4077434966727162","0.5716878402903811","560","0.56","142","0.5716878402903811","0","569","259.7214156079851","0.15873869346733652","0.14297821019897486","0.0","0.3165829145728643","0.2663316582914573","0.3165829145728643","553","0.553","567","0.3165829145728643","0","567","158.61557788944694","0"
"1","97","2023-06-14","0.43604968844863506","0.35019152203288534","0.0","0.9034989614954464","0.6944400063907973","0.9034989614954464","615","0.615","49","0.9034989614954464","0","629","436.0071896469093","0.2601960072595284","0.211039116580981","0.0","0.5716878402903811","0.3989715668481549","0.5716878402903811","610","0.61","46","0.5716878402903811","0","629","260.1781609195399","0.17129648241206213","0.13883306789774716","0.0","0.3165829145728643","0.2864321608040201","0.3165829145728643","604","0.604","627","0.3165829145728643","0","629","171.1733668341727","0"
"1","98","2023-06-14","0.2599461575331519","0.2789669524937102","0.0","0.5999360920274804","0.0","0.5999360920274804","474","0.474","361","0.5999360920274804","0","479","259.9308995047133","0.19129461584996998","0.20670096048044925","0.0","0.5030248033877798","0.0","0.5030248033877798","470","0.47","137","0.5030248033877798","0","479","191.28281911675762","0.13325125628140666","0.14352234826994056","0.0","0.3165829145728643","0.0","0.3165829145728643","464","0.464","477","0.3165829145728643","0","479","133.12814070351718","0"
"1","99","2023-06-14","0.45041060872343547","0.3323552624924179","0.0","0.8948713852053044","0.6772647387761623","0.8948713852053044","655","0.655","49","0.8948713852053044","0","659","450.3685093465419","0.23606684815487095","0.18593030045565143","0.0","0.6079854809437386","0.3003629764065336","0.6079854809437386","650","0.65","49","0.6079854809437386","0","659","236.04900181488085","0.19901507537688592","0.14907449842496365","0.0","0.3266331658291457","0.2864321608040201","0.3266331658291457","644","0.644","281","0.3266331658291457","0","659","198.8919597989965","0"
"1","100","2023-06-14","0.3122577088991852","0.30437467343339736","0.0","0.6510624700431379","0.4672471640837194","0.6510624700431379","524","0.524","259","0.6510624700431379","0","529","312.2436890877145","0.22416938898971578","0.22013929780765948","0.0","0.5381125226860254","0.3650937689050211","0.5381125226860254","520","0.52","133","0.5381125226860254","0","529","224.15789473684202","0.1455376884422124","0.14162784651298785","0.0","0.3165829145728643","0.2663316582914573","0.3165829145728643","514","0.514","527","0.3165829145728643","0","529","145.41457286432296","0"
"1","101","2023-06-14","0.5588280076689579","0.3238800595857503","0.0","0.91196676785429","0.7366991532193641","0.91196676785429","755","0.755","28","0.91196676785429","0","769","558.7869068541294","0.3620665456745317","0.21829357824574647","0.0","0.677555958862674","0.4382940108892922","0.677555958862674","750","0.75","15","0.677555958862674","0","769","362.04930429522096","0.21419095477386937","0.12635754323188533","0.0","0.3165829145728643","0.2864321608040201","0.3165829145728643","744","0.744","767","0.3165829145728643","0","769","214.0678391959794","0"
"1","102","2023-06-14","0.31720131011343566","0.29579931145963195","0.0","0.6338073174628535","0.4865793257708899","0.6338073174628535","544","0.544","232","0.6338073174628535","0","549","317.18637162485965","0.22803357531760426","0.21552459637824986","0.0","0.5323653962492438","0.3548094373865699","0.5323653962492438","540","0.54","152","0.5323653962492438","0","549","228.02223230490014","0.15121105527638337","0.14135766094688937","0.0","0.3165829145728643","0.271356783919598","0.3165829145728643","534","0.534","547","0.3165829145728643","0","549","151.0879396984939","0"
"1","103","2023-06-14","0.5285010385045528","0.32312048799775955","0.0","0.9154817063428664","0.7108164243489375","0.9154817063428664","735","0.735","49","0.9154817063428664","0","749","528.459777919795","0.35154083484573495","0.2326832294290119","0.0","0.8735632183908046","0.4228675136116152","0.8735632183908046","730","0.73","26","0.8735632183908046","0","749","351.5237447065949","0.20543216080402266","0.12697756062191673","0.0","0.3165829145728643","0.2864321608040201","0.3165829145728643","724","0.724","747","0.3165829145728643","0","749","205.30904522613315","0"
"1","104","2023-06-14","0.39077232784790367","0.3255849860953214","0.0","0.7167279118069979","0.4918517335037546","0.7167279118069979","604","0.604","431","0.7167279118069979","0","609","390.75267614635135","0.24217332123411847","0.20804168392219766","0.0","0.4758015728977616","0.2622504537205081","0.4758015728977616","600","0.6","382","0.4758015728977616","0","609","242.16212946158473","0.16744221105527826","0.13885304698621778","0.0","0.3165829145728643","0.2763819095477386","0.3165829145728643","593","0.593","607","0.3165829145728643","0","607","167.31909547738877","0"
"1","105","2023-06-14","0.5082962134526293","0.3348910024591603","0.0","0.7717686531394792","0.7324652500399425","0.7717686531394792","704","0.704","299","0.7717686531394792","0","709","508.2674948074779","0.30412189957652824","0.206831621177852","0.0","0.5263157894736842","0.3941318814277072","0.5263157894736842","700","0.7","259","0.5263157894736842","0","709","304.107531760436","0.1969396984924647","0.1309126261248209","0.0","0.3165829145728643","0.2864321608040201","0.3165829145728643","694","0.694","707","0.3165829145728643","0","709","196.81658291457524","0"
"1","106","2023-06-14","0.4505636683176199","0.32450498490575286","0.0","0.706262981306918","0.6867710496884486","0.706262981306918","664","0.664","348","0.706262981306918","0","679","450.53451030516163","0.26685601935874165","0.1975184292764399","0.0","0.514216575922565","0.3629764065335753","0.514216575922565","660","0.66","168","0.514216575922565","0","679","266.8399879007862","0.18560804020100674","0.1352367560142889","0.0","0.3165829145728643","0.2864321608040201","0.3165829145728643","654","0.654","677","0.3165829145728643","0","679","185.48492462311705","0"
"1","107","2023-06-14","0.4988351973158623","0.3286661558393315","0.0","0.7511583320019173","0.7217606646429142","0.7511583320019173","704","0.704","334","0.7511583320019173","0","709","498.80575970602183","0.3385081669691469","0.22839437530399753","0.0","0.5653357531760436","0.4522081064730792","0.5653357531760436","700","0.7","248","0.5653357531760436","0","709","338.4916817906836","0.19666331658291694","0.1307728003639036","0.0","0.3165829145728643","0.2864321608040201","0.3165829145728643","694","0.694","707","0.3165829145728643","0","709","196.54020100502746","0"
"1","108","2023-06-14","0.438988816104809","0.28998878024490504","0.0","0.6678383128295254","0.6364435213292858","0.6678383128295254","703","0.703","140","0.6678383128295254","0","709","438.9652500399415","0.3504863883847549","0.23463447973527268","0.0","0.6110102843315185","0.4791288566243194","0.6110102843315185","700","0.7","160","0.6110102843315185","0","709","350.4732304900183","0.21581909547738895","0.1449988045358839","0.0","0.3266331658291457","0.3266331658291457","0.3266331658291457","694","0.694","195","0.3266331658291457","0","709","215.6959798994995","0"
"1","109","2023-06-14","0.4883304841028911","0.3208209709631318","0.0","0.7387761623262502","0.7010704585397028","0.7387761623262502","704","0.704","175","0.7387761623262502","0","709","488.30444160408956","0.2955653357531748","0.1979213079816854","0.0","0.4818511796733212","0.4080459770114942","0.4818511796733212","700","0.7","312","0.4818511796733212","0","709","295.5493042952196","0.1968643216080416","0.13097997651790128","0.0","0.3165829145728643","0.2763819095477386","0.3165829145728643","694","0.694","707","0.3165829145728643","0","709","196.74120603015177","0"
"1","110","2023-06-14","0.494207860680618","0.32483613829921554","0.0","0.7410928263300847","0.71193481386803","0.7410928263300847","704","0.704","132","0.7410928263300847","0","709","494.1787026681561","0.29807410768300174","0.2011634479487852","0.0","0.4969751966122202","0.4107683000604961","0.4969751966122202","700","0.7","312","0.4969751966122202","0","709","298.05762250453756","0.19704522613065453","0.13113123396120663","0.0","0.3165829145728643","0.2763819095477386","0.3165829145728643","694","0.694","707","0.3165829145728643","0","709","196.92211055276482","0"
"1","111","2023-06-14","0.3144483943121909","0.3189781525500698","0.0","0.6851733503754593","0.1504233903179421","0.6851733503754593","504","0.504","317","0.6851733503754593","0","509","314.4349736379619","0.21014277071990287","0.21547743684721554","0.0","0.5290381125226861","0.0081669691470054","0.5290381125226861","500","0.5","147","0.5290381125226861","0","509","210.1324863883847","0.13974874371859422","0.14153557818058274","0.0","0.3165829145728643","0.0","0.3165829145728643","494","0.494","507","0.3165829145728643","0","509","139.62562814070472","0"
"1","112","2023-06-14","0.4371421952388552","0.3508595829933218","0.0","0.8862438089151622","0.695079086115993","0.8862438089151622","615","0.615","32","0.8862438089151622","0","619","437.10397028279226","0.25891651542649763","0.2104971569071509","0.0","0.5471869328493648","0.3883847549909255","0.5471869328493648","610","0.61","45","0.5471869328493648","0","619","258.89730792498455","0.1735979899497489","0.14087031427272692","0.0","0.3165829145728643","0.271356783919598","0.3165829145728643","604","0.604","617","0.3165829145728643","0","619","173.47487437185927","0"
"1","113","2023-06-14","0.2986993129892961","0.3024770640652864","0.0","0.6501038504553444","0.14527081003355163","0.6501038504553444","504","0.504","286","0.6501038504553444","0","509","298.68529317782463","0.20762764670296405","0.21325451269213863","0.0","0.5199637023593466","0.0101330913490623","0.5199637023593466","500","0.5","206","0.5199637023593466","0","509","207.61751361161512","0.13908542713567965","0.14090727493566454","0.0","0.3165829145728643","0.0","0.3165829145728643","494","0.494","507","0.3165829145728643","0","509","138.96231155779014","0"
"1","114","2023-06-14","0.42854721201469714","0.34408815308522045","0.0","0.8878415082281514","0.6824572615433775","0.8878415082281514","615","0.615","24","0.8878415082281514","0","619","428.5054321776656","0.23955777374470694","0.1984009570655042","0.0","0.5172413793103449","0.3284936479128856","0.5172413793103449","610","0.61","37","0.5172413793103449","0","619","239.5405323653967","0.18097487437186022","0.14778874857101557","0.0","0.3266331658291457","0.2663316582914573","0.3266331658291457","604","0.604","377","0.3266331658291457","0","619","180.85175879397073","0"
"1","115","2023-06-14","0.2659866592107361","0.2854346078886812","0.0","0.6109602172871066","0.0","0.6109602172871066","474","0.474","270","0.6109602172871066","0","479","265.97343824892096","0.18091379310344824","0.194091355954863","0.0","0.4277071990320629","0.0","0.4277071990320629","470","0.47","20","0.4277071990320629","0","479","180.9021476104054","0.13051256281407142","0.14042841159955663","0.0","0.3165829145728643","0.0","0.3165829145728643","464","0.464","477","0.3165829145728643","0","479","130.38944723618195","0"
"1","116","2023-06-14","0.26536810992171234","0.2848766337525169","0.0","0.6128774564626938","0.0","0.6128774564626938","474","0.474","293","0.6128774564626938","0","479","265.3536906854125","0.1854558378705384","0.19930780461165537","0.0","0.4428312159709618","0.0","0.4428312159709618","470","0.47","183","0.4428312159709618","0","479","185.44464609800374","0.1305728643216091","0.1405075577271195","0.0","0.3165829145728643","0.0","0.3165829145728643","464","0.464","477","0.3165829145728643","0","479","130.44974874371962","0"
"1","118","2023-06-14","0.5339306598498152","0.30117435000083864","0.0","0.7379773126697555","0.7061830963412685","0.7379773126697555","764","0.764","749","0.7379773126697555","0","769","533.9003035628689","0.3076427707199035","0.17954872755684323","0.0","0.4788263762855414","0.3977616454930429","0.4788263762855414","760","0.76","379","0.4788263762855414","0","769","307.62779794313377","0.21473869346733754","0.12335037716840251","0.0","0.3165829145728643","0.2864321608040201","0.3165829145728643","753","0.753","767","0.3165829145728643","0","767","214.6155778894476","0"
"1","121","2023-06-14","0.5814116472279924","0.3360030533990612","0.0","0.8930340309953667","0.7704106087234383","0.8930340309953667","755","0.755","23","0.8930340309953667","0","779","581.369627736061","0.31051421657592304","0.18998318085948032","0.0","0.5653357531760436","0.3747731397459165","0.5653357531760436","750","0.75","217","0.5653357531760436","0","779","310.4965214761033","0.22927135678392155","0.13639790374768956","0.0","0.3266331658291457","0.2964824120603015","0.3266331658291457","743","0.743","328","0.3266331658291457","0","777","229.1482412060321","0"
"1","122","2023-06-14","0.3050829205943439","0.2842901667716791","0.0","0.6265377855887522","0.4741971560952229","0.6265377855887522","544","0.544","242","0.6265377855887522","0","549","305.0730947435688","0.20754658197217188","0.19968193751285268","0.0","0.5444646098003629","0.3351482153660012","0.5444646098003629","540","0.54","152","0.5444646098003629","0","549","207.53811252268585","0.0","0.0","0.0","0.0","0.0","0.0","0","0.0","0","0.0","-1","-1","0.0","0"
"2","0","2023-06-14","0.49640565585556806","0.32654562735784276","0.0","0.745965809234702","0.7137721680779677","0.745965809234702","704","0.704","137","0.745965809234702","0","709","496.3808116312515","0.31624349667271706","0.21162221802562475","0.0","0.5381125226860254","0.4201451905626134","0.5381125226860254","700","0.7","140","0.5381125226860254","0","709","316.2277676951002","0.19794974874371987","0.13194781316243417","0.0","0.3165829145728643","0.2864321608040201","0.3165829145728643","694","0.694","707","0.3165829145728643","0","709","197.82663316583026","0"
